Date,Open,High,Low,Close,Volume,Evento
2000-01-03,17098.0,17408.0,16719.0,16930.0,0,0
2000-01-04,16908.0,16908.0,15851.0,15851.0,0,0
2000-01-05,15871.0,16302.0,15350.0,16245.0,0,0
2000-01-06,16237.0,16499.0,15977.0,16107.0,0,0
2000-01-07,16125.0,16449.0,16125.0,16309.0,0,0
2000-01-10,16325.0,17057.0,16325.0,17022.0,0,0
2000-01-11,17045.0,17197.0,16573.0,16573.0,0,0
2000-01-12,16574.0,16724.0,16331.0,16617.0,0,0
2000-01-13,16663.0,17715.0,16663.0,17298.0,0,0
2000-01-14,17306.0,17800.0,17306.0,17658.0,0,0
2000-01-17,17678.0,18099.0,17678.0,18053.0,0,0
2000-01-18,18062.0,18062.0,17625.0,17903.0,0,0
2000-01-19,17905.0,18075.0,17470.0,17470.0,0,0
2000-01-20,17487.0,17622.0,17029.0,17177.0,0,0
2000-01-21,17188.0,17372.0,16901.0,17034.0,0,0
2000-01-24,17049.0,17263.0,16972.0,16972.0,0,0
2000-01-26,16972.0,17105.0,16727.0,17105.0,0,0
2000-01-27,17114.0,17422.0,17081.0,17081.0,0,0
2000-01-28,17150.0,17252.0,16547.0,16734.0,0,0
2000-01-31,16744.0,16749.0,16167.0,16388.0,0,0
2000-02-01,16389.0,16675.0,16389.0,16522.0,0,0
2000-02-02,16546.0,16875.0,16546.0,16868.0,0,0
2000-02-03,16892.0,17457.0,16892.0,17457.0,0,0
2000-02-04,17471.0,17962.0,17471.0,17932.0,0,0
2000-02-07,17937.0,18126.0,17746.0,18126.0,0,0
2000-02-08,18249.0,18729.0,18249.0,18686.0,0,0
2000-02-09,18759.0,18886.0,18224.0,18361.0,0,0
2000-02-10,18367.0,18672.0,18155.0,18604.0,0,0
2000-02-11,18635.0,18775.0,18027.0,18083.0,0,0
2000-02-14,18083.0,18264.0,17746.0,17819.0,0,0
2000-02-15,17818.0,17932.0,17451.0,17921.0,0,0
2000-02-16,17921.0,18247.0,17743.0,18112.0,0,0
2000-02-17,18116.0,18297.0,17979.0,17979.0,0,0
2000-02-18,17979.0,18008.0,17489.0,17625.0,0,0
2000-02-21,17626.0,17887.0,17364.0,17700.0,0,0
2000-02-22,17698.0,17913.0,17466.0,17489.0,0,0
2000-02-23,17489.0,17855.0,17479.0,17833.0,0,0
2000-02-24,17846.0,18119.0,17706.0,17776.0,0,0
2000-02-25,17784.0,17988.0,17758.0,17787.0,0,0
2000-02-28,17787.0,17787.0,17383.0,17543.0,0,0
2000-02-29,17545.0,17818.0,17545.0,17660.0,0,0
2000-03-01,17668.0,17953.0,17655.0,17953.0,0,0
2000-03-02,17966.0,18154.0,17809.0,18016.0,0,0
2000-03-03,18016.0,18632.0,18016.0,18632.0,0,0
2000-03-08,18617.0,18617.0,18184.0,18283.0,0,0
2000-03-09,18285.0,18650.0,18285.0,18650.0,0,0
2000-03-10,18650.0,18720.0,18233.0,18280.0,0,0
2000-03-13,18279.0,18279.0,17506.0,17595.0,0,0
2000-03-14,17595.0,17941.0,17222.0,17222.0,0,0
2000-03-15,17229.0,17469.0,16922.0,17382.0,0,0
2000-03-16,17397.0,17661.0,17397.0,17642.0,0,0
2000-03-17,17654.0,17733.0,17470.0,17511.0,0,0
2000-03-20,17511.0,17733.0,17435.0,17526.0,0,0
2000-03-21,17528.0,18343.0,17510.0,18343.0,0,0
2000-03-22,18346.0,18860.0,18314.0,18314.0,0,0
2000-03-23,18314.0,18644.0,18183.0,18331.0,0,0
2000-03-24,18332.0,18692.0,18332.0,18675.0,0,0
2000-03-27,18675.0,19047.0,18533.0,18951.0,0,0
2000-03-28,18952.0,18960.0,18335.0,18338.0,0,0
2000-03-29,18339.0,18575.0,17973.0,18053.0,0,0
2000-03-30,18053.0,18053.0,17455.0,17647.0,0,0
2000-03-31,17660.0,17950.0,17560.0,17820.0,0,0
2000-04-03,17826.0,17826.0,17173.0,17245.0,0,0
2000-04-04,17253.0,17450.0,16095.0,16758.0,0,0
2000-04-05,16762.0,17043.0,16230.0,16714.0,0,0
2000-04-06,16719.0,17152.0,16719.0,17146.0,0,0
2000-04-07,17150.0,17514.0,17150.0,17514.0,0,0
2000-04-10,17519.0,17572.0,16782.0,16783.0,0,0
2000-04-11,16787.0,16867.0,16309.0,16539.0,0,0
2000-04-12,16542.0,16785.0,16311.0,16323.0,0,0
2000-04-13,16325.0,16605.0,15501.0,15501.0,0,0
2000-04-14,15501.0,15501.0,14596.0,14794.0,0,0
2000-04-17,14761.0,14821.0,14029.0,14816.0,0,0
2000-04-18,14817.0,15469.0,14767.0,15408.0,0,0
2000-04-19,15438.0,15536.0,14850.0,14926.0,0,0
2000-04-20,14938.0,15204.0,14938.0,15203.0,0,0
2000-04-24,15204.0,15225.0,14625.0,14794.0,0,0
2000-04-25,14798.0,15403.0,14798.0,15401.0,0,0
2000-04-26,15401.0,15517.0,15268.0,15446.0,0,0
2000-04-27,15446.0,15487.0,14835.0,15440.0,0,0
2000-04-28,15450.0,15907.0,15450.0,15538.0,0,0
2000-05-02,15596.0,15944.0,15523.0,15524.0,0,0
2000-05-03,15525.0,15525.0,14980.0,15109.0,0,0
2000-05-04,15111.0,15144.0,14873.0,14970.0,0,0
2000-05-05,14967.0,15218.0,14811.0,15218.0,0,0
2000-05-08,15220.0,15223.0,14867.0,14891.0,0,0
2000-05-09,14897.0,15041.0,14412.0,14582.0,0,0
2000-05-10,14570.0,14586.0,14238.0,14434.0,0,0
2000-05-11,14447.0,14723.0,14398.0,14499.0,0,0
2000-05-12,14496.0,14638.0,14350.0,14459.0,0,0
2000-05-15,14469.0,15070.0,14397.0,15056.0,0,0
2000-05-16,15074.0,15445.0,15074.0,15360.0,0,0
2000-05-17,15361.0,15361.0,14856.0,14871.0,0,0
2000-05-18,14876.0,14973.0,14620.0,14627.0,0,0
2000-05-19,14594.0,14619.0,13920.0,14327.0,0,0
2000-05-22,14330.0,14369.0,13583.0,13891.0,0,0
2000-05-23,13891.0,14145.0,13583.0,13587.0,0,0
2000-05-24,13592.0,14197.0,13556.0,14166.0,0,0
2000-05-25,14187.0,14499.0,14027.0,14186.0,0,0
2000-05-26,14204.0,14549.0,14172.0,14542.0,0,0
2000-05-29,14541.0,14858.0,14541.0,14773.0,0,0
2000-05-30,14815.0,15308.0,14815.0,15249.0,0,0
2000-05-31,15251.0,15328.0,14931.0,14957.0,0,1
2000-06-01,14967.0,15473.0,14967.0,15450.0,0,0
2000-06-02,15518.0,16261.0,15518.0,16222.0,0,0
2000-06-05,16222.0,16312.0,15975.0,16023.0,0,0
2000-06-06,16018.0,16173.0,15827.0,15947.0,0,0
2000-06-07,15955.0,16278.0,15709.0,16272.0,0,0
2000-06-08,16286.0,16640.0,16227.0,16399.0,0,0
2000-06-09,16421.0,16561.0,16200.0,16342.0,0,0
2000-06-12,16351.0,16365.0,16084.0,16097.0,0,0
2000-06-13,16100.0,16360.0,16075.0,16354.0,0,0
2000-06-14,16365.0,16523.0,16135.0,16366.0,0,0
2000-06-15,16369.0,16630.0,16325.0,16561.0,0,0
2000-06-16,16567.0,16598.0,16379.0,16425.0,0,0
2000-06-19,16423.0,16863.0,16411.0,16850.0,0,0
2000-06-20,16854.0,16952.0,16708.0,16844.0,0,0
2000-06-21,16854.0,17396.0,16834.0,17254.0,0,0
2000-06-23,16977.0,17266.0,16910.0,16977.0,0,0
2000-06-26,16977.0,17019.0,16685.0,16745.0,0,0
2000-06-27,16743.0,16780.0,16388.0,16512.0,0,0
2000-06-28,16532.0,17101.0,16493.0,16842.0,0,0
2000-06-29,16830.0,16850.0,16329.0,16407.0,0,0
2000-06-30,16404.0,16836.0,16400.0,16728.0,0,0
2000-07-03,16747.0,17099.0,16743.0,17089.0,0,2
2000-07-04,17106.0,17340.0,17088.0,17279.0,0,0
2000-07-05,17285.0,17362.0,17086.0,17135.0,0,0
2000-07-06,17148.0,17366.0,17024.0,17348.0,0,0
2000-07-07,17352.0,17754.0,17352.0,17599.0,0,0
2000-07-10,17620.0,17795.0,17444.0,17472.0,0,0
2000-07-11,17473.0,17473.0,16827.0,16881.0,0,0
2000-07-12,16893.0,17176.0,16693.0,17053.0,0,0
2000-07-13,17057.0,17383.0,16416.0,16444.0,0,0
2000-07-14,16439.0,16885.0,16390.0,16881.0,0,0
2000-07-17,16890.0,17395.0,16890.0,17388.0,0,0
2000-07-18,17379.0,17566.0,17281.0,17369.0,0,0
2000-07-19,17354.0,17358.0,16868.0,16928.0,0,0
2000-07-20,16951.0,17353.0,16951.0,17204.0,0,0
2000-07-21,17207.0,17365.0,17071.0,17318.0,0,0
2000-07-24,17314.0,17588.0,17314.0,17386.0,0,0
2000-07-25,17390.0,17530.0,17046.0,17049.0,0,0
2000-07-26,17049.0,17211.0,16840.0,17121.0,0,0
2000-07-27,17121.0,17225.0,16923.0,16949.0,0,0
2000-07-28,16949.0,17039.0,16448.0,16486.0,0,0
2000-07-31,16487.0,16713.0,16455.0,16455.0,0,2
2000-08-01,16475.0,16591.0,16127.0,16290.0,0,0
2000-08-02,16284.0,16535.0,16121.0,16314.0,0,0
2000-08-03,16248.0,16761.0,16073.0,16721.0,0,0
2000-08-04,16727.0,16907.0,16716.0,16761.0,0,0
2000-08-07,16772.0,17014.0,16769.0,16996.0,0,0
2000-08-08,17005.0,17062.0,16858.0,16885.0,0,0
2000-08-09,16894.0,16977.0,16511.0,16534.0,0,0
2000-08-10,16519.0,17023.0,16501.0,16835.0,0,0
2000-08-11,16846.0,17395.0,16705.0,17395.0,0,0
2000-08-14,17402.0,17926.0,17334.0,17811.0,0,0
2000-08-15,17811.0,17910.0,17690.0,17744.0,0,0
2000-08-16,17741.0,17771.0,17275.0,17331.0,0,0
2000-08-17,17326.0,17858.0,17321.0,17703.0,0,0
2000-08-18,17703.0,17780.0,17258.0,17314.0,0,0
2000-08-21,17317.0,17420.0,17066.0,17083.0,0,0
2000-08-22,17086.0,17428.0,17086.0,17224.0,0,0
2000-08-23,17253.0,17455.0,17137.0,17450.0,0,0
2000-08-24,17454.0,17454.0,17187.0,17311.0,0,0
2000-08-25,17316.0,17668.0,17316.0,17643.0,0,0
2000-08-28,17657.0,17686.0,17380.0,17460.0,0,0
2000-08-29,17454.0,17490.0,17235.0,17355.0,0,0
2000-08-30,17359.0,17563.0,17309.0,17414.0,0,0
2000-08-31,17417.0,17563.0,17327.0,17347.0,0,0
2000-09-01,17360.0,17577.0,17360.0,17577.0,0,0
2000-09-04,17577.0,17716.0,17569.0,17613.0,0,0
2000-09-05,17614.0,17639.0,17417.0,17425.0,0,0
2000-09-06,17442.0,17648.0,17442.0,17590.0,0,0
2000-09-08,17594.0,17692.0,17428.0,17433.0,0,2
2000-09-11,17443.0,17475.0,17236.0,17288.0,0,0
2000-09-12,17285.0,17304.0,16883.0,16883.0,0,0
2000-09-13,16888.0,17092.0,16877.0,16999.0,0,0
2000-09-14,17032.0,17108.0,16731.0,16769.0,0,0
2000-09-15,16771.0,16771.0,16515.0,16563.0,0,0
2000-09-18,16562.0,16609.0,15913.0,15913.0,0,0
2000-09-19,15923.0,16189.0,15824.0,16188.0,0,0
2000-09-20,16196.0,16216.0,15813.0,16078.0,0,0
2000-09-21,16065.0,16172.0,15946.0,16146.0,0,0
2000-09-22,16093.0,16426.0,15705.0,16353.0,0,0
2000-09-25,16361.0,16521.0,16318.0,16319.0,0,0
2000-09-26,16319.0,16468.0,16196.0,16255.0,0,0
2000-09-27,16289.0,16404.0,15745.0,15848.0,0,0
2000-09-28,15849.0,16041.0,15657.0,16014.0,0,0
2000-09-29,16020.0,16135.0,15821.0,15928.0,0,0
2000-10-02,15950.0,16090.0,15537.0,15559.0,0,0
2000-10-03,15562.0,15917.0,15562.0,15633.0,0,0
2000-10-04,15653.0,15883.0,15651.0,15876.0,0,0
2000-10-05,15876.0,16398.0,15876.0,16362.0,0,0
2000-10-06,16370.0,16404.0,15817.0,15946.0,0,0
2000-10-09,15946.0,15975.0,15617.0,15855.0,0,0
2000-10-10,15846.0,16008.0,15726.0,15747.0,0,0
2000-10-11,15738.0,15738.0,15463.0,15526.0,0,0
2000-10-13,15441.0,15441.0,15067.0,15385.0,0,0
2000-10-16,15387.0,15585.0,15214.0,15242.0,0,0
2000-10-17,15267.0,15386.0,14841.0,14870.0,0,0
2000-10-18,14837.0,14837.0,14218.0,14421.0,0,0
2000-10-19,14490.0,14869.0,14490.0,14845.0,0,0
2000-10-20,14846.0,14918.0,14490.0,14529.0,0,0
2000-10-23,14533.0,14535.0,13982.0,13990.0,0,0
2000-10-24,14014.0,14161.0,13672.0,13799.0,0,0
2000-10-25,13796.0,13927.0,13571.0,13665.0,0,0
2000-10-26,13705.0,14223.0,13679.0,14223.0,0,0
2000-10-27,14251.0,14700.0,14251.0,14692.0,0,0
2000-10-30,14707.0,14951.0,14489.0,14891.0,0,0
2000-10-31,14916.0,15099.0,14859.0,14867.0,0,0
2000-11-01,14858.0,14859.0,14571.0,14791.0,0,0
2000-11-03,14785.0,14925.0,14425.0,14534.0,0,0
2000-11-06,14534.0,14868.0,14478.0,14801.0,0,0
2000-11-07,14780.0,15029.0,14543.0,14969.0,0,0
2000-11-08,14982.0,15191.0,14650.0,14656.0,0,0
2000-11-09,14667.0,14782.0,14409.0,14524.0,0,0
2000-11-10,14542.0,14701.0,14449.0,14626.0,0,0
2000-11-13,14606.0,14609.0,14199.0,14372.0,0,0
2000-11-14,14395.0,14632.0,14395.0,14540.0,0,0
2000-11-16,14546.0,14575.0,14419.0,14490.0,0,0
2000-11-17,14479.0,14570.0,14091.0,14323.0,0,0
2000-11-20,14323.0,14535.0,14103.0,14500.0,0,0
2000-11-21,14497.0,14845.0,14487.0,14784.0,0,0
2000-11-22,14766.0,14766.0,14555.0,14577.0,0,0
2000-11-23,14579.0,14604.0,14187.0,14314.0,0,0
2000-11-24,14316.0,14413.0,12969.0,14336.0,0,0
2000-11-27,14340.0,14495.0,13941.0,14008.0,0,0
2000-11-28,14011.0,14011.0,13756.0,13914.0,0,0
2000-11-29,13921.0,14074.0,13782.0,13788.0,0,0
2000-11-30,13779.0,13779.0,13287.0,13287.0,0,0
2000-12-01,13303.0,13578.0,13282.0,13437.0,0,0
2000-12-04,13396.0,13538.0,13242.0,13510.0,0,0
2000-12-05,13513.0,14188.0,13513.0,14182.0,0,0
2000-12-06,14180.0,14277.0,13945.0,13945.0,0,0
2000-12-07,13947.0,14460.0,13918.0,14460.0,0,0
2000-12-08,14462.0,15062.0,14461.0,14983.0,0,0
2000-12-11,14991.0,15355.0,14991.0,15188.0,0,0
2000-12-12,15186.0,15186.0,14869.0,14906.0,0,0
2000-12-13,14916.0,15389.0,14900.0,15291.0,0,0
2000-12-14,15261.0,15329.0,15080.0,15259.0,0,0
2000-12-15,15253.0,15253.0,14833.0,14988.0,0,0
2000-12-18,15002.0,15282.0,14093.0,15083.0,0,0
2000-12-19,15085.0,15415.0,15085.0,15336.0,0,0
2000-12-20,15306.0,15328.0,14618.0,14622.0,0,0
2000-12-21,14727.0,14958.0,14461.0,14505.0,0,0
2000-12-22,14533.0,14802.0,14532.0,14652.0,0,0
2000-12-26,14663.0,14851.0,14659.0,14795.0,0,0
2000-12-27,14805.0,15223.0,14805.0,15186.0,0,0
2000-12-28,15188.0,15269.0,15132.0,15259.0,0,0
2001-01-02,15242.0,15621.0,15174.0,15425.0,0,1
2001-01-03,15425.0,16599.0,15251.0,16599.0,0,0
2001-01-04,16597.0,16933.0,16587.0,16675.0,0,0
2001-01-05,16679.0,16888.0,16380.0,16410.0,0,0
2001-01-08,16398.0,16623.0,16226.0,16562.0,0,0
2001-01-09,16566.0,17096.0,16566.0,16976.0,0,0
2001-01-10,16964.0,17093.0,16701.0,16919.0,0,0
2001-01-11,16908.0,17045.0,16797.0,17024.0,0,0
2001-01-12,17034.0,17212.0,16821.0,16850.0,0,0
2001-01-15,16858.0,17038.0,16858.0,16963.0,0,0
2001-01-16,16973.0,17035.0,16662.0,16721.0,0,0
2001-01-17,16748.0,17255.0,16745.0,17191.0,0,0
2001-01-18,17204.0,17642.0,17151.0,17521.0,0,0
2001-01-19,17525.0,17816.0,17512.0,17530.0,0,0
2001-01-22,17548.0,17578.0,17297.0,17392.0,0,1
2001-01-23,17381.0,17864.0,17376.0,17832.0,0,0
2001-01-24,17849.0,18022.0,17698.0,17772.0,0,0
2001-01-26,17776.0,17933.0,17591.0,17889.0,0,0
2001-01-29,17906.0,18023.0,17704.0,17883.0,0,0
2001-01-30,17882.0,17898.0,17668.0,17723.0,0,0
2001-01-31,17725.0,17921.0,17637.0,17673.0,0,2
2001-02-01,17670.0,17673.0,16977.0,17039.0,0,0
2001-02-02,17027.0,17206.0,16781.0,16915.0,0,0
2001-02-05,16914.0,16941.0,16539.0,16731.0,0,0
2001-02-06,16734.0,17017.0,16734.0,17007.0,0,0
2001-02-07,17003.0,17003.0,16630.0,16812.0,0,0
2001-02-08,16814.0,17279.0,16814.0,17243.0,0,0
2001-02-09,17257.0,17270.0,17050.0,17138.0,0,0
2001-02-12,17163.0,17234.0,16883.0,16917.0,0,0
2001-02-13,16922.0,17174.0,16883.0,17096.0,0,0
2001-02-14,17078.0,17286.0,16890.0,17120.0,0,0
2001-02-15,17121.0,17262.0,16922.0,16937.0,0,2
2001-02-16,16934.0,16950.0,16100.0,16259.0,0,0
2001-02-19,16263.0,16392.0,16023.0,16061.0,0,0
2001-02-20,16066.0,16242.0,15783.0,15911.0,0,0
2001-02-21,15909.0,15909.0,15568.0,15594.0,0,0
2001-02-22,15604.0,15914.0,15558.0,15910.0,0,0
2001-02-23,15920.0,16223.0,15831.0,16158.0,0,0
2001-02-28,16158.0,16274.0,15891.0,15891.0,0,0
2001-03-01,15891.0,16439.0,15875.0,16417.0,0,0
2001-03-02,16423.0,16723.0,16233.0,16581.0,0,0
2001-03-05,16620.0,16737.0,16471.0,16537.0,0,0
2001-03-06,16573.0,16813.0,16279.0,16324.0,0,0
2001-03-07,16329.0,16430.0,16223.0,16395.0,0,0
2001-03-08,16401.0,16531.0,16096.0,16227.0,0,0
2001-03-09,16233.0,16248.0,16018.0,16123.0,0,0
2001-03-12,16125.0,16143.0,15523.0,15527.0,0,0
2001-03-13,15536.0,15768.0,15444.0,15584.0,0,0
2001-03-14,15583.0,15583.0,15070.0,15245.0,0,0
2001-03-15,15252.0,15482.0,14977.0,15061.0,0,0
2001-03-16,15076.0,15356.0,15047.0,15237.0,0,0
2001-03-19,15249.0,15378.0,14802.0,14836.0,0,0
2001-03-20,14854.0,16429.0,14854.0,14903.0,0,0
2001-03-21,14914.0,15198.0,14755.0,14853.0,0,0
2001-03-22,14847.0,14847.0,13761.0,14067.0,0,0
2001-03-23,14070.0,14435.0,13855.0,14435.0,0,0
2001-03-26,14443.0,14912.0,14443.0,14712.0,0,0
2001-03-27,14733.0,14951.0,14594.0,14835.0,0,0
2001-03-28,14846.0,14852.0,14574.0,14632.0,0,0
2001-03-29,14647.0,14713.0,14226.0,14282.0,0,0
2001-03-30,14292.0,14438.0,13922.0,14438.0,0,0
2001-04-02,14441.0,14482.0,13981.0,13981.0,0,0
2001-04-03,13988.0,14001.0,13664.0,13737.0,0,0
2001-04-04,13740.0,14135.0,13740.0,13855.0,0,0
2001-04-05,13865.0,14482.0,13865.0,14443.0,0,0
2001-04-06,14428.0,14702.0,14371.0,14485.0,0,0
2001-04-09,14489.0,14719.0,14446.0,14719.0,0,0
2001-04-10,14725.0,15097.0,14725.0,15048.0,0,0
2001-04-11,15057.0,15267.0,14724.0,14819.0,0,0
2001-04-12,14811.0,14969.0,14490.0,14969.0,0,0
2001-04-16,14974.0,14976.0,14385.0,14445.0,0,0
2001-04-17,14443.0,14555.0,14223.0,14337.0,0,0
2001-04-18,14345.0,15151.0,14323.0,14955.0,0,0
2001-04-19,14956.0,15017.0,14420.0,14431.0,0,0
2001-04-20,14408.0,14408.0,13618.0,13696.0,0,0
2001-04-23,13734.0,13893.0,13325.0,13893.0,0,0
2001-04-24,13894.0,14207.0,13894.0,14068.0,0,0
2001-04-25,14062.0,14223.0,13785.0,14163.0,0,0
2001-04-26,14204.0,14770.0,14202.0,14757.0,0,0
2001-04-27,14752.0,15135.0,14752.0,14928.0,0,0
2001-04-30,14944.0,15210.0,14838.0,14918.0,0,0
2001-05-02,14877.0,14920.0,14636.0,14897.0,0,0
2001-05-03,14906.0,15142.0,14762.0,15142.0,0,0
2001-05-04,15142.0,15304.0,15041.0,15093.0,0,0
2001-05-07,15103.0,15222.0,14862.0,14875.0,0,0
2001-05-08,14861.0,14958.0,14656.0,14747.0,0,0
2001-05-09,14717.0,14867.0,14576.0,14779.0,0,0
2001-05-10,14796.0,15117.0,14796.0,14993.0,0,0
2001-05-11,15012.0,15018.0,14410.0,14493.0,0,0
2001-05-14,14499.0,14507.0,14104.0,14237.0,0,0
2001-05-15,14141.0,14314.0,14110.0,14226.0,0,0
2001-05-16,14256.0,14738.0,14256.0,14714.0,0,0
2001-05-17,14727.0,15095.0,14725.0,14794.0,0,0
2001-05-18,14848.0,15012.0,14800.0,14884.0,0,0
2001-05-21,14871.0,15158.0,14807.0,15128.0,0,0
2001-05-22,15142.0,15197.0,14794.0,14829.0,0,0
2001-05-23,14829.0,14905.0,14627.0,14692.0,0,0
2001-05-24,14694.0,14834.0,14431.0,14523.0,0,0
2001-05-25,14523.0,14589.0,14179.0,14310.0,0,0
2001-05-28,14328.0,14439.0,14056.0,14302.0,0,0
2001-05-29,14302.0,14489.0,14301.0,14454.0,0,0
2001-05-30,14459.0,14579.0,14347.0,14489.0,0,0
2001-05-31,14514.0,14724.0,14508.0,14650.0,0,0
2001-06-01,14654.0,14792.0,14409.0,14792.0,0,0
2001-06-04,14798.0,15141.0,14798.0,15104.0,0,0
2001-06-05,15107.0,15406.0,15032.0,15395.0,0,0
2001-06-06,15393.0,15569.0,15268.0,15329.0,0,0
2001-06-07,15319.0,15546.0,15201.0,15464.0,0,0
2001-06-08,15469.0,15644.0,15355.0,15366.0,0,0
2001-06-11,15291.0,15397.0,15159.0,15224.0,0,0
2001-06-12,15238.0,15238.0,14956.0,15173.0,0,0
2001-06-13,15175.0,15600.0,15175.0,15403.0,0,0
2001-06-15,15386.0,15386.0,14964.0,14985.0,0,0
2001-06-18,14982.0,14982.0,14333.0,14355.0,0,0
2001-06-19,14375.0,14541.0,14245.0,14401.0,0,0
2001-06-20,14396.0,14599.0,14393.0,14571.0,0,0
2001-06-21,14534.0,14841.0,14506.0,14823.0,0,0
2001-06-22,14870.0,15104.0,14677.0,14682.0,0,0
2001-06-25,14682.0,14871.0,14479.0,14540.0,0,0
2001-06-26,14521.0,14620.0,14401.0,14460.0,0,0
2001-06-27,14477.0,14630.0,14265.0,14308.0,0,0
2001-06-28,14321.0,14426.0,14164.0,14391.0,0,0
2001-06-29,14412.0,14640.0,14376.0,14560.0,0,0
2001-07-02,14579.0,14659.0,14483.0,14555.0,0,2
2001-07-03,14561.0,14771.0,14325.0,14353.0,0,2
2001-07-04,14352.0,14395.0,13980.0,14056.0,0,0
2001-07-05,14084.0,14281.0,13943.0,14048.0,0,0
2001-07-06,14030.0,14062.0,13788.0,13907.0,0,0
2001-07-10,13930.0,14060.0,13564.0,13570.0,0,0
2001-07-11,13508.0,13853.0,13361.0,13812.0,0,0
2001-07-12,13812.0,13987.0,13636.0,13916.0,0,0
2001-07-13,13907.0,14087.0,13737.0,14078.0,0,0
2001-07-16,14081.0,14120.0,13811.0,13811.0,0,0
2001-07-17,13813.0,14218.0,13813.0,14169.0,0,0
2001-07-18,14171.0,14236.0,13778.0,13791.0,0,0
2001-07-19,13795.0,13953.0,13641.0,13762.0,0,0
2001-07-20,13766.0,14092.0,13659.0,14092.0,0,0
2001-07-23,14108.0,14239.0,14058.0,14068.0,0,0
2001-07-24,14049.0,14106.0,13725.0,13738.0,0,0
2001-07-25,13738.0,13956.0,13679.0,13956.0,0,0
2001-07-26,13963.0,13980.0,13736.0,13810.0,0,0
2001-07-27,13825.0,13910.0,13759.0,13910.0,0,0
2001-07-30,13948.0,14117.0,13704.0,13704.0,0,0
2001-07-31,13703.0,13830.0,13639.0,13754.0,0,0
2001-08-01,13757.0,13837.0,13606.0,13743.0,0,0
2001-08-02,13746.0,13846.0,13690.0,13823.0,0,0
2001-08-03,13840.0,13902.0,13733.0,13838.0,0,0
2001-08-06,13856.0,14067.0,13854.0,14047.0,0,0
2001-08-07,14049.0,14143.0,14003.0,14036.0,0,0
2001-08-08,14036.0,14113.0,13917.0,13919.0,0,0
2001-08-09,13921.0,13930.0,13705.0,13834.0,0,0
2001-08-10,13836.0,13920.0,13738.0,13915.0,0,0
2001-08-13,13914.0,13929.0,13716.0,13771.0,0,0
2001-08-14,13770.0,13841.0,13732.0,13829.0,0,0
2001-08-15,13834.0,13856.0,13615.0,13659.0,0,0
2001-08-16,13686.0,13722.0,13415.0,13509.0,0,0
2001-08-17,13507.0,13507.0,13010.0,13044.0,0,0
2001-08-20,13044.0,13228.0,12916.0,13115.0,0,0
2001-08-21,13122.0,13186.0,12886.0,12892.0,0,0
2001-08-22,12907.0,13161.0,12853.0,12952.0,0,0
2001-08-23,12961.0,13013.0,12703.0,12751.0,0,0
2001-08-24,12749.0,13007.0,12681.0,13001.0,0,0
2001-08-27,13000.0,13048.0,12849.0,12996.0,0,0
2001-08-28,13005.0,13114.0,12942.0,13018.0,0,0
2001-08-29,13040.0,13182.0,13012.0,13077.0,0,0
2001-08-30,13074.0,13114.0,12798.0,12892.0,0,0
2001-08-31,12906.0,12949.0,12789.0,12841.0,0,0
2001-09-03,12849.0,12863.0,12696.0,12800.0,0,0
2001-09-04,12812.0,12947.0,12767.0,12767.0,0,0
2001-09-05,12767.0,12768.0,12462.0,12591.0,0,0
2001-09-06,12594.0,12599.0,12251.0,12255.0,0,0
2001-09-10,12238.0,12238.0,11901.0,11922.0,0,0
2001-09-12,10773.0,11319.0,10706.0,11113.0,0,0
2001-09-13,11127.0,11156.0,10290.0,10306.0,0,0
2001-09-14,10262.0,10271.0,9533.0,10034.0,0,0
2001-09-17,10032.0,10577.0,10032.0,10550.0,0,0
2001-09-18,10543.0,10708.0,10321.0,10554.0,0,0
2001-09-19,10560.0,10836.0,10485.0,10745.0,0,0
2001-09-20,10719.0,10719.0,10470.0,10543.0,0,1
2001-09-21,10493.0,10493.0,9890.0,10419.0,0,0
2001-09-24,10453.0,10694.0,10453.0,10533.0,0,0
2001-09-25,10539.0,10596.0,10195.0,10229.0,0,0
2001-09-26,10227.0,10274.0,9893.0,10006.0,0,0
2001-09-27,9996.0,10462.0,9705.0,10405.0,0,0
2001-09-28,10412.0,10714.0,10412.0,10636.0,0,0
2001-10-01,10633.0,10633.0,10354.0,10501.0,0,0
2001-10-02,10492.0,10556.0,10299.0,10351.0,0,0
2001-10-03,10356.0,10356.0,10189.0,10233.0,0,0
2001-10-04,10241.0,10329.0,10026.0,10062.0,0,0
2001-10-05,10068.0,10271.0,9985.0,10197.0,0,0
2001-10-08,10120.0,10175.0,9986.0,10095.0,0,0
2001-10-09,10109.0,10323.0,10103.0,10284.0,0,0
2001-10-10,10284.0,10462.0,10255.0,10462.0,0,0
2001-10-11,10462.0,10790.0,10461.0,10785.0,0,0
2001-10-15,10775.0,11330.0,10695.0,11329.0,0,0
2001-10-16,11326.0,11475.0,11165.0,11258.0,0,0
2001-10-17,11287.0,11485.0,11166.0,11271.0,0,0
2001-10-18,11260.0,11263.0,10948.0,10995.0,0,0
2001-10-19,11003.0,11413.0,10894.0,11332.0,0,0
2001-10-22,11343.0,11725.0,11293.0,11700.0,0,0
2001-10-23,11699.0,11803.0,11584.0,11613.0,0,0
2001-10-24,11611.0,11666.0,11430.0,11468.0,0,0
2001-10-25,11459.0,11783.0,11307.0,11724.0,0,0
2001-10-26,11725.0,11924.0,11715.0,11781.0,0,0
2001-10-29,11784.0,11784.0,11331.0,11377.0,0,0
2001-10-30,11334.0,11396.0,11024.0,11024.0,0,0
2001-10-31,11057.0,11365.0,11047.0,11365.0,0,0
2001-11-01,11362.0,11498.0,11177.0,11388.0,0,0
2001-11-05,11389.0,12177.0,11389.0,12165.0,0,0
2001-11-06,12154.0,12481.0,12139.0,12416.0,0,0
2001-11-07,12405.0,12982.0,12331.0,12616.0,0,0
2001-11-08,12633.0,12892.0,12473.0,12554.0,0,0
2001-11-09,12542.0,12778.0,12412.0,12731.0,0,0
2001-11-12,12729.0,12767.0,12233.0,12567.0,0,0
2001-11-13,12591.0,13094.0,12591.0,12918.0,0,2
2001-11-14,12928.0,13077.0,12746.0,12826.0,0,0
2001-11-16,12838.0,13046.0,12807.0,12883.0,0,0
2001-11-19,12906.0,13137.0,12902.0,12987.0,0,0
2001-11-20,12992.0,12998.0,12619.0,12638.0,0,0
2001-11-21,12646.0,12832.0,12560.0,12794.0,0,0
2001-11-22,12794.0,13056.0,12794.0,13019.0,0,0
2001-11-23,13037.0,13529.0,13037.0,13424.0,0,0
2001-11-26,13443.0,13760.0,13443.0,13760.0,0,0
2001-11-27,13771.0,13791.0,13490.0,13603.0,0,2
2001-11-28,13553.0,13553.0,12913.0,13019.0,0,0
2001-11-29,13019.0,13187.0,12622.0,12736.0,0,0
2001-11-30,12744.0,13053.0,12704.0,12932.0,0,0
2001-12-03,12914.0,13336.0,12870.0,13336.0,0,0
2001-12-04,13374.0,13565.0,13071.0,13147.0,0,0
2001-12-05,13186.0,13382.0,13103.0,13382.0,0,0
2001-12-06,13382.0,13575.0,13230.0,13539.0,0,0
2001-12-07,13565.0,13662.0,13233.0,13299.0,0,0
2001-12-10,13299.0,13446.0,13193.0,13446.0,0,0
2001-12-11,13455.0,13595.0,13337.0,13348.0,0,0
2001-12-12,13350.0,13576.0,13297.0,13563.0,0,0
2001-12-13,13577.0,13580.0,13144.0,13148.0,0,0
2001-12-14,13129.0,13154.0,12894.0,12959.0,0,0
2001-12-17,12965.0,13063.0,12912.0,12912.0,0,0
2001-12-18,12935.0,13414.0,12924.0,13397.0,0,0
2001-12-19,13405.0,13508.0,13284.0,13290.0,0,0
2001-12-20,13271.0,13271.0,12809.0,12918.0,0,0
2001-12-21,12935.0,13385.0,12935.0,13369.0,0,0
2001-12-26,13367.0,13446.0,13245.0,13358.0,0,0
2001-12-27,13371.0,13823.0,13369.0,13756.0,0,0
2001-12-28,13741.0,13969.0,13510.0,13578.0,0,1
2002-01-02,13586.0,13902.0,13571.0,13872.0,0,0
2002-01-03,14125.0,14286.0,14121.0,14265.0,0,0
2002-01-04,14250.0,14358.0,14103.0,14332.0,0,0
2002-01-07,14327.0,14413.0,14273.0,14379.0,0,0
2002-01-08,14385.0,14385.0,14099.0,14168.0,0,0
2002-01-09,14157.0,14190.0,13919.0,14021.0,0,0
2002-01-10,14010.0,14010.0,13511.0,13570.0,0,0
2002-01-11,13554.0,13835.0,13554.0,13587.0,0,0
2002-01-14,13594.0,13601.0,13068.0,13122.0,0,0
2002-01-15,13131.0,13362.0,12937.0,13011.0,0,0
2002-01-16,13006.0,13186.0,12941.0,13084.0,0,0
2002-01-17,13109.0,13359.0,13109.0,13337.0,0,0
2002-01-18,13340.0,13407.0,13262.0,13373.0,0,0
2002-01-21,13367.0,13367.0,13134.0,13155.0,0,2
2002-01-22,13177.0,13331.0,12956.0,13004.0,0,0
2002-01-23,13025.0,13285.0,12982.0,13232.0,0,0
2002-01-24,13239.0,13309.0,13147.0,13162.0,0,0
2002-01-28,13161.0,13215.0,12990.0,13002.0,0,2
2002-01-29,13010.0,13182.0,12476.0,12501.0,0,0
2002-01-30,12512.0,12627.0,12301.0,12532.0,0,0
2002-01-31,12563.0,12812.0,12561.0,12721.0,0,0
2002-02-01,12723.0,12783.0,12567.0,12659.0,0,0
2002-02-04,12648.0,12655.0,12416.0,12513.0,0,0
2002-02-05,12557.0,12778.0,12415.0,12748.0,0,0
2002-02-06,12751.0,12883.0,12666.0,12751.0,0,0
2002-02-07,12752.0,12774.0,12684.0,12684.0,0,0
2002-02-08,12684.0,12693.0,12591.0,12598.0,0,0
2002-02-13,12599.0,12961.0,12504.0,12961.0,0,1
2002-02-14,12962.0,13245.0,12908.0,13245.0,0,0
2002-02-15,13222.0,13300.0,13169.0,13300.0,0,0
2002-02-18,13208.0,13238.0,13027.0,13122.0,0,0
2002-02-19,13125.0,13245.0,12984.0,12992.0,0,0
2002-02-20,13001.0,13330.0,12919.0,13303.0,0,0
2002-02-21,13328.0,13677.0,13328.0,13530.0,0,1
2002-02-22,13535.0,13641.0,13513.0,13563.0,0,0
2002-02-25,13567.0,14005.0,13567.0,13978.0,0,0
2002-02-26,13975.0,14053.0,13832.0,13964.0,0,0
2002-02-27,13978.0,14251.0,13978.0,14212.0,0,0
2002-02-28,14216.0,14221.0,14033.0,14033.0,0,0
2002-03-01,14047.0,14355.0,13978.0,14343.0,0,0
2002-03-04,14373.0,14474.0,14100.0,14471.0,0,0
2002-03-05,14455.0,14482.0,14011.0,14011.0,0,0
2002-03-06,14007.0,14007.0,13683.0,13839.0,0,0
2002-03-07,13836.0,14011.0,13640.0,13726.0,0,0
2002-03-08,13783.0,13962.0,13767.0,13962.0,0,0
2002-03-11,13959.0,14032.0,13593.0,13696.0,0,0
2002-03-12,13717.0,14213.0,13710.0,14181.0,0,0
2002-03-13,14191.0,14352.0,14100.0,14244.0,0,0
2002-03-14,14240.0,14337.0,14025.0,14117.0,0,0
2002-03-15,14120.0,14370.0,14089.0,14365.0,0,0
2002-03-18,14366.0,14495.0,14217.0,14245.0,0,0
2002-03-19,14266.0,14330.0,14069.0,14118.0,0,0
2002-03-20,14123.0,14158.0,13895.0,14090.0,0,0
2002-03-21,14086.0,14086.0,13662.0,13717.0,0,0
2002-03-22,13723.0,13726.0,13283.0,13312.0,0,0
2002-03-25,13359.0,13430.0,13183.0,13278.0,0,0
2002-03-26,13309.0,13570.0,13309.0,13570.0,0,0
2002-03-27,13569.0,13579.0,13425.0,13425.0,0,0
2002-03-28,13428.0,13498.0,13226.0,13255.0,0,0
2002-04-01,13256.0,13499.0,13068.0,13467.0,0,0
2002-04-02,13482.0,13535.0,13245.0,13245.0,0,0
2002-04-03,13280.0,13345.0,13061.0,13085.0,0,0
2002-04-04,13090.0,13370.0,13041.0,13360.0,0,0
2002-04-05,13362.0,13445.0,13233.0,13276.0,0,0
2002-04-08,13248.0,13248.0,13114.0,13160.0,0,0
2002-04-09,13165.0,13243.0,13147.0,13195.0,0,0
2002-04-10,13183.0,13445.0,13182.0,13416.0,0,0
2002-04-11,13419.0,13559.0,13385.0,13411.0,0,0
2002-04-12,13418.0,13764.0,13418.0,13751.0,0,0
2002-04-15,13772.0,13822.0,13438.0,13472.0,0,0
2002-04-16,13476.0,13693.0,13476.0,13623.0,0,1
2002-04-17,13633.0,13872.0,13633.0,13732.0,0,0
2002-04-18,13729.0,13729.0,13446.0,13573.0,0,0
2002-04-19,13568.0,13631.0,13448.0,13478.0,0,0
2002-04-22,13484.0,13485.0,13056.0,13224.0,0,0
2002-04-23,13224.0,13302.0,13076.0,13188.0,0,0
2002-04-24,13182.0,13394.0,13176.0,13381.0,0,0
2002-04-25,13384.0,13384.0,13113.0,13273.0,0,0
2002-04-26,13273.0,13367.0,13037.0,13076.0,0,0
2002-04-29,13076.0,13142.0,13032.0,13090.0,0,0
2002-04-30,13096.0,13267.0,13065.0,13085.0,0,0
2002-05-02,13088.0,13090.0,12510.0,12538.0,0,0
2002-05-03,12557.0,12679.0,12431.0,12610.0,0,0
2002-05-06,12594.0,12595.0,12272.0,12430.0,0,0
2002-05-07,12433.0,12631.0,12291.0,12342.0,0,0
2002-05-08,12353.0,12664.0,12353.0,12617.0,0,0
2002-05-09,12602.0,12603.0,12077.0,12102.0,0,0
2002-05-10,12106.0,12180.0,11944.0,12130.0,0,0
2002-05-13,12147.0,12212.0,11943.0,12002.0,0,0
2002-05-14,11999.0,12327.0,11999.0,12204.0,0,0
2002-05-15,12207.0,12468.0,12114.0,12350.0,0,0
2002-05-16,12396.0,12691.0,12396.0,12660.0,0,0
2002-05-17,12665.0,12739.0,12563.0,12699.0,0,0
2002-05-20,12700.0,12770.0,12606.0,12668.0,0,0
2002-05-21,12674.0,12774.0,12627.0,12701.0,0,0
2002-05-22,12697.0,12845.0,12352.0,12368.0,0,1
2002-05-23,12380.0,12561.0,12244.0,12556.0,0,0
2002-05-24,12544.0,12689.0,12445.0,12574.0,0,0
2002-05-27,12578.0,12708.0,12528.0,12698.0,0,0
2002-05-28,12703.0,12861.0,12703.0,12728.0,0,0
2002-05-29,12728.0,13003.0,12720.0,12985.0,0,0
2002-05-31,12992.0,13013.0,12861.0,12861.0,0,0
2002-06-03,12859.0,12919.0,12641.0,12659.0,0,0
2002-06-04,12637.0,12642.0,12493.0,12600.0,0,0
2002-06-05,12580.0,12707.0,12574.0,12590.0,0,0
2002-06-06,12591.0,12595.0,12113.0,12113.0,0,0
2002-06-07,12051.0,12310.0,11955.0,12283.0,0,0
2002-06-10,12306.0,12600.0,12304.0,12600.0,0,0
2002-06-11,12609.0,12686.0,12170.0,12210.0,0,0
2002-06-12,12221.0,12400.0,12058.0,12133.0,0,0
2002-06-13,12133.0,12313.0,11962.0,11962.0,0,0
2002-06-14,11985.0,11985.0,11601.0,11699.0,0,0
2002-06-17,11705.0,11955.0,11705.0,11937.0,0,0
2002-06-18,11942.0,12116.0,11809.0,11821.0,0,0
2002-06-19,11822.0,11901.0,11485.0,11493.0,0,0
2002-06-20,11508.0,11603.0,10894.0,10909.0,0,0
2002-06-21,10917.0,11010.0,10298.0,10398.0,0,0
2002-06-24,10438.0,10814.0,10247.0,10759.0,0,0
2002-06-25,10773.0,10973.0,10597.0,10706.0,0,0
2002-06-26,10676.0,10694.0,10430.0,10691.0,0,0
2002-06-27,10690.0,11013.0,10690.0,11013.0,0,0
2002-06-28,11018.0,11271.0,11018.0,11139.0,0,0
2002-07-01,11138.0,11173.0,10853.0,10892.0,0,0
2002-07-02,10891.0,10908.0,10711.0,10846.0,98006400,0
2002-07-03,10854.0,10868.0,10520.0,10636.0,98006400,0
2002-07-04,10661.0,10721.0,10594.0,10655.0,98006400,0
2002-07-05,10663.0,10668.0,10425.0,10524.0,0,0
2002-07-08,10524.0,10708.0,10506.0,10687.0,0,0
2002-07-10,10690.0,10851.0,10539.0,10556.0,0,0
2002-07-11,10545.0,10810.0,10467.0,10806.0,0,0
2002-07-12,10811.0,10968.0,10213.0,10967.0,0,0
2002-07-15,10966.0,10969.0,10474.0,10633.0,0,0
2002-07-16,10646.0,10743.0,10522.0,10578.0,0,0
2002-07-17,10589.0,10814.0,10589.0,10755.0,0,0
2002-07-18,10755.0,10915.0,10710.0,10813.0,0,0
2002-07-19,10813.0,10813.0,10545.0,10583.0,0,0
2002-07-22,10568.0,10568.0,9879.0,9892.0,0,0
2002-07-23,9900.0,10082.0,9603.0,9746.0,0,0
2002-07-24,9739.0,9973.0,9423.0,9937.0,0,0
2002-07-25,9947.0,9947.0,9486.0,9666.0,0,0
2002-07-26,9672.0,9778.0,9155.0,9217.0,0,0
2002-07-29,9251.0,9673.0,9240.0,9240.0,0,0
2002-07-30,9247.0,9613.0,9188.0,9342.0,0,0
2002-07-31,9346.0,9896.0,9344.0,9763.0,0,0
2002-08-01,9782.0,9864.0,9537.0,9760.0,0,0
2002-08-02,9768.0,9943.0,9738.0,9852.0,0,0
2002-08-05,9848.0,9848.0,9452.0,9470.0,0,0
2002-08-06,9472.0,9795.0,9471.0,9755.0,0,0
2002-08-07,9766.0,10763.0,9649.0,9870.0,0,0
2002-08-08,9911.0,10420.0,9911.0,10316.0,0,0
2002-08-09,10315.0,10315.0,9971.0,9986.0,0,0
2002-08-12,10008.0,10009.0,9687.0,9724.0,0,0
2002-08-13,9724.0,9842.0,9444.0,9444.0,0,0
2002-08-14,9461.0,9587.0,9017.0,9343.0,0,0
2002-08-15,9373.0,9473.0,9161.0,9183.0,0,0
2002-08-16,9213.0,9539.0,9213.0,9526.0,0,0
2002-08-19,9512.0,9657.0,9404.0,9417.0,0,0
2002-08-20,9455.0,9552.0,9258.0,9263.0,0,0
2002-08-21,9270.0,9495.0,9270.0,9438.0,0,0
2002-08-22,9441.0,9703.0,9412.0,9703.0,0,0
2002-08-23,9710.0,9761.0,9594.0,9676.0,0,1
2002-08-26,9690.0,10100.0,9689.0,10098.0,0,0
2002-08-27,10118.0,10389.0,10118.0,10372.0,0,0
2002-08-28,10383.0,10436.0,10231.0,10380.0,0,0
2002-08-29,10351.0,10519.0,10175.0,10455.0,0,0
2002-08-30,10465.0,10604.0,10382.0,10382.0,0,0
2002-09-02,10383.0,10477.0,10312.0,10378.0,0,0
2002-09-03,10365.0,10372.0,10065.0,10136.0,0,0
2002-09-04,10167.0,10174.0,9921.0,9997.0,0,0
2002-09-05,9993.0,9993.0,9709.0,9723.0,0,0
2002-09-06,9739.0,9882.0,9643.0,9717.0,0,0
2002-09-09,9725.0,9955.0,9716.0,9954.0,0,0
2002-09-10,9962.0,10052.0,9841.0,9960.0,0,0
2002-09-11,9967.0,10248.0,9967.0,10182.0,0,0
2002-09-12,10182.0,10188.0,10032.0,10173.0,0,0
2002-09-13,10156.0,10219.0,10086.0,10181.0,0,0
2002-09-16,10171.0,10172.0,9822.0,9831.0,0,0
2002-09-17,9855.0,9943.0,9613.0,9650.0,0,0
2002-09-18,9626.0,9638.0,9399.0,9505.0,0,0
2002-09-19,9512.0,9626.0,9353.0,9372.0,0,0
2002-09-20,9375.0,9638.0,9375.0,9585.0,0,2
2002-09-23,9575.0,9575.0,9137.0,9264.0,0,0
2002-09-24,9245.0,9341.0,9069.0,9148.0,0,0
2002-09-25,9207.0,9357.0,9207.0,9228.0,0,2
2002-09-26,9251.0,9386.0,9170.0,9199.0,0,2
2002-09-27,9200.0,9202.0,8703.0,8716.0,0,0
2002-09-30,8718.0,8720.0,8352.0,8623.0,0,0
2002-10-01,8642.0,9021.0,8637.0,8998.0,0,0
2002-10-02,9011.0,9132.0,8811.0,8820.0,0,0
2002-10-03,8852.0,9170.0,8807.0,9140.0,0,0
2002-10-04,9151.0,9319.0,9092.0,9260.0,0,0
2002-10-07,9268.0,9288.0,8841.0,8863.0,0,0
2002-10-08,8870.0,8909.0,8691.0,8847.0,0,0
2002-10-09,8838.0,9291.0,8604.0,8715.0,0,0
2002-10-10,8708.0,8932.0,8707.0,8866.0,0,0
2002-10-11,8864.0,9042.0,8832.0,8855.0,0,0
2002-10-14,8853.0,8853.0,8430.0,8451.0,0,0
2002-10-15,8452.0,8622.0,8446.0,8507.0,0,0
2002-10-16,8510.0,8513.0,8225.0,8371.0,0,0
2002-10-17,8397.0,8920.0,8397.0,8902.0,0,0
2002-10-18,8902.0,9081.0,8873.0,9022.0,0,0
2002-10-21,9022.0,9161.0,8979.0,9128.0,0,0
2002-10-22,9099.0,9331.0,8982.0,9331.0,0,0
2002-10-23,9342.0,9840.0,9263.0,9840.0,0,0
2002-10-24,9832.0,10107.0,9763.0,9799.0,0,0
2002-10-25,9807.0,10598.0,9698.0,10015.0,0,0
2002-10-28,10022.0,10092.0,9573.0,9574.0,0,0
2002-10-29,9570.0,9656.0,9439.0,9601.0,0,0
2002-10-30,9602.0,10097.0,9602.0,10069.0,0,0
2002-10-31,10099.0,10241.0,9733.0,10168.0,0,0
2002-11-01,10172.0,10266.0,10043.0,10140.0,0,0
2002-11-04,10147.0,10378.0,9913.0,9913.0,0,0
2002-11-05,9904.0,10034.0,9825.0,9861.0,0,0
2002-11-06,9857.0,9861.0,9583.0,9703.0,0,0
2002-11-07,9734.0,9893.0,9618.0,9799.0,0,0
2002-11-08,9859.0,10030.0,9857.0,9860.0,0,0
2002-11-11,9873.0,9977.0,9868.0,9886.0,0,0
2002-11-12,9864.0,9871.0,9647.0,9721.0,0,0
2002-11-13,9721.0,9813.0,9569.0,9764.0,0,0
2002-11-14,9762.0,9904.0,9738.0,9884.0,0,0
2002-11-18,9910.0,10100.0,9910.0,9971.0,0,0
2002-11-19,9971.0,10052.0,9839.0,9971.0,0,0
2002-11-20,9983.0,10112.0,9901.0,10088.0,0,0
2002-11-21,10105.0,10318.0,10086.0,10289.0,0,0
2002-11-22,10288.0,10433.0,10124.0,10404.0,0,0
2002-11-25,10407.0,10447.0,10234.0,10246.0,0,0
2002-11-26,10243.0,10283.0,10084.0,10132.0,0,0
2002-11-27,10142.0,10286.0,10123.0,10226.0,0,0
2002-11-28,10222.0,10292.0,10187.0,10239.0,0,0
2002-11-29,10250.0,10519.0,10250.0,10509.0,0,0
2002-12-02,10517.0,10735.0,10517.0,10674.0,0,0
2002-12-03,10672.0,10674.0,10576.0,10663.0,0,0
2002-12-04,10664.0,10681.0,10505.0,10640.0,0,0
2002-12-05,10645.0,10651.0,10346.0,10413.0,0,0
2002-12-06,10414.0,10575.0,10412.0,10569.0,0,0
2002-12-09,10562.0,10562.0,10339.0,10339.0,0,0
2002-12-10,10345.0,10497.0,10307.0,10331.0,0,0
2002-12-11,10340.0,10652.0,10340.0,10614.0,0,0
2002-12-12,10617.0,10743.0,10569.0,10587.0,0,0
2002-12-13,10598.0,10648.0,10494.0,10564.0,0,0
2002-12-16,10620.0,10798.0,10611.0,10771.0,0,0
2002-12-17,10778.0,10948.0,10526.0,10833.0,0,0
2002-12-18,10833.0,11007.0,10723.0,10985.0,0,0
2002-12-19,10987.0,11222.0,10984.0,11208.0,0,0
2002-12-20,11275.0,11606.0,11262.0,11490.0,0,0
2002-12-23,11493.0,11648.0,11384.0,11470.0,0,0
2002-12-26,11475.0,11475.0,11301.0,11318.0,0,0
2002-12-27,11326.0,11326.0,11207.0,11234.0,0,0
2002-12-30,11235.0,11325.0,11212.0,11268.0,0,0
2003-01-02,11291.0,11603.0,11291.0,11603.0,0,0
2003-01-03,11632.0,11798.0,11600.0,11600.0,0,0
2003-01-06,11636.0,12032.0,11633.0,12020.0,0,0
2003-01-07,12010.0,12018.0,11842.0,11876.0,0,0
2003-01-08,11875.0,11928.0,11757.0,11786.0,0,1
2003-01-09,11814.0,11964.0,11780.0,11912.0,0,0
2003-01-10,11925.0,12243.0,11925.0,12243.0,0,0
2003-01-13,12243.0,12350.0,12095.0,12110.0,0,0
2003-01-14,12131.0,12175.0,12052.0,12175.0,0,0
2003-01-15,12151.0,12151.0,11899.0,11971.0,0,0
2003-01-16,11973.0,12193.0,11921.0,11952.0,0,0
2003-01-17,11952.0,11952.0,11555.0,11676.0,0,0
2003-01-20,11675.0,11742.0,11545.0,11648.0,0,0
2003-01-21,11610.0,11662.0,11434.0,11435.0,0,0
2003-01-22,11428.0,11428.0,11132.0,11142.0,0,0
2003-01-23,11148.0,11336.0,11027.0,11162.0,0,0
2003-01-24,11157.0,11158.0,10753.0,10784.0,0,0
2003-01-27,10768.0,10768.0,10462.0,10530.0,0,0
2003-01-28,10534.0,10650.0,10495.0,10517.0,0,0
2003-01-29,10514.0,10863.0,10457.0,10863.0,0,0
2003-01-30,10873.0,11001.0,10705.0,10751.0,0,0
2003-01-31,10761.0,11004.0,10741.0,10941.0,0,0
2003-02-03,10943.0,11067.0,10852.0,10910.0,0,0
2003-02-04,10879.0,10879.0,10534.0,10577.0,0,0
2003-02-05,10581.0,10761.0,10497.0,10592.0,0,0
2003-02-06,10587.0,10589.0,10360.0,10566.0,0,0
2003-02-07,10567.0,10692.0,10355.0,10381.0,0,0
2003-02-10,10388.0,10527.0,10310.0,10480.0,0,0
2003-02-11,10491.0,10650.0,10475.0,10509.0,0,0
2003-02-12,10512.0,10587.0,10445.0,10510.0,0,0
2003-02-13,10509.0,10509.0,10091.0,10108.0,0,0
2003-02-14,10103.0,10163.0,9968.0,10081.0,0,0
2003-02-17,10089.0,10229.0,10089.0,10189.0,0,0
2003-02-18,10192.0,10466.0,10166.0,10450.0,0,0
2003-02-19,10434.0,10434.0,10206.0,10252.0,0,0
2003-02-20,10259.0,10268.0,10118.0,10217.0,0,0
2003-02-21,10222.0,10340.0,10144.0,10331.0,0,0
2003-02-24,10334.0,10454.0,10251.0,10254.0,0,0
2003-02-25,10231.0,10231.0,10022.0,10192.0,0,0
2003-02-26,10192.0,10271.0,9977.0,9995.0,0,0
2003-02-27,10006.0,10146.0,9998.0,10126.0,0,0
2003-02-28,10153.0,10281.0,10152.0,10281.0,0,0
2003-03-05,10263.0,10318.0,10104.0,10306.0,0,0
2003-03-06,10311.0,10626.0,10311.0,10615.0,0,0
2003-03-07,10608.0,10800.0,10438.0,10724.0,0,0
2003-03-10,10695.0,10695.0,10294.0,10309.0,0,0
2003-03-11,10314.0,10408.0,10199.0,10340.0,0,0
2003-03-12,10343.0,10579.0,10290.0,10577.0,0,0
2003-03-13,10606.0,10840.0,10591.0,10783.0,0,0
2003-03-14,10792.0,10924.0,10755.0,10817.0,0,0
2003-03-17,10783.0,10940.0,10609.0,10875.0,0,0
2003-03-18,10891.0,11192.0,10891.0,11151.0,0,0
2003-03-19,11143.0,11143.0,10944.0,11006.0,0,0
2003-03-20,10993.0,11174.0,10858.0,11159.0,0,0
2003-03-21,11176.0,11413.0,11176.0,11377.0,0,0
2003-03-24,11362.0,11362.0,11024.0,11053.0,0,0
2003-03-25,11047.0,11243.0,11035.0,11232.0,0,0
2003-03-26,11248.0,11296.0,11186.0,11206.0,0,0
2003-03-27,11204.0,11262.0,11036.0,11233.0,0,0
2003-03-28,11273.0,11421.0,11221.0,11396.0,0,0
2003-03-31,11387.0,11387.0,11215.0,11274.0,0,0
2003-04-01,11283.0,11617.0,11283.0,11592.0,0,2
2003-04-02,11615.0,11998.0,11602.0,11872.0,0,0
2003-04-03,11877.0,12132.0,11876.0,12006.0,0,0
2003-04-04,12014.0,12135.0,11924.0,12066.0,0,0
2003-04-07,12154.0,12436.0,12120.0,12136.0,0,0
2003-04-08,12124.0,12136.0,11732.0,11779.0,0,0
2003-04-09,11784.0,11904.0,11754.0,11759.0,0,0
2003-04-10,11784.0,11819.0,11578.0,11591.0,0,0
2003-04-11,11614.0,11753.0,11608.0,11719.0,0,0
2003-04-14,11726.0,11889.0,11719.0,11874.0,0,0
2003-04-15,11865.0,12111.0,11828.0,12106.0,0,0
2003-04-16,12120.0,12245.0,12012.0,12043.0,0,0
2003-04-17,12052.0,12432.0,12052.0,12395.0,0,0
2003-04-22,12393.0,12502.0,12245.0,12452.0,0,0
2003-04-23,12455.0,12455.0,12315.0,12394.0,0,0
2003-04-24,12370.0,12383.0,12100.0,12120.0,0,0
2003-04-25,12124.0,12185.0,12059.0,12126.0,0,0
2003-04-28,12128.0,12480.0,12009.0,12462.0,0,0
2003-04-29,12470.0,12820.0,12470.0,12678.0,0,2
2003-04-30,12713.0,12746.0,12557.0,12557.0,0,0
2003-05-02,12565.0,12866.0,12542.0,12810.0,0,0
2003-05-05,12829.0,12870.0,12717.0,12833.0,0,2
2003-05-06,12829.0,12846.0,12608.0,12644.0,0,0
2003-05-07,12669.0,12981.0,12664.0,12956.0,0,0
2003-05-08,12969.0,13028.0,12864.0,12921.0,0,0
2003-05-09,12950.0,13247.0,12950.0,13214.0,0,0
2003-05-12,13206.0,13345.0,13096.0,13320.0,0,0
2003-05-13,13322.0,13565.0,13316.0,13421.0,0,0
2003-05-14,13428.0,13483.0,13336.0,13459.0,0,0
2003-05-15,13465.0,13465.0,13092.0,13130.0,0,0
2003-05-16,13143.0,13225.0,12877.0,13225.0,0,0
2003-05-19,13179.0,13182.0,12732.0,12746.0,0,0
2003-05-20,12753.0,12753.0,12576.0,12745.0,0,0
2003-05-21,12749.0,13077.0,12711.0,13034.0,0,0
2003-05-22,13031.0,13173.0,12971.0,13101.0,0,0
2003-05-23,13101.0,13246.0,13029.0,13143.0,0,0
2003-05-26,13149.0,13239.0,12852.0,12852.0,0,0
2003-05-27,12861.0,13321.0,12859.0,13246.0,0,0
2003-05-28,13257.0,13427.0,13257.0,13294.0,0,0
2003-05-29,13303.0,13507.0,13301.0,13405.0,0,0
2003-05-30,13413.0,13541.0,13312.0,13422.0,0,0
2003-06-02,13441.0,13505.0,13212.0,13229.0,0,0
2003-06-03,13231.0,13350.0,13106.0,13350.0,0,0
2003-06-04,13386.0,13760.0,13374.0,13718.0,0,0
2003-06-05,13690.0,13908.0,13588.0,13780.0,0,0
2003-06-06,13794.0,14071.0,13794.0,13923.0,0,0
2003-06-09,13926.0,13979.0,13810.0,13846.0,0,0
2003-06-10,13869.0,14072.0,13808.0,13894.0,0,0
2003-06-11,13898.0,13930.0,13721.0,13877.0,0,0
2003-06-12,13901.0,14007.0,13738.0,13983.0,0,0
2003-06-13,13980.0,14047.0,13677.0,13734.0,0,0
2003-06-16,13737.0,13963.0,13697.0,13833.0,0,0
2003-06-17,13843.0,13973.0,13732.0,13777.0,0,0
2003-06-18,13790.0,13890.0,13372.0,13511.0,0,2
2003-06-20,13514.0,13514.0,13105.0,13131.0,0,2
2003-06-23,13132.0,13273.0,12895.0,12991.0,0,0
2003-06-24,12993.0,13204.0,12993.0,13108.0,0,0
2003-06-25,13110.0,13286.0,13015.0,13026.0,0,0
2003-06-26,13031.0,13237.0,13030.0,13112.0,0,0
2003-06-27,13112.0,13193.0,12976.0,13024.0,0,0
2003-06-30,13027.0,13066.0,12930.0,12973.0,0,0
2003-07-01,12967.0,13291.0,12893.0,13291.0,0,0
2003-07-02,13292.0,13376.0,13240.0,13310.0,0,0
2003-07-03,13308.0,13309.0,13134.0,13134.0,0,0
2003-07-04,13135.0,13292.0,13067.0,13281.0,0,0
2003-07-07,13274.0,13444.0,13273.0,13402.0,0,0
2003-07-08,13401.0,13619.0,13339.0,13619.0,0,0
2003-07-10,13622.0,13622.0,13407.0,13501.0,0,0
2003-07-11,13498.0,13522.0,13287.0,13321.0,0,0
2003-07-14,13322.0,13635.0,13322.0,13588.0,0,0
2003-07-15,13593.0,13736.0,13568.0,13614.0,0,0
2003-07-16,13613.0,13633.0,13435.0,13487.0,0,0
2003-07-17,13487.0,13636.0,13360.0,13622.0,0,0
2003-07-18,13622.0,13809.0,13622.0,13794.0,0,0
2003-07-21,13794.0,13859.0,13676.0,13676.0,0,0
2003-07-22,13676.0,13867.0,13671.0,13835.0,0,0
2003-07-23,13852.0,13942.0,13755.0,13799.0,0,0
2003-07-24,13799.0,13947.0,13755.0,13761.0,0,0
2003-07-25,13761.0,13868.0,13661.0,13750.0,0,0
2003-07-28,13752.0,13783.0,13605.0,13643.0,0,0
2003-07-29,13652.0,13704.0,13577.0,13623.0,0,0
2003-07-30,13623.0,13698.0,13453.0,13475.0,0,0
2003-07-31,13475.0,13615.0,13475.0,13572.0,0,0
2003-08-01,13579.0,13579.0,13130.0,13130.0,0,0
2003-08-04,13128.0,13128.0,12757.0,12939.0,0,0
2003-08-05,12940.0,13112.0,12940.0,13059.0,0,0
2003-08-06,13060.0,13188.0,12839.0,12888.0,0,0
2003-08-07,12892.0,13350.0,12892.0,13328.0,0,0
2003-08-08,13333.0,13513.0,13333.0,13500.0,0,0
2003-08-11,13500.0,13582.0,13442.0,13560.0,0,0
2003-08-12,13559.0,13766.0,13553.0,13602.0,0,0
2003-08-13,13597.0,13858.0,13542.0,13682.0,0,0
2003-08-14,13683.0,13849.0,13529.0,13812.0,0,0
2003-08-15,13810.0,13952.0,13744.0,13890.0,0,0
2003-08-18,13900.0,14147.0,13900.0,14146.0,0,0
2003-08-19,14147.0,14236.0,14091.0,14158.0,0,0
2003-08-20,14158.0,14506.0,14058.0,14467.0,0,0
2003-08-21,14470.0,14687.0,14398.0,14670.0,0,0
2003-08-22,14670.0,14765.0,14589.0,14613.0,0,0
2003-08-25,14613.0,14714.0,14426.0,14473.0,0,0
2003-08-26,14475.0,14948.0,14425.0,14878.0,0,0
2003-08-27,14876.0,15143.0,14876.0,15143.0,0,0
2003-08-28,15151.0,15252.0,14929.0,15065.0,0,0
2003-08-29,15065.0,15197.0,14857.0,15174.0,0,0
2003-09-01,15174.0,15374.0,15075.0,15352.0,0,0
2003-09-02,15352.0,15475.0,15321.0,15454.0,0,0
2003-09-03,15455.0,15690.0,15455.0,15634.0,0,0
2003-09-04,15635.0,15884.0,15564.0,15705.0,0,0
2003-09-05,15707.0,15951.0,15610.0,15900.0,0,0
2003-09-08,15904.0,16239.0,15895.0,16050.0,0,0
2003-09-09,16051.0,16062.0,15699.0,15718.0,0,0
2003-09-10,15716.0,15997.0,15492.0,15983.0,0,0
2003-09-11,15985.0,16454.0,15985.0,16292.0,0,0
2003-09-12,16283.0,16508.0,16058.0,16421.0,0,0
2003-09-15,16423.0,16601.0,16277.0,16342.0,0,0
2003-09-16,16354.0,16496.0,16258.0,16270.0,0,0
2003-09-17,16280.0,16492.0,16225.0,16492.0,0,0
2003-09-18,16492.0,16911.0,16424.0,16889.0,0,0
2003-09-19,16890.0,17104.0,16822.0,16851.0,0,0
2003-09-22,16850.0,16850.0,16450.0,16486.0,0,0
2003-09-23,16488.0,16542.0,16226.0,16444.0,0,0
2003-09-24,16446.0,16636.0,16053.0,16058.0,0,0
2003-09-25,16058.0,16203.0,15775.0,15806.0,0,0
2003-09-26,15807.0,16113.0,15773.0,15811.0,0,0
2003-09-29,15810.0,16115.0,15768.0,16109.0,0,0
2003-09-30,16109.0,16287.0,16010.0,16011.0,0,0
2003-10-01,16010.0,16609.0,16010.0,16579.0,0,0
2003-10-02,16582.0,17070.0,16582.0,16894.0,0,0
2003-10-03,16898.0,17290.0,16898.0,17089.0,0,0
2003-10-06,17090.0,17346.0,17026.0,17273.0,0,0
2003-10-07,17278.0,17537.0,17134.0,17470.0,0,0
2003-10-08,17474.0,17952.0,17474.0,17805.0,0,0
2003-10-09,17805.0,18060.0,17553.0,17708.0,0,0
2003-10-10,17699.0,17834.0,17496.0,17676.0,0,0
2003-10-13,17676.0,18075.0,17676.0,18062.0,0,0
2003-10-14,18063.0,18246.0,18063.0,18178.0,0,0
2003-10-15,18176.0,18313.0,17819.0,17942.0,0,0
2003-10-16,17944.0,18075.0,17834.0,17955.0,0,0
2003-10-17,17923.0,17946.0,17679.0,17791.0,0,0
2003-10-20,17791.0,18399.0,17770.0,18370.0,0,0
2003-10-21,18370.0,18660.0,18370.0,18449.0,0,0
2003-10-22,18449.0,18449.0,18221.0,18235.0,0,0
2003-10-23,18235.0,18235.0,17592.0,17690.0,0,0
2003-10-24,17687.0,17835.0,17340.0,17814.0,0,0
2003-10-27,17820.0,17964.0,17664.0,17750.0,0,0
2003-10-28,17750.0,18228.0,17691.0,18228.0,0,0
2003-10-29,18228.0,18454.0,17945.0,17945.0,0,0
2003-10-30,17945.0,18193.0,17731.0,18094.0,0,0
2003-10-31,18095.0,18218.0,17912.0,17982.0,0,0
2003-11-03,17983.0,18517.0,17983.0,18517.0,0,0
2003-11-04,18519.0,18714.0,18456.0,18541.0,0,0
2003-11-05,18545.0,18563.0,18267.0,18307.0,0,0
2003-11-06,18307.0,18680.0,18307.0,18613.0,0,0
2003-11-07,18614.0,18907.0,18614.0,18672.0,0,0
2003-11-10,18672.0,18725.0,18435.0,18572.0,0,0
2003-11-11,18572.0,18572.0,18261.0,18409.0,0,0
2003-11-12,18409.0,18812.0,18352.0,18794.0,0,0
2003-11-13,18795.0,19115.0,18677.0,18755.0,0,0
2003-11-14,18763.0,19052.0,18712.0,18986.0,0,0
2003-11-17,18985.0,18985.0,18648.0,18669.0,0,0
2003-11-18,18669.0,19022.0,18669.0,18813.0,0,0
2003-11-19,18819.0,18857.0,18610.0,18807.0,0,0
2003-11-20,18815.0,19262.0,18815.0,19199.0,0,1
2003-11-21,19197.0,19376.0,19144.0,19248.0,0,1
2003-11-24,19258.0,19730.0,19258.0,19691.0,0,0
2003-11-25,19694.0,19820.0,19615.0,19810.0,0,0
2003-11-26,19810.0,20002.0,19667.0,19695.0,0,0
2003-11-27,19695.0,19961.0,19616.0,19961.0,0,0
2003-11-28,19962.0,20188.0,19848.0,20184.0,0,0
2003-12-01,20184.0,20522.0,20184.0,20521.0,0,0
2003-12-02,20523.0,20630.0,20354.0,20458.0,0,0
2003-12-03,20462.0,20586.0,20322.0,20540.0,0,0
2003-12-04,20540.0,20570.0,20323.0,20414.0,0,0
2003-12-05,20418.0,20922.0,20418.0,20880.0,0,0
2003-12-08,20882.0,20937.0,20673.0,20889.0,0,0
2003-12-09,20889.0,21363.0,20889.0,21260.0,0,0
2003-12-10,21258.0,21394.0,20930.0,20973.0,0,0
2003-12-11,20971.0,21459.0,20971.0,21296.0,0,0
2003-12-12,21296.0,21514.0,20873.0,20974.0,0,0
2003-12-15,20974.0,21381.0,20709.0,20710.0,0,0
2003-12-16,20710.0,20842.0,20544.0,20760.0,0,0
2003-12-17,20763.0,21318.0,20763.0,21199.0,0,0
2003-12-18,21199.0,21502.0,21195.0,21489.0,0,0
2003-12-19,21489.0,21671.0,21381.0,21386.0,0,0
2003-12-22,21386.0,21630.0,21344.0,21630.0,0,0
2003-12-23,21631.0,21914.0,21631.0,21688.0,0,0
2003-12-26,21688.0,21829.0,21688.0,21807.0,0,0
2003-12-29,21815.0,22046.0,21815.0,22045.0,0,0
2003-12-30,22051.0,22310.0,22051.0,22236.0,0,0
2004-01-02,22233.0,22450.0,22208.0,22445.0,0,0
2004-01-05,22445.0,23532.0,22445.0,23532.0,0,0
2004-01-06,23532.0,23976.0,23180.0,23576.0,0,2
2004-01-07,23576.0,23899.0,23320.0,23320.0,0,0
2004-01-08,23334.0,23718.0,23122.0,23717.0,0,0
2004-01-09,23722.0,24088.0,23710.0,23917.0,0,0
2004-01-12,23896.0,24323.0,23892.0,24237.0,0,0
2004-01-13,24237.0,24518.0,23867.0,23940.0,0,0
2004-01-14,23947.0,24010.0,22878.0,23399.0,0,0
2004-01-15,23400.0,23400.0,22962.0,22962.0,0,0
2004-01-16,22964.0,23243.0,22687.0,23155.0,0,0
2004-01-19,23162.0,23493.0,23090.0,23385.0,0,0
2004-01-20,23382.0,23724.0,23382.0,23679.0,0,0
2004-01-21,23680.0,23680.0,23213.0,23302.0,0,2
2004-01-22,23299.0,23299.0,22682.0,22969.0,0,0
2004-01-23,22969.0,23515.0,22740.0,23471.0,0,0
2004-01-26,23471.0,24350.0,23471.0,24350.0,0,0
2004-01-27,24355.0,24473.0,23908.0,24226.0,0,0
2004-01-28,24226.0,24460.0,23787.0,23852.0,0,2
2004-01-29,23849.0,23859.0,22300.0,22386.0,0,0
2004-01-30,22384.0,22615.0,21649.0,21851.0,0,0
2004-02-02,21842.0,21867.0,21336.0,21787.0,0,2
2004-02-03,21794.0,22287.0,21794.0,22281.0,0,0
2004-02-04,22289.0,22718.0,21555.0,21685.0,0,0
2004-02-05,21685.0,21909.0,21077.0,21092.0,0,0
2004-02-06,21092.0,21969.0,20598.0,21969.0,0,0
2004-02-09,21970.0,22493.0,21853.0,21962.0,0,0
2004-02-10,21936.0,22216.0,21694.0,22171.0,0,0
2004-02-11,22173.0,23241.0,22057.0,23197.0,0,0
2004-02-12,23197.0,23374.0,22929.0,23063.0,0,0
2004-02-13,23067.0,23230.0,22188.0,22530.0,0,0
2004-02-16,22530.0,22530.0,21901.0,22189.0,0,0
2004-02-17,22195.0,22520.0,22017.0,22426.0,0,0
2004-02-18,22430.0,22668.0,21899.0,22000.0,0,0
2004-02-19,21998.0,21998.0,20877.0,20951.0,0,0
2004-02-20,20949.0,21342.0,20092.0,21337.0,0,0
2004-02-25,21341.0,21732.0,21341.0,21609.0,0,0
2004-02-26,21608.0,21608.0,21180.0,21450.0,0,0
2004-02-27,21455.0,21755.0,21448.0,21755.0,0,1
2004-03-01,21761.0,22528.0,21761.0,22499.0,0,1
2004-03-02,22496.0,22714.0,21942.0,22442.0,0,0
2004-03-03,22442.0,22801.0,22191.0,22550.0,0,0
2004-03-04,22542.0,22753.0,22256.0,22393.0,0,0
2004-03-05,22397.0,22937.0,22349.0,22873.0,0,0
2004-03-08,22874.0,23373.0,22874.0,22993.0,0,0
2004-03-09,22993.0,23094.0,22503.0,22674.0,0,0
2004-03-10,22674.0,22674.0,21670.0,21670.0,0,0
2004-03-11,21673.0,21750.0,20756.0,20763.0,0,0
2004-03-12,20770.0,21800.0,20770.0,21776.0,0,0
2004-03-15,21776.0,21836.0,21162.0,21234.0,0,0
2004-03-16,21234.0,21647.0,21234.0,21613.0,0,0
2004-03-17,21620.0,22034.0,21620.0,21901.0,0,0
2004-03-18,21901.0,22411.0,21679.0,22370.0,0,0
2004-03-19,22370.0,22470.0,22217.0,22261.0,0,0
2004-03-22,22248.0,22248.0,21569.0,21663.0,0,0
2004-03-23,21663.0,21832.0,21205.0,21205.0,0,0
2004-03-24,21202.0,21317.0,20834.0,20985.0,0,0
2004-03-25,20985.0,21323.0,20857.0,21000.0,0,0
2004-03-26,21001.0,21651.0,21001.0,21541.0,0,0
2004-03-29,21544.0,21817.0,21435.0,21531.0,0,0
2004-03-30,21531.0,22045.0,21531.0,22043.0,0,0
2004-03-31,22042.0,22256.0,21873.0,22142.0,0,0
2004-04-01,22142.0,22769.0,22142.0,22647.0,0,1
2004-04-02,22650.0,23034.0,22629.0,22949.0,0,0
2004-04-05,22949.0,23260.0,22773.0,23146.0,0,0
2004-04-06,23146.0,23179.0,22859.0,23072.0,0,0
2004-04-07,23061.0,23061.0,22443.0,22443.0,0,0
2004-04-08,22451.0,22740.0,22307.0,22725.0,0,0
2004-04-12,22725.0,22970.0,22496.0,22780.0,0,0
2004-04-13,22777.0,22995.0,22555.0,22620.0,0,0
2004-04-14,22618.0,22618.0,22165.0,22312.0,0,0
2004-04-15,22312.0,22312.0,21483.0,21739.0,0,0
2004-04-16,21727.0,21938.0,21592.0,21769.0,0,0
2004-04-19,21773.0,21864.0,21417.0,21627.0,0,0
2004-04-20,21627.0,21665.0,21068.0,21078.0,0,0
2004-04-22,21078.0,21182.0,20732.0,21142.0,0,0
2004-04-23,21142.0,21625.0,21142.0,21590.0,0,0
2004-04-26,21588.0,21778.0,21286.0,21324.0,0,0
2004-04-27,21324.0,21715.0,21254.0,21317.0,0,0
2004-04-28,21317.0,21374.0,20474.0,20474.0,0,2
2004-04-29,20481.0,20756.0,19676.0,19865.0,0,0
2004-04-30,19871.0,20172.0,19508.0,19607.0,0,0
2004-05-03,19622.0,19777.0,19086.0,19709.0,0,0
2004-05-04,19709.0,20195.0,19709.0,19988.0,0,0
2004-05-05,20013.0,20342.0,19835.0,20026.0,0,0
2004-05-06,20019.0,20019.0,19189.0,19190.0,0,0
2004-05-07,19184.0,19184.0,18573.0,18620.0,0,0
2004-05-10,18616.0,18616.0,17601.0,17604.0,0,0
2004-05-11,17607.0,18583.0,17607.0,18537.0,0,0
2004-05-12,18543.0,18745.0,17885.0,18326.0,0,0
2004-05-13,18326.0,18619.0,17902.0,18402.0,0,0
2004-05-14,18421.0,18952.0,18421.0,18611.0,0,0
2004-05-17,18609.0,18609.0,17973.0,18122.0,0,0
2004-05-18,18125.0,18610.0,18125.0,18556.0,0,0
2004-05-19,18602.0,19120.0,18602.0,18688.0,0,0
2004-05-20,18688.0,18688.0,18229.0,18240.0,0,0
2004-05-21,18239.0,18387.0,18041.0,18285.0,0,0
2004-05-24,18288.0,18670.0,18288.0,18669.0,0,0
2004-05-25,18675.0,18869.0,18590.0,18860.0,0,0
2004-05-26,18860.0,19079.0,18737.0,19069.0,0,0
2004-05-27,19069.0,19763.0,19061.0,19734.0,0,0
2004-05-28,19734.0,19991.0,19580.0,19667.0,0,0
2004-05-31,19672.0,19769.0,19421.0,19545.0,0,0
2004-06-01,19545.0,19613.0,19177.0,19546.0,0,0
2004-06-02,19553.0,19923.0,19553.0,19717.0,0,0
2004-06-03,19723.0,19776.0,19332.0,19400.0,0,0
2004-06-04,19404.0,19902.0,19404.0,19819.0,0,0
2004-06-07,19826.0,20487.0,19826.0,20447.0,0,1
2004-06-08,20447.0,20529.0,20159.0,20284.0,0,0
2004-06-09,20269.0,20298.0,19797.0,19865.0,0,0
2004-06-11,19865.0,19979.0,19789.0,19834.0,0,0
2004-06-14,19833.0,19833.0,19371.0,19488.0,0,0
2004-06-15,19496.0,20047.0,19496.0,20047.0,0,0
2004-06-16,20050.0,20514.0,20006.0,20460.0,0,0
2004-06-17,20460.0,20697.0,20203.0,20335.0,0,0
2004-06-18,20330.0,20455.0,20076.0,20333.0,0,0
2004-06-21,20336.0,20654.0,20274.0,20293.0,0,0
2004-06-22,20293.0,20360.0,20070.0,20199.0,0,0
2004-06-23,20199.0,20836.0,20199.0,20836.0,0,0
2004-06-24,20837.0,21068.0,20681.0,20708.0,0,2
2004-06-25,20708.0,20940.0,20669.0,20750.0,0,0
2004-06-28,20750.0,20892.0,20351.0,20351.0,0,0
2004-06-29,20352.0,20833.0,20352.0,20801.0,0,0
2004-06-30,20809.0,21183.0,20733.0,21149.0,0,0
2004-07-01,21152.0,21394.0,21094.0,21349.0,0,0
2004-07-02,21349.0,21747.0,21349.0,21568.0,0,0
2004-07-05,21565.0,21775.0,21429.0,21670.0,0,0
2004-07-06,21669.0,21669.0,21124.0,21188.0,0,0
2004-07-07,21190.0,21364.0,21118.0,21171.0,0,0
2004-07-08,21167.0,21167.0,20821.0,20887.0,0,0
2004-07-12,20885.0,21561.0,20885.0,21532.0,0,0
2004-07-13,21533.0,21759.0,21456.0,21677.0,0,0
2004-07-14,21676.0,22090.0,21373.0,21673.0,0,0
2004-07-15,21679.0,22198.0,21679.0,22065.0,0,0
2004-07-16,22064.0,22676.0,22064.0,22447.0,0,0
2004-07-19,22445.0,22518.0,22045.0,22102.0,0,0
2004-07-20,22115.0,22426.0,22046.0,22361.0,0,0
2004-07-21,22362.0,22516.0,21776.0,21810.0,0,0
2004-07-22,21821.0,21938.0,21490.0,21730.0,0,0
2004-07-23,21729.0,22100.0,21559.0,21591.0,0,0
2004-07-26,21635.0,21930.0,21056.0,21318.0,0,0
2004-07-27,21325.0,21813.0,21236.0,21737.0,0,0
2004-07-28,21740.0,22213.0,21613.0,22168.0,0,0
2004-07-29,22169.0,22366.0,22019.0,22228.0,0,0
2004-07-30,22224.0,22534.0,22111.0,22337.0,0,0
2004-08-02,22342.0,22493.0,21929.0,22448.0,0,0
2004-08-03,22453.0,22600.0,22340.0,22373.0,0,0
2004-08-04,22370.0,22523.0,22159.0,22178.0,0,2
2004-08-05,22174.0,22244.0,21178.0,21330.0,0,0
2004-08-06,21341.0,21702.0,21194.0,21653.0,0,0
2004-08-09,21653.0,21745.0,21243.0,21261.0,0,0
2004-08-10,21261.0,21737.0,21261.0,21737.0,0,2
2004-08-11,21736.0,21736.0,21411.0,21570.0,0,0
2004-08-12,21574.0,21723.0,21484.0,21570.0,0,0
2004-08-13,21570.0,21706.0,21307.0,21401.0,0,0
2004-08-16,21404.0,21829.0,21361.0,21764.0,0,0
2004-08-17,21767.0,22159.0,21767.0,22061.0,0,0
2004-08-18,22059.0,22779.0,21898.0,22779.0,0,0
2004-08-19,22779.0,23285.0,22772.0,22935.0,0,0
2004-08-20,22935.0,23381.0,22919.0,23196.0,0,0
2004-08-23,23205.0,23241.0,22773.0,22852.0,0,0
2004-08-24,22863.0,23111.0,22743.0,22870.0,0,0
2004-08-25,22870.0,23166.0,22745.0,23058.0,0,0
2004-08-26,23047.0,23047.0,22479.0,22582.0,0,0
2004-08-27,22583.0,22801.0,22504.0,22597.0,0,0
2004-08-30,22600.0,22869.0,22316.0,22869.0,0,0
2004-08-31,22886.0,23071.0,22685.0,22803.0,0,0
2004-09-01,22803.0,22971.0,22363.0,22513.0,0,0
2004-09-02,22516.0,22768.0,22267.0,22688.0,0,0
2004-09-03,22688.0,22769.0,22378.0,22415.0,0,0
2004-09-06,22416.0,22537.0,22416.0,22502.0,0,0
2004-09-08,22508.0,22977.0,22508.0,22534.0,0,0
2004-09-09,22536.0,22622.0,22071.0,22286.0,0,0
2004-09-10,22276.0,22299.0,21846.0,21968.0,0,0
2004-09-13,21970.0,22226.0,21739.0,21809.0,0,0
2004-09-14,21810.0,22348.0,21741.0,22309.0,0,0
2004-09-15,22310.0,22577.0,22213.0,22344.0,0,0
2004-09-16,22346.0,22897.0,22346.0,22876.0,0,2
2004-09-17,22876.0,23190.0,22876.0,23074.0,0,0
2004-09-20,23079.0,23485.0,23078.0,23078.0,0,0
2004-09-21,23078.0,23268.0,22916.0,23106.0,0,0
2004-09-22,23106.0,23207.0,22697.0,22749.0,0,0
2004-09-23,22749.0,23006.0,22749.0,22944.0,0,0
2004-09-24,22944.0,23110.0,22892.0,22972.0,0,0
2004-09-27,22981.0,22981.0,22733.0,22834.0,0,1
2004-09-28,22834.0,23275.0,22593.0,23231.0,0,0
2004-09-29,23230.0,23287.0,23069.0,23208.0,0,0
2004-09-30,23210.0,23423.0,23183.0,23245.0,0,1
2004-10-01,23246.0,23777.0,23246.0,23777.0,0,0
2004-10-04,23784.0,24173.0,23784.0,24150.0,0,1
2004-10-05,24150.0,24362.0,23946.0,24205.0,0,0
2004-10-06,24205.0,24205.0,23899.0,24027.0,0,0
2004-10-07,24014.0,24141.0,23814.0,24104.0,0,0
2004-10-08,24120.0,24346.0,23914.0,23927.0,0,0
2004-10-11,23928.0,24091.0,23921.0,23954.0,0,0
2004-10-13,23953.0,24066.0,23068.0,23289.0,0,0
2004-10-14,23287.0,23287.0,22865.0,22959.0,0,0
2004-10-15,22961.0,23422.0,22961.0,23368.0,0,0
2004-10-18,23368.0,23448.0,23021.0,23411.0,0,0
2004-10-19,23411.0,23621.0,22887.0,22893.0,0,0
2004-10-20,22893.0,22929.0,22565.0,22873.0,0,0
2004-10-21,22873.0,23116.0,22779.0,23059.0,0,0
2004-10-22,23061.0,23326.0,22692.0,22735.0,0,0
2004-10-25,22735.0,22735.0,22390.0,22603.0,0,0
2004-10-26,22603.0,22849.0,22557.0,22849.0,0,0
2004-10-27,22861.0,23228.0,22783.0,23171.0,0,0
2004-10-28,23171.0,23171.0,22826.0,22929.0,0,0
2004-10-29,22945.0,23089.0,22877.0,23052.0,0,0
2004-11-01,23050.0,23309.0,22941.0,23273.0,0,0
2004-11-03,23275.0,23770.0,23275.0,23660.0,0,0
2004-11-04,23660.0,23963.0,23629.0,23880.0,0,0
2004-11-05,23864.0,24000.0,23499.0,23542.0,0,0
2004-11-08,23542.0,23542.0,23072.0,23212.0,0,0
2004-11-09,23213.0,23305.0,23022.0,23216.0,0,0
2004-11-10,23223.0,23479.0,23223.0,23455.0,0,0
2004-11-11,23457.0,23521.0,23192.0,23521.0,0,0
2004-11-12,23524.0,24035.0,23524.0,24035.0,0,0
2004-11-16,24035.0,24035.0,23698.0,23772.0,0,0
2004-11-17,23772.0,24289.0,23772.0,24170.0,0,0
2004-11-18,24167.0,24325.0,23845.0,24143.0,0,0
2004-11-19,24147.0,24361.0,23848.0,24034.0,0,0
2004-11-22,24034.0,24508.0,23839.0,24445.0,0,0
2004-11-23,24446.0,24684.0,24290.0,24340.0,0,0
2004-11-24,24339.0,24641.0,24339.0,24368.0,0,0
2004-11-25,24372.0,24872.0,24372.0,24867.0,0,0
2004-11-26,24867.0,25072.0,24756.0,24998.0,0,0
2004-11-29,25000.0,25084.0,24653.0,24855.0,0,0
2004-11-30,24855.0,25160.0,24736.0,25128.0,0,0
2004-12-01,25129.0,25381.0,25118.0,25235.0,0,0
2004-12-02,25235.0,25360.0,25057.0,25200.0,0,0
2004-12-03,25218.0,25604.0,25218.0,25468.0,0,0
2004-12-06,25474.0,25709.0,25430.0,25633.0,0,0
2004-12-07,25632.0,25667.0,24945.0,24989.0,0,0
2004-12-08,24988.0,25041.0,24615.0,24968.0,0,0
2004-12-09,24970.0,25053.0,24452.0,24526.0,0,0
2004-12-10,24530.0,24954.0,24494.0,24933.0,0,0
2004-12-13,24933.0,25260.0,24867.0,25225.0,0,0
2004-12-14,25226.0,25568.0,25226.0,25563.0,0,0
2004-12-15,25568.0,25919.0,25363.0,25576.0,0,0
2004-12-16,25561.0,25877.0,25543.0,25831.0,0,0
2004-12-17,25835.0,25835.0,25474.0,25659.0,0,0
2004-12-20,25661.0,25772.0,25456.0,25537.0,0,0
2004-12-21,25537.0,25898.0,25465.0,25890.0,0,0
2004-12-22,25892.0,26075.0,25713.0,25723.0,0,0
2004-12-23,25719.0,25971.0,25618.0,25878.0,0,0
2004-12-27,25862.0,26084.0,25862.0,25937.0,0,0
2004-12-28,25937.0,26145.0,25919.0,26117.0,0,0
2004-12-29,26117.0,26245.0,26091.0,26161.0,0,0
2004-12-30,26171.0,26270.0,26108.0,26196.0,0,0
