date,close
2018-01-02,
2018-01-03,
2018-01-04,
2018-01-05,
2018-01-06,
2018-01-07,
2018-01-08,
2018-01-09,
2018-01-10,
2018-01-11,
2018-01-12,
2018-01-13,
2018-01-14,
2018-01-15,
2018-01-16,
2018-01-17,
2018-01-18,
2018-01-19,
2018-01-20,
2018-01-21,
2018-01-22,
2018-01-23,
2018-01-24,
2018-01-25,
2018-01-26,
2018-01-27,
2018-01-28,
2018-01-29,
2018-01-30,
2018-01-31,
2018-02-01,
2018-02-02,
2018-02-03,
2018-02-04,
2018-02-05,
2018-02-06,
2018-02-07,
2018-02-08,
2018-02-09,
2018-02-10,
2018-02-11,
2018-02-12,0.0337496642398124
2018-02-13,0.03474106901270494
2018-02-14,0.03474106901270494
2018-02-15,0.03474106901270494
2018-02-16,0.03474106901270494
2018-02-17,0.03474106901270494
2018-02-18,0.03488118057559549
2018-02-19,0.032967127265349436
2018-02-20,0.032150378178687745
2018-02-21,0.033831032852077586
2018-02-22,0.03247912454936543
2018-02-23,0.03247912454936543
2018-02-24,0.033527796750322705
2018-02-25,0.03252132745452519
2018-02-26,0.03252132745452519
2018-02-27,0.027357510588605978
2018-02-28,0.027909662691092196
2018-03-01,0.027851480491811912
2018-03-02,0.027851480491811912
2018-03-03,0.027851480491811912
2018-03-04,0.025363667417201974
2018-03-05,0.02384460519298783
2018-03-06,0.025429278299162222
2018-03-07,0.027292097231791854
2018-03-08,0.028508061709046125
2018-03-09,0.028438457775763353
2018-03-10,0.029647316752147865
2018-03-11,0.029647316752147865
2018-03-12,0.029378547935737173
2018-03-13,0.027130962516469397
2018-03-14,0.02982822371683889
2018-03-15,0.027237007290587707
2018-03-16,0.026312035453410893
2018-03-17,0.027600759513857105
2018-03-18,0.02481697049336526
2018-03-19,0.020888883260905374
2018-03-20,0.020888883260905374
2018-03-21,0.02078980820403206
2018-03-22,0.02122820606515433
2018-03-23,0.02122820606515433
2018-03-24,0.021772223718870273
2018-03-25,0.02063781264822237
2018-03-26,0.02160131585332386
2018-03-27,0.021622605283551595
2018-03-28,0.021622605283551595
2018-03-29,0.024345909759854865
2018-03-30,0.025200284275813445
2018-03-31,0.025200284275813445
2018-04-01,0.024125846336638765
2018-04-02,0.024125846336638765
2018-04-03,0.024125846336638765
2018-04-04,0.0244888794797966
2018-04-05,0.023103860168018887
2018-04-06,0.02370702939838363
2018-04-07,0.02265835719742636
2018-04-08,0.022400289173479773
2018-04-09,0.02321219573821481
2018-04-10,0.02321219573821481
2018-04-11,0.022660043635728593
2018-04-12,0.022660043635728593
2018-04-13,0.022797442501050987
2018-04-14,0.022797442501050987
2018-04-15,0.022797442501050987
2018-04-16,0.023512319896842295
2018-04-17,0.02246476667756597
2018-04-18,0.020601947744936337
2018-04-19,0.019016612753678015
2018-04-20,0.018901700608139244
2018-04-21,0.017692841631754733
2018-04-22,0.018037946178528264
2018-04-23,0.017011593766784253
2018-04-24,0.017011593766784253
2018-04-25,0.016246941048579013
2018-04-26,0.016246941048579013
2018-04-27,0.017165447638466804
2018-04-28,0.015876723578020592
2018-04-29,0.015876723578020592
2018-04-30,0.0163180764048409
2018-05-01,0.01677180690473678
2018-05-02,0.016704960828435058
2018-05-03,0.016266562967312787
2018-05-04,0.01635466226561696
2018-05-05,0.015395949411117252
2018-05-06,0.01568130325393934
2018-05-07,0.015453795825133858
2018-05-08,0.014896552592636822
2018-05-09,0.014896552592636822
2018-05-10,0.012973726672999886
2018-05-11,0.013767858967987046
2018-05-12,0.013767858967987046
2018-05-13,0.01338341564917867
2018-05-14,0.013428362993563087
2018-05-15,0.013988238641512092
2018-05-16,0.012318886446848315
2018-05-17,0.013069296441812248
2018-05-18,0.012466127211447506
2018-05-19,0.012484396313310395
2018-05-20,0.012484396313310395
2018-05-21,0.012082951161877166
2018-05-22,0.01325961031493779
2018-05-23,0.014721829451390719
2018-05-24,0.014721829451390719
2018-05-25,0.01495827541856633
2018-05-26,0.015354408108495584
2018-05-27,0.015354408108495584
2018-05-28,0.015304668394140125
2018-05-29,0.014767548507242056
2018-05-30,0.01504141179943861
2018-05-31,0.01504141179943861
2018-06-01,0.01504141179943861
2018-06-02,0.01504141179943861
2018-06-03,0.014696307252665079
2018-06-04,0.015408268703177543
2018-06-05,0.015408268703177543
2018-06-06,0.013475660221013288
2018-06-07,0.013475660221013288
2018-06-08,0.012830021234093587
2018-06-09,0.013182426733451248
2018-06-10,0.015611925830269793
2018-06-11,0.015170573003449483
2018-06-12,0.015932276822449222
2018-06-13,0.01681332441372125
2018-06-14,0.01681332441372125
2018-06-15,0.017628659612176
2018-06-16,0.017628659612176
2018-06-17,0.017255189329510968
2018-06-18,0.01651919355321496
2018-06-19,0.016063742582591717
2018-06-20,0.016063742582591717
2018-06-21,0.015413995390327681
2018-06-22,0.016281775163198647
2018-06-23,0.016281775163198647
2018-06-24,0.016332196467187983
2018-06-25,0.016287249122803566
2018-06-26,0.016427714306274172
2018-06-27,0.01605337868439028
2018-06-28,0.016325485316252348
2018-06-29,0.016325485316252348
2018-06-30,0.016307216214389457
2018-07-01,0.016431467256068494
2018-07-02,0.016021005842766684
2018-07-03,0.015212237687604586
2018-07-04,0.013750018551151655
2018-07-05,0.013959793529071026
2018-07-06,0.013585948696573025
2018-07-07,0.01318981600664377
2018-07-08,0.013348486885914643
2018-07-09,0.012734839590758888
2018-07-10,0.01407718995585105
2018-07-11,0.013803326663654495
2018-07-12,0.01428410961996733
2018-07-13,0.014421636393073261
2018-07-14,0.014421636393073261
2018-07-15,0.014421636393073261
2018-07-16,0.013709674942560797
2018-07-17,0.013709674942560797
2018-07-18,0.013709674942560797
2018-07-19,0.013709674942560797
2018-07-20,0.013850741479505047
2018-07-21,0.013498335980147385
2018-07-22,0.011081680301422456
2018-07-23,0.011081680301422456
2018-07-24,0.009866245982526839
2018-07-25,0.00962196218288551
2018-07-26,0.010378338262753436
2018-07-27,0.00947490376599451
2018-07-28,0.00947490376599451
2018-07-29,0.009389036757547256
2018-07-30,0.009496801537604047
2018-07-31,0.01082345468338994
2018-08-01,0.011215799170997501
2018-08-02,0.01131329492607663
2018-08-03,0.009137735370067986
2018-08-04,0.010487729344495251
2018-08-05,0.010437308040505916
2018-08-06,0.010742184420270681
2018-08-07,0.010790843947520496
2018-08-08,0.012384444924292323
2018-08-09,0.011272985972575153
2018-08-10,0.01272291835491025
2018-08-11,0.01272291835491025
2018-08-12,0.012598667313231216
2018-08-13,0.012833755148940447
2018-08-14,0.01268901730052803
2018-08-15,0.01268901730052803
2018-08-16,0.012479242322608658
2018-08-17,0.012479242322608658
2018-08-18,0.013200716485855942
2018-08-19,0.013042045606585067
2018-08-20,0.013697035732293533
2018-08-21,0.01235468536720137
2018-08-22,0.012796404550428011
2018-08-23,0.012315621594115176
2018-08-24,0.012178094821009247
2018-08-25,0.012178094821009247
2018-08-26,0.012297340841472645
2018-08-27,0.012297340841472645
2018-08-28,0.012297340841472645
2018-08-29,0.012448866768942139
2018-08-30,0.01260644168584648
2018-08-31,0.01219250754593414
2018-09-01,0.01219250754593414
2018-09-02,0.012179664127840524
2018-09-03,0.012307138709198301
2018-09-04,0.012307138709198301
2018-09-05,0.013904295888900948
2018-09-06,0.013810903165567375
2018-09-07,0.014255221093831679
2018-09-08,0.015052025440241841
2018-09-09,0.015011348270364624
2018-09-10,0.014903583490307832
2018-09-11,0.013641483040013072
2018-09-12,0.013249138552405509
2018-09-13,0.01300091143292408
2018-09-14,0.01269967102069513
2018-09-15,0.011349677046267865
2018-09-16,0.011386104639501784
2018-09-17,0.012038353740339595
2018-09-18,0.011289353381670168
2018-09-19,0.009695752404898342
2018-09-20,0.009695752404898342
2018-09-21,0.008245820022563244
2018-09-22,0.008372867368186316
2018-09-23,0.008426226336146144
2018-09-24,0.00864482599406707
2018-09-25,0.008910894428375157
2018-09-26,0.008910894428375157
2018-09-27,0.008910894428375157
2018-09-28,0.009105857660235786
2018-09-29,0.0085218680539247
2018-09-30,0.0085218680539247
2018-10-01,0.007742735424666499
2018-10-02,0.008053811040765016
2018-10-03,0.007669771916026347
2018-10-04,0.007669771916026347
2018-10-05,0.007669771916026347
2018-10-06,0.007818713301624694
2018-10-07,0.0076994672811612945
2018-10-08,0.0076994672811612945
2018-10-09,0.007758055055982054
2018-10-10,0.007698308261071995
2018-10-11,0.008939434547664497
2018-10-12,0.008939434547664497
2018-10-13,0.008939434547664497
2018-10-14,0.008939434547664497
2018-10-15,0.008811959966306718
2018-10-16,0.008811959966306718
2018-10-17,0.006642870718154091
2018-10-18,0.006414499403878742
2018-10-19,0.006296439699696362
2018-10-20,0.005499635353286199
2018-10-21,0.005499635353286199
2018-10-22,0.005531848229530482
2018-10-23,0.005567683999560076
2018-10-24,0.005567683999560076
2018-10-25,0.005703737856356409
2018-10-26,0.005664251240777301
2018-10-27,0.005784830263417024
2018-10-28,0.005805821708716516
2018-10-29,0.005388302156177149
2018-10-30,0.005439507593904996
2018-10-31,0.005439507593904996
2018-11-01,0.005439507593904996
2018-11-02,0.005439507593904996
2018-11-03,0.005486616313116929
2018-11-04,0.0054332573451570994
2018-11-05,0.005041543414777345
2018-11-06,0.004552321830983149
2018-11-07,0.004552321830983149
2018-11-08,0.004911961275994565
2018-11-09,0.004937932773492616
2018-11-10,0.00480044821655642
2018-11-11,0.00480044821655642
2018-11-12,0.004746635588564553
2018-11-13,0.004435559972466035
2018-11-14,0.006437964733538753
2018-11-15,0.007127309406025245
2018-11-16,0.00753408712200684
2018-11-17,0.007501827982498818
2018-11-18,0.007501827982498818
2018-11-19,0.010894616909220492
2018-11-20,0.012602873408121416
2018-11-21,0.012511094275561983
2018-11-22,0.012647679415083305
2018-11-23,0.012647679415083305
2018-11-24,0.015433812683009796
2018-11-25,0.015433812683009796
2018-11-26,0.016773709903313276
2018-11-27,0.016773709903313276
2018-11-28,0.016708878180132558
2018-11-29,0.016274266137873555
2018-11-30,0.01740219223008454
2018-12-01,0.01740219223008454
2018-12-02,0.017567613037846014
2018-12-03,0.019175631308632774
2018-12-04,0.019075242843112048
2018-12-05,0.020196626709254466
2018-12-06,0.02176944693691162
2018-12-07,0.022494228940161193
2018-12-08,0.02237364991752147
2018-12-09,0.02231623087898806
2018-12-10,0.02254431466231705
2018-12-11,0.022859977595080044
2018-12-12,0.022859977595080044
2018-12-13,0.023868963031441946
2018-12-14,0.024437319301814735
2018-12-15,0.024355280703620592
2018-12-16,0.024355280703620592
2018-12-17,0.024293307140370188
2018-12-18,0.024293307140370188
2018-12-19,0.024293307140370188
2018-12-20,0.023933667695358773
2018-12-21,0.024986535399089047
2018-12-22,0.024986535399089047
2018-12-23,0.025102582057542757
2018-12-24,0.025102582057542757
2018-12-25,0.0267135895845918
2018-12-26,0.02465350476503111
2018-12-27,0.025324778117438933
2018-12-28,0.02491800040145734
2018-12-29,0.025711139239345565
2018-12-30,0.025711139239345565
2018-12-31,0.022946618779254635
2019-01-01,0.02117977450553295
2019-01-02,0.02117977450553295
2019-01-03,0.020217667490746657
2019-01-04,0.020217667490746657
2019-01-05,0.017564072569632428
2019-01-06,0.017564072569632428
2019-01-07,0.016296832418863177
2019-01-08,0.01641884381842207
2019-01-09,0.01641884381842207
2019-01-10,0.01882165330903859
2019-01-11,0.01736746899274568
2019-01-12,0.0174879677558396
2019-01-13,0.018039725838211545
2019-01-14,0.016399494691180506
2019-01-15,0.016883916803794852
2019-01-16,0.015762532937652434
2019-01-17,0.014053658853198949
2019-01-18,0.013469797966160858
2019-01-19,0.013469797966160858
2019-01-20,0.014302818698275169
2019-01-21,0.013618557998415604
2019-01-22,0.013251689627924763
2019-01-23,0.01337274704995409
2019-01-24,0.01236376161359219
2019-01-25,0.011824304166260393
2019-01-26,0.011732453826920512
2019-01-27,0.011828881979757093
2019-01-28,0.012624471333462502
2019-01-29,0.012785238291221595
2019-01-30,0.012785238291221595
2019-01-31,0.012951608684219755
2019-02-01,0.0116778062511308
2019-02-02,0.0116778062511308
2019-02-03,0.011880871515087068
2019-02-04,0.011880871515087068
2019-02-05,0.010269863988038022
2019-02-06,0.010728414103271543
2019-02-07,0.009416578573672016
2019-02-08,0.009416578573672016
2019-02-09,0.008506757489693465
2019-02-10,0.008506757489693465
2019-02-11,0.008197707921804446
2019-02-12,0.008197707921804446
2019-02-13,0.008342784534332036
2019-02-14,0.007894209357336625
2019-02-15,0.007894209357336625
2019-02-16,0.007761671010524364
2019-02-17,0.007761671010524364
2019-02-18,0.007689013940990134
2019-02-19,0.007567002541431241
2019-02-20,0.007567002541431241
2019-02-21,0.005359499059179968
2019-02-22,0.005359499059179968
2019-02-23,0.005239000296086049
2019-02-24,0.006790209402304269
2019-02-25,0.006790209402304269
2019-02-26,0.006422323140989143
2019-02-27,0.006422323140989143
2019-02-28,0.00644965254488434
2019-03-01,0.006308731428672857
2019-03-02,0.006327858973220936
2019-03-03,0.005570877153720463
2019-03-04,0.006072663258924664
2019-03-05,0.006072663258924664
2019-03-06,0.0059516058368953365
2019-03-07,0.0059516058368953365
2019-03-08,0.005976550165491072
2019-03-09,0.005976283038190094
2019-03-10,0.006038709630879348
2019-03-11,0.005519540726959916
2019-03-12,0.0053587737692008235
2019-03-13,0.005461586475873031
2019-03-14,0.00529521608287487
2019-03-15,0.00529521608287487
2019-03-16,0.00529521608287487
2019-03-17,0.00512420021467059
2019-03-18,0.00512420021467059
2019-03-19,0.00512420021467059
2019-03-20,0.00466565009943707
2019-03-21,0.004987207458050845
2019-03-22,0.004987207458050845
2019-03-23,0.004987207458050845
2019-03-24,0.005069547598124201
2019-03-25,0.00508704253468976
2019-03-26,0.00508704253468976
2019-03-27,0.00494196592216217
2019-03-28,0.004877816491140686
2019-03-29,0.004877816491140686
2019-03-30,0.004877816491140686
2019-03-31,0.004895330914651595
2019-04-01,0.004895330914651595
2019-04-02,0.004895330914651595
2019-04-03,0.004895330914651595
2019-04-04,0.004864418574732801
2019-04-05,0.004864418574732801
2019-04-06,0.004864418574732801
2019-04-07,0.0025960305783811607
2019-04-08,0.0025960305783811607
2019-04-09,0.002877899620837515
2019-04-10,0.002877899620837515
2019-04-11,0.004192387408476901
2019-04-12,0.004192387408476901
2019-04-13,0.004186422859941107
2019-04-14,0.00411038394732727
2019-04-15,0.004023824419605201
2019-04-16,0.004023824419605201
2019-04-17,0.004023824419605201
2019-04-18,0.004023824419605201
2019-04-19,0.003969981267968474
2019-04-20,0.003969981267968474
2019-04-21,0.003971800510302691
2019-04-22,0.0036953800605167126
2019-04-23,0.0036953800605167126
2019-04-24,0.003934427062854644
2019-04-25,0.004808108868331533
2019-04-26,0.004808108868331533
2019-04-27,0.004890737039719963
2019-04-28,0.004742640985514267
2019-04-29,0.005055931684410013
2019-04-30,0.005055931684410013
2019-05-01,0.005055931684410013
2019-05-02,0.00468559183050145
2019-05-03,0.00468559183050145
2019-05-04,0.00468559183050145
2019-05-05,0.004824133746068054
2019-05-06,0.004602424121475131
2019-05-07,0.004602424121475131
2019-05-08,0.004602424121475131
2019-05-09,0.004541969401260155
2019-05-10,0.004541969401260155
2019-05-11,0.004541969401260155
2019-05-12,0.004893756317971166
2019-05-13,0.004893756317971166
2019-05-14,0.004893756317971166
2019-05-15,0.004893756317971166
2019-05-16,0.005630036919033273
2019-05-17,0.007230250586239944
2019-05-18,0.007548992873439691
2019-05-19,0.007548992873439691
2019-05-20,0.008171639448716381
2019-05-21,0.007873263730946222
2019-05-22,0.008720810583929066
2019-05-23,0.007378993392394483
2019-05-24,0.007378993392394483
2019-05-25,0.007365830396382199
2019-05-26,0.007365830396382199
2019-05-27,0.006867174807367427
2019-05-28,0.006978046533124848
2019-05-29,0.007169935548682578
2019-05-30,0.008229004345586197
2019-05-31,0.008229004345586197
2019-06-01,0.00825944320930008
2019-06-02,0.008098769221440028
2019-06-03,0.009824710635565306
2019-06-04,0.01111710945109807
2019-06-05,0.01077524974208793
2019-06-06,0.009901567936611042
2019-06-07,0.009901567936611042
2019-06-08,0.010079653742379133
2019-06-09,0.010894227746849465
2019-06-10,0.01058093704795372
2019-06-11,0.010874590038411461
2019-06-12,0.010874590038411461
2019-06-13,0.010874590038411461
2019-06-14,0.010874590038411461
2019-06-15,0.010874590038411461
2019-06-16,0.010653707982771501
2019-06-17,0.010538703772057139
2019-06-18,0.01114035774944038
2019-06-19,0.01114035774944038
2019-06-20,0.01114035774944038
2019-06-21,0.01114035774944038
2019-06-22,0.01114035774944038
2019-06-23,0.010771056409218462
2019-06-24,0.010771056409218462
2019-06-25,0.010771056409218462
2019-06-26,0.010771056409218462
2019-06-27,0.013315278408849865
2019-06-28,0.011715064741643194
2019-06-29,0.012371224526574385
2019-06-30,0.014567855525394292
2019-07-01,0.01445329852722667
2019-07-02,0.014353269351241255
2019-07-03,0.013505722498258411
2019-07-04,0.015144842171813697
2019-07-05,0.015521515135598487
2019-07-06,0.015521515135598487
2019-07-07,0.015521515135598487
2019-07-08,0.015521515135598487
2019-07-09,0.015410643409841066
2019-07-10,0.016059194371949744
2019-07-11,0.01655502636271542
2019-07-12,0.01655502636271542
2019-07-13,0.017351787874759855
2019-07-14,0.019967787060109016
2019-07-15,0.01824184564598374
2019-07-16,0.020240217326825787
2019-07-17,0.020240217326825787
2019-07-18,0.020240217326825787
2019-07-19,0.02051710406771172
2019-07-20,0.0202563900905552
2019-07-21,0.0197784418395446
2019-07-22,0.020345307867821103
2019-07-23,0.021172269949226368
2019-07-24,0.021418832014199727
2019-07-25,0.021418832014199727
2019-07-26,0.02155385540404941
2019-07-27,0.022411265193072454
2019-07-28,0.022411265193072454
2019-07-29,0.02249600833783941
2019-07-30,0.02189435436045617
2019-07-31,0.02189435436045617
2019-08-01,0.02189435436045617
2019-08-02,0.02189435436045617
2019-08-03,0.02189435436045617
2019-08-04,0.02189435436045617
2019-08-05,0.02189435436045617
2019-08-06,0.022603488722847273
2019-08-07,0.022603488722847273
2019-08-08,0.019158592453707306
2019-08-09,0.019397449852620343
2019-08-10,0.01959467139653452
2019-08-11,0.017398040397714615
2019-08-12,0.017209317557362457
2019-08-13,0.018284928949595627
2019-08-14,0.020201222006654085
2019-08-15,0.0185621023330988
2019-08-16,0.01818542936931401
2019-08-17,0.01845315022471788
2019-08-18,0.01845315022471788
2019-08-19,0.01845315022471788
2019-08-20,0.018793733810438102
2019-08-21,0.01936142558643361
2019-08-22,0.017906950397278652
2019-08-23,0.017906950397278652
2019-08-24,0.017671889298628167
2019-08-25,0.015055890113279008
2019-08-26,0.015055890113279008
2019-08-27,0.012198762757243192
2019-08-28,0.013309059543146831
2019-08-29,0.013860510001308184
2019-08-30,0.013583623260422253
2019-08-31,0.013583623260422253
2019-09-01,0.013246997506962519
2019-09-02,0.012680131478686015
2019-09-03,0.011559516406823008
2019-09-04,0.011421445828344114
2019-09-05,0.011427147086373051
2019-09-06,0.011898737759431309
2019-09-07,0.011041327970408264
2019-09-08,0.011212041021864487
2019-09-09,0.01130700714954045
2019-09-10,0.011785448178949156
2019-09-11,0.011785448178949156
2019-09-12,0.011785448178949156
2019-09-13,0.011952804353309424
2019-09-14,0.011969017382818034
2019-09-15,0.012045186584612797
2019-09-16,0.012162651335377259
2019-09-17,0.011601436334403026
2019-09-18,0.011673597065412775
2019-09-19,0.011673597065412775
2019-09-20,0.011611332995309132
2019-09-21,0.0108696948885124
2019-09-22,0.0108696948885124
2019-09-23,0.011338664252686334
2019-09-24,0.013432077587798635
2019-09-25,0.011693310141005962
2019-09-26,0.012751083345021666
2019-09-27,0.012751083345021666
2019-09-28,0.012483362489617794
2019-09-29,0.012937765514728325
2019-09-30,0.012937765514728325
2019-10-01,0.012597181929008102
2019-10-02,0.011189050175346184
2019-10-03,0.011479086604203551
2019-10-04,0.011731808196983823
2019-10-05,0.011171701276094084
2019-10-06,0.011982115382437203
2019-10-07,0.011982115382437203
2019-10-08,0.011611640332253639
2019-10-09,0.010501343546350001
2019-10-10,0.009957431458067151
2019-10-11,0.010805694565243601
2019-10-12,0.010805694565243601
2019-10-13,0.010877747622282826
2019-10-14,0.010877747622282826
2019-10-15,0.01142271884551283
2019-10-16,0.011808242766208753
2019-10-17,0.011802541508179816
2019-10-18,0.01156329871987083
2019-10-19,0.01156329871987083
2019-10-20,0.011392585668414607
2019-10-21,0.011288507267775114
2019-10-22,0.01133060790813012
2019-10-23,0.01303289366301273
2019-10-24,0.013206388843389719
2019-10-25,0.013039032669029452
2019-10-26,0.01302281963952084
2019-10-27,0.012946650437726078
2019-10-28,0.013654789227882371
2019-10-29,0.013506869866465501
2019-10-30,0.014083528323680079
2019-10-31,0.014119628664746623
2019-11-01,0.01394303533593723
2019-11-02,0.013512549826688845
2019-11-03,0.013756801358857373
2019-11-04,0.01296846525792653
2019-11-05,0.010015079636193112
2019-11-06,0.009837554025927326
2019-11-07,0.009095060081401485
2019-11-08,0.010266507118878998
2019-11-09,0.010266507118878998
2019-11-10,0.009812104093768467
2019-11-11,0.010632596336686218
2019-11-12,0.010632596336686218
2019-11-13,0.010753869309702933
2019-11-14,0.010719904981736033
2019-11-15,0.010953866582674212
2019-11-16,0.010921834226456116
2019-11-17,0.010111420120112997
2019-11-18,0.01101094825767919
2019-11-19,0.011103964619126386
2019-11-20,0.011208493079989506
2019-11-21,0.012625401145228412
2019-11-22,0.012926633433391246
2019-11-23,0.012926633433391246
2019-11-24,0.014222708090866756
2019-11-25,0.014222708090866756
2019-11-26,0.013677736867636752
2019-11-27,0.013183721460446366
2019-11-28,0.013467722748996314
2019-11-29,0.01310035147439736
2019-11-30,0.013716721220555148
2019-12-01,0.014198260578004123
2019-12-02,0.014435907833833977
2019-12-03,0.013920491409583593
2019-12-04,0.012541619779880483
2019-12-05,0.012368124599503497
2019-12-06,0.012368124599503497
2019-12-07,0.012492629654862081
2019-12-08,0.012492629654862081
2019-12-09,0.012216944529432597
2019-12-10,0.012591390430199365
2019-12-11,0.011989186961647197
2019-12-12,0.011992482513518551
2019-12-13,0.011992482513518551
2019-12-14,0.012638956301756947
2019-12-15,0.012394704769588418
2019-12-16,0.01316587098573272
2019-12-17,0.013894242552168243
2019-12-18,0.013894242552168243
2019-12-19,0.013999878220871273
2019-12-20,0.01282843118339376
2019-12-21,0.013011585083346851
2019-12-22,0.013011585083346851
2019-12-23,0.01278352841574754
2019-12-24,0.012983902071556688
2019-12-25,0.0130310371818573
2019-12-26,0.012683232570053755
2019-12-27,0.012196549376335302
2019-12-28,0.012196549376335302
2019-12-29,0.012196549376335302
2019-12-30,0.011759877297042177
2019-12-31,0.0117711044168913
2020-01-01,0.011666575956028179
2020-01-02,0.011032594623539258
2020-01-03,0.009883099228199976
2020-01-04,0.009883099228199976
2020-01-05,0.00851497151368524
2020-01-06,0.00851497151368524
2020-01-07,0.00851497151368524
2020-01-08,0.008777446408684286
2020-01-09,0.00920812617442737
2020-01-10,0.00920812617442737
2020-01-11,0.009111542257424821
2020-01-12,0.008630002899975847
2020-01-13,0.0085348432610614
2020-01-14,0.008529718015548074
2020-01-15,0.008206303890368572
2020-01-16,0.008481573806515649
2020-01-17,0.008481573806515649
2020-01-18,0.008357068751157064
2020-01-19,0.00893622399701368
2020-01-20,0.0085492549219252
2020-01-21,0.008174809021158434
2020-01-22,0.008274918823977526
2020-01-23,0.00900989732989491
2020-01-24,0.00900989732989491
2020-01-25,0.008642734490674668
2020-01-26,0.008642734490674668
2020-01-27,0.007871568274530368
2020-01-28,0.006927557602482791
2020-01-29,0.007112876623488145
2020-01-30,0.0066919616952952525
2020-01-31,0.0070966277092220625
2020-02-01,0.006913473809268973
2020-02-02,0.007048575433590847
2020-02-03,0.006556549430536999
2020-02-04,0.006601416839110641
2020-02-05,0.006433008755793314
2020-02-06,0.006424315668192058
2020-02-07,0.006424315668192058
2020-02-08,0.006424315668192058
2020-02-09,0.006424315668192058
2020-02-10,0.00667548055490834
2020-02-11,0.0065080689834565875
2020-02-12,0.0065080689834565875
2020-02-13,0.0059419163101682455
2020-02-14,0.0059419163101682455
2020-02-15,0.006975964701798303
2020-02-16,0.006975964701798303
2020-02-17,0.007488665435749299
2020-02-18,0.007488665435749299
2020-02-19,0.008602521570425566
2020-02-20,0.007887840516132534
2020-02-21,0.007887840516132534
2020-02-22,0.007432580216144463
2020-02-23,0.007432580216144463
2020-02-24,0.007895695898697657
2020-02-25,0.00874990470143193
2020-02-26,0.010146142755935854
2020-02-27,0.009870872839788778
2020-02-28,0.010225110899293158
2020-02-29,0.01069339163413804
2020-03-01,0.010114236388281425
2020-03-02,0.009951287047878631
2020-03-03,0.010369341240464054
2020-03-04,0.010247634093822667
2020-03-05,0.009473259694967383
2020-03-06,0.009473259694967383
2020-03-07,0.009842051414571088
2020-03-08,0.012245733048729631
2020-03-09,0.012554304600877416
2020-03-10,0.012660560014944765
2020-03-11,0.01247524099393941
2020-03-12,0.024442072963974132
2020-03-13,0.024037406950047323
2020-03-14,0.025838997118756743
2020-03-15,0.02570389549443487
2020-03-16,0.027127088094012337
2020-03-17,0.026881847029629542
2020-03-18,0.026881847029629542
2020-03-19,0.026881847029629542
2020-03-20,0.026881847029629542
2020-03-21,0.026963982432751613
2020-03-22,0.02843545090324861
2020-03-23,0.027721429958259262
2020-03-24,0.027721429958259262
2020-03-25,0.027960163138852856
2020-03-26,0.02773585070951271
2020-03-27,0.02911155847964229
2020-03-28,0.028540492259593247
2020-03-29,0.029936800590379783
2020-03-30,0.029424099856428788
2020-03-31,0.029424099856428788
2020-04-01,0.028047768826753475
2020-04-02,0.028047768826753475
2020-04-03,0.028258934207463293
2020-04-04,0.028194408678296125
2020-04-05,0.028488621348432046
2020-04-06,0.027807387177160015
2020-04-07,0.02738777691568282
2020-04-08,0.025991538861178897
2020-04-09,0.026244320358945156
2020-04-10,0.027320249271240677
2020-04-11,0.026851968536395793
2020-04-12,0.026851968536395793
2020-04-13,0.02708026393596111
2020-04-14,0.02666220974337569
2020-04-15,0.027510815086855014
2020-04-16,0.027510815086855014
2020-04-17,0.027761525741184227
2020-04-18,0.027113423072562363
2020-04-19,0.025133472251829977
2020-04-20,0.025828501071332357
2020-04-21,0.025722245657265008
2020-04-22,0.025722245657265008
2020-04-23,0.013755413687230286
2020-04-24,0.013755413687230286
2020-04-25,0.011953823518520864
2020-04-26,0.011953823518520864
2020-04-27,0.010430221346678809
2020-04-28,0.010539618639561179
2020-04-29,0.010539618639561179
2020-04-30,0.010973629104970345
2020-05-01,0.010973629104970345
2020-05-02,0.010891493701848276
2020-05-03,0.009627627801666493
2020-05-04,0.009687131137643032
2020-05-05,0.009687131137643032
2020-05-06,0.009448397957049437
2020-05-07,0.009448397957049437
2020-05-08,0.008521279740980223
2020-05-09,0.00870003127615126
2020-05-10,0.009434526335190093
2020-05-11,0.009878790705297503
2020-05-12,0.009878790705297503
2020-05-13,0.009878790705297503
2020-05-14,0.009878790705297503
2020-05-15,0.010852988385336442
2020-05-16,0.010852988385336442
2020-05-17,0.010558775715200521
2020-05-18,0.010558775715200521
2020-05-19,0.010124177173943443
2020-05-20,0.01077627458022013
2020-05-21,0.011658512667579097
2020-05-22,0.010228345695779198
2020-05-23,0.010228345695779198
2020-05-24,0.01144921188069334
2020-05-25,0.011220916481128022
2020-05-26,0.011379731955016573
2020-05-27,0.010506108235687386
2020-05-28,0.010506108235687386
2020-05-29,0.01062832956403166
2020-05-30,0.01062832956403166
2020-05-31,0.010825054711809157
2020-06-01,0.009821454340158993
2020-06-02,0.011470841539763976
2020-06-03,0.011470841539763976
2020-06-04,0.011470841539763976
2020-06-05,0.011882760493587543
2020-06-06,0.011882760493587543
2020-06-07,0.011882760493587543
2020-06-08,0.011882760493587543
2020-06-09,0.011796692455477405
2020-06-10,0.011796692455477405
2020-06-11,0.012865391687809234
2020-06-12,0.012865391687809234
2020-06-13,0.012865391687809234
2020-06-14,0.012989943197536298
2020-06-15,0.01293043986155976
2020-06-16,0.01293043986155976
2020-06-17,0.013082018086875051
2020-06-18,0.01328111965275227
2020-06-19,0.013026328063431049
2020-06-20,0.012384594356679
2020-06-21,0.01041783466582057
2020-06-22,0.00997357029571316
2020-06-23,0.010123500938002464
2020-06-24,0.010950061461177465
2020-06-25,0.011070739906286048
2020-06-26,0.010111114914767471
2020-06-27,0.010504695709804036
2020-06-28,0.010504695709804036
2020-06-29,0.010504695709804036
2020-06-30,0.010644998844976817
2020-07-01,0.00999290143870013
2020-07-02,0.009236013094080106
2020-07-03,0.009310230928230214
2020-07-04,0.009310230928230214
2020-07-05,0.00826213455140033
2020-07-06,0.00826213455140033
2020-07-07,0.00832554951772581
2020-07-08,0.00832554951772581
2020-07-09,0.008844983668859996
2020-07-10,0.008472051686186508
2020-07-11,0.008611677332781544
2020-07-12,0.007991221371577891
2020-07-13,0.00814561804131909
2020-07-14,0.0064962308417141085
2020-07-15,0.00664654521310122
2020-07-16,0.006812486185986664
2020-07-17,0.006400567232163095
2020-07-18,0.006400567232163095
2020-07-19,0.006400567232163095
2020-07-20,0.006525539921335427
2020-07-21,0.006502210666563197
2020-07-22,0.006502210666563197
2020-07-23,0.0049995009688222
2020-07-24,0.005162377506313484
2020-07-25,0.005162377506313484
2020-07-26,0.004830223426271205
2020-07-27,0.004830223426271205
2020-07-28,0.005098731844691996
2020-07-29,0.004947153619376704
2020-07-30,0.004750025443029197
2020-07-31,0.00455622747829005
2020-08-01,0.00455622747829005
2020-08-02,0.005912135888706237
2020-08-03,0.005912135888706237
2020-08-04,0.005821357842400147
2020-08-05,0.004994797319225147
2020-08-06,0.004874118874116563
2020-08-07,0.004991369940604446
2020-08-08,0.00459778914556788
2020-08-09,0.0047597422543609585
2020-08-10,0.0047597422543609585
2020-08-11,0.005643841213466399
2020-08-12,0.005643841213466399
2020-08-13,0.0052657099729611955
2020-08-14,0.005230856863568907
2020-08-15,0.005230856863568907
2020-08-16,0.005058087055484648
2020-08-17,0.005058087055484648
2020-08-18,0.005496578521976471
2020-08-19,0.005879193172905544
2020-08-20,0.0053597590217713586
2020-08-21,0.00601592222861119
2020-08-22,0.005876296582016155
2020-08-23,0.0059065907712394505
2020-08-24,0.00575219410149825
2020-08-25,0.006639540537310582
2020-08-26,0.006489226165923469
2020-08-27,0.006597091659660746
2020-08-28,0.006597091659660746
2020-08-29,0.006723570748792432
2020-08-30,0.006723570748792432
2020-08-31,0.006724267447573976
2020-09-01,0.006724267447573976
2020-09-02,0.007814156252611715
2020-09-03,0.010576912575156715
2020-09-04,0.010414036037665431
2020-09-05,0.01105990204502064
2020-09-06,0.01105990204502064
2020-09-07,0.01105990204502064
2020-09-08,0.01136468245248127
2020-09-09,0.01136468245248127
2020-09-10,0.01136270906295156
2020-09-11,0.01136270906295156
2020-09-12,0.01136270906295156
2020-09-13,0.010090530673188118
2020-09-14,0.010090530673188118
2020-09-15,0.010031378077204904
2020-09-16,0.010031378077204904
2020-09-17,0.010061871323704978
2020-09-18,0.009733250599445218
2020-09-19,0.009733250599445218
2020-09-20,0.009918410177430982
2020-09-21,0.011041300770530782
2020-09-22,0.01001689867625256
2020-09-23,0.010677543934583316
2020-09-24,0.010677543934583316
2020-09-25,0.010748541486397775
2020-09-26,0.010748541486397775
2020-09-27,0.010748541486397775
2020-09-28,0.010921826465320002
2020-09-29,0.01026110455861415
2020-09-30,0.01001923006400665
2020-10-01,0.01036968476291881
2020-10-02,0.009823032256942471
2020-10-03,0.009886953023166677
2020-10-04,0.009856658833943382
2020-10-05,0.009856658833943382
2020-10-06,0.009397946980098998
2020-10-07,0.009397946980098998
2020-10-08,0.009124140513476278
2020-10-09,0.009124140513476278
2020-10-10,0.008997661424344591
2020-10-11,0.008997661424344591
2020-10-12,0.008871992036390716
2020-10-13,0.00909545167895811
2020-10-14,0.008011129926751116
2020-10-15,0.0052483736042061154
2020-10-16,0.005636020113284896
2020-10-17,0.004990154105929686
2020-10-18,0.004990154105929686
2020-10-19,0.004990154105929686
2020-10-20,0.004416865280048265
2020-10-21,0.004416865280048265
2020-10-22,0.004416865280048265
2020-10-23,0.0045004556635400445
2020-10-24,0.0045004556635400445
2020-10-25,0.004403697541205345
2020-10-26,0.004403697541205345
2020-10-27,0.004403697541205345
2020-10-28,0.005058252262141384
2020-10-29,0.00502775901564131
2020-10-30,0.005013390604183006
2020-10-31,0.005013390604183006
2020-11-01,0.0047172628531287316
2020-11-02,0.00396424812697901
2020-11-03,0.00396424812697901
2020-11-04,0.0033036028686482546
2020-11-05,0.0033036028686482546
2020-11-06,0.0032086705992490664
2020-11-07,0.0044020039850709465
2020-11-08,0.0044020039850709465
2020-11-09,0.0044554883223465935
2020-11-10,0.004504000476539834
2020-11-11,0.004363260320218261
2020-11-12,0.0040128056213061
2020-11-13,0.0039032949204426074
2020-11-14,0.004207280319135383
2020-11-15,0.004375960733853908
2020-11-16,0.004375960733853908
2020-11-17,0.003947326151885961
2020-11-18,0.003947326151885961
2020-11-19,0.003947326151885961
2020-11-20,0.003947326151885961
2020-11-21,0.003947326151885961
2020-11-22,0.00431856699431641
2020-11-23,0.004378675952730565
2020-11-24,0.004155216310163172
2020-11-25,0.004703943716357078
2020-11-26,0.006789126045878071
2020-11-27,0.006415297661424986
2020-11-28,0.006415297661424986
2020-11-29,0.006415297661424986
2020-11-30,0.006415297661424986
2020-12-01,0.007568099283774872
2020-12-02,0.007568099283774872
2020-12-03,0.007568099283774872
2020-12-04,0.008449443843614436
2020-12-05,0.008449443843614436
2020-12-06,0.008298428246329446
2020-12-07,0.008536362928674737
2020-12-08,0.009607009450378517
2020-12-09,0.008952454729442479
2020-12-10,0.009323427376720619
2020-12-11,0.00960960834534911
2020-12-12,0.00960960834534911
2020-12-13,0.009558623409624545
2020-12-14,0.009188747542674467
2020-12-15,0.009188747542674467
2020-12-16,0.009188747542674467
2020-12-17,0.009188747542674467
2020-12-18,0.009173317535501376
2020-12-19,0.007979984149679497
2020-12-20,0.008348729155766888
2020-12-21,0.00888084155291825
2020-12-22,0.00883232939872501
2020-12-23,0.009417460057744756
2020-12-24,0.009417460057744756
2020-12-25,0.009417460057744756
2020-12-26,0.009049553892827774
2020-12-27,0.009071918963559881
2020-12-28,0.009071918963559881
2020-12-29,0.009071918963559881
2020-12-30,0.009071918963559881
2020-12-31,0.009071918963559881
2021-01-01,0.009071918963559881
2021-01-02,0.009071918963559881
2021-01-03,0.008700678121129433
2021-01-04,0.009381665557241329
2021-01-05,0.009381665557241329
2021-01-06,0.008827371098216677
2021-01-07,0.006742188768695685
2021-01-08,0.00672837064406999
2021-01-09,0.007020324271815468
2021-01-10,0.008200234833534551
2021-01-11,0.009978525276917677
2021-01-12,0.009753619711435
2021-01-13,0.009753619711435
2021-01-14,0.009753619711435
2021-01-15,0.01029662345115378
2021-01-16,0.010785838172068907
2021-01-17,0.010896141696604382
2021-01-18,0.010658207014259093
2021-01-19,0.010073323044556744
2021-01-20,0.010355771945150857
2021-01-21,0.013306142201073306
2021-01-22,0.013019961232444813
2021-01-23,0.013655061888459748
2021-01-24,0.013655061888459748
2021-01-25,0.013659269163646655
2021-01-26,0.013659269163646655
2021-01-27,0.015252588301570983
2021-01-28,0.015252588301570983
2021-01-29,0.015252588301570983
2021-01-30,0.015252588301570983
2021-01-31,0.015711018941017018
2021-02-01,0.014952137227667781
2021-02-02,0.014952137227667781
2021-02-03,0.014367006568648037
2021-02-04,0.014802750197612987
2021-02-05,0.014802750197612987
2021-02-06,0.014802750197612987
2021-02-07,0.014850618284424577
2021-02-08,0.014850618284424577
2021-02-09,0.014850618284424577
2021-02-10,0.015692573691380853
2021-02-11,0.015692573691380853
2021-02-12,0.016033466454799798
2021-02-13,0.016100986402272786
2021-02-14,0.016100986402272786
2021-02-15,0.015688919060595212
2021-02-16,0.015688919060595212
2021-02-17,0.015688919060595212
2021-02-18,0.015949408167684236
2021-02-19,0.015949408167684236
2021-02-20,0.01568507215450444
2021-02-21,0.014505161592785355
2021-02-22,0.014145617499771432
2021-02-23,0.015622790922412266
2021-02-24,0.015622790922412266
2021-02-25,0.016904001617975974
2021-02-26,0.015802558833047688
2021-02-27,0.01540119764934839
2021-02-28,0.01579755598737011
2021-03-01,0.01579755598737011
2021-03-02,0.015868697491161425
2021-03-03,0.01558624859056731
2021-03-04,0.013217804898549623
2021-03-05,0.013217804898549623
2021-03-06,0.012582704242534689
2021-03-07,0.012582704242534689
2021-03-08,0.012578496967347782
2021-03-09,0.012578496967347782
2021-03-10,0.010985177829423452
2021-03-11,0.010985177829423452
2021-03-12,0.011213529290812482
2021-03-13,0.011213529290812482
2021-03-14,0.011266288994748849
2021-03-15,0.012664466587572016
2021-03-16,0.012664466587572016
2021-03-17,0.012664466587572016
2021-03-18,0.012745459641574322
2021-03-19,0.012745459641574322
2021-03-20,0.012745459641574322
2021-03-21,0.012816185621039367
2021-03-22,0.014213221776218362
2021-03-23,0.014213221776218362
2021-03-24,0.014281047890974412
2021-03-25,0.01474525410641137
2021-03-26,0.014404361342992425
2021-03-27,0.014336841395519436
2021-03-28,0.014353700865278075
2021-03-29,0.014024671812429597
2021-03-30,0.014024671812429597
2021-03-31,0.014027111796207541
2021-04-01,0.013774775345221408
2021-04-02,0.013774775345221408
2021-04-03,0.01452638905518396
2021-04-04,0.01452638905518396
2021-04-05,0.013107642704814756
2021-04-06,0.011165616749515508
2021-04-07,0.012017290979081547
2021-04-08,0.010736080283517838
2021-04-09,0.010329584385396
2021-04-10,0.010241730848180173
2021-04-11,0.009735068985622977
2021-04-12,0.009791653723181163
2021-04-13,0.009234749667388418
2021-04-14,0.009466372817009355
2021-04-15,0.008513473605826454
2021-04-16,0.009211651963751151
2021-04-17,0.009732885907474629
2021-04-18,0.011314521545170588
2021-04-19,0.01153470707898003
2021-04-20,0.01153470707898003
2021-04-21,0.012674440593822263
2021-04-22,0.01362112163637107
2021-04-23,0.013654831092783294
2021-04-24,0.014161902634657922
2021-04-25,0.013753332151475731
2021-04-26,0.012355154558652564
2021-04-27,0.012355154558652564
2021-04-28,0.012427000482309936
2021-04-29,0.012477504416165226
2021-04-30,0.012477504416165226
2021-05-01,0.012477504416165226
2021-05-02,0.012676704109430056
2021-05-03,0.01127966795425106
2021-05-04,0.012993002024957451
2021-05-05,0.012083220503245127
2021-05-06,0.012055112004899811
2021-05-07,0.012055112004899811
2021-05-08,0.012055112004899811
2021-05-09,0.012290865481423975
2021-05-10,0.013303335766809405
2021-05-11,0.013303335766809405
2021-05-12,0.01645859190302619
2021-05-13,0.016450439246923302
2021-05-14,0.016450439246923302
2021-05-15,0.017189181471272668
2021-05-16,0.017358561706815975
2021-05-17,0.018890539551869784
2021-05-18,0.018806889548480036
2021-05-19,0.021650306259221878
2021-05-20,0.021650306259221878
2021-05-21,0.02365634512941117
2021-05-22,0.02365634512941117
2021-05-23,0.0255027801535601
2021-05-24,0.025446195416001915
2021-05-25,0.025737374099470137
2021-05-26,0.0255057509498492
2021-05-27,0.025941671634904108
2021-05-28,0.027084187637817742
2021-05-29,0.027280214681916205
2021-05-30,0.025698579044220245
2021-05-31,0.025478393510410802
2021-06-01,0.025839483213270127
2021-06-02,0.024699749698427892
2021-06-03,0.023753068655879086
2021-06-04,0.025004914384138845
2021-06-05,0.02536405998404137
2021-06-06,0.024892695117753768
2021-06-07,0.026433761690253445
2021-06-08,0.026556114915415038
2021-06-09,0.026484268991757667
2021-06-10,0.026375032634667145
2021-06-11,0.026375032634667145
2021-06-12,0.027542166088363736
2021-06-13,0.027033326843371636
2021-06-14,0.027033326843371636
2021-06-15,0.025539757759059468
2021-06-16,0.026628930935714962
2021-06-17,0.026352332312548934
2021-06-18,0.02781728042749711
2021-06-19,0.028041754953626707
2021-06-20,0.027789142007343906
2021-06-21,0.02960787307011944
2021-06-22,0.02960787307011944
2021-06-23,0.02645017695012471
2021-06-24,0.02645017695012471
2021-06-25,0.028664713169260263
2021-06-26,0.02714673962038266
2021-06-27,0.026977359384839354
2021-06-28,0.025586769350515744
2021-06-29,0.025207375829696697
2021-06-30,0.022093976154170282
2021-07-01,0.02316415522370249
2021-07-02,0.021158116353513196
2021-07-03,0.021158116353513196
2021-07-04,0.019311681329364266
2021-07-05,0.020413955733652255
2021-07-06,0.020122777050184032
2021-07-07,0.02037310026912708
2021-07-08,0.020641058114364383
2021-07-09,0.018800363753526055
2021-07-10,0.018304467951500186
2021-07-11,0.018304467951500186
2021-07-12,0.019133509349782692
2021-07-13,0.01903061517058208
2021-07-14,0.01903061517058208
2021-07-15,0.0197225161497313
2021-07-16,0.018582056819418484
2021-07-17,0.017715839677641333
2021-07-18,0.017715839677641333
2021-07-19,0.01688883617257267
2021-07-20,0.017590689713315587
2021-07-21,0.017590689713315587
2021-07-22,0.017132685453583565
2021-07-23,0.017132685453583565
2021-07-24,0.01596555199988697
2021-07-25,0.01596555199988697
2021-07-26,0.01596555199988697
2021-07-27,0.01574578701349275
2021-07-28,0.014656613836837256
2021-07-29,0.01449894725070109
2021-07-30,0.013033999135752913
2021-07-31,0.013233284432365055
2021-08-01,0.01418007670339062
2021-08-02,0.011769428497196088
2021-08-03,0.01234858764145291
2021-08-04,0.01234858764145291
2021-08-05,0.01234858764145291
2021-08-06,0.01013405142231736
2021-08-07,0.01013405142231736
2021-08-08,0.010553401518339193
2021-08-09,0.010412013707608999
2021-08-10,0.010758596543407226
2021-08-11,0.01021558243783022
2021-08-12,0.009734382137770099
2021-08-13,0.009734382137770099
2021-08-14,0.010101559270325574
2021-08-15,0.010149506286768462
2021-08-16,0.009597165310879063
2021-08-17,0.0102307445432327
2021-08-18,0.009980421324289652
2021-08-19,0.009276542793997441
2021-08-20,0.009276542793997441
2021-08-21,0.00929806784487067
2021-08-22,0.00929806784487067
2021-08-23,0.008469026446588165
2021-08-24,0.009100378684971742
2021-08-25,0.009100378684971742
2021-08-26,0.009466942063415727
2021-08-27,0.00909349474766753
2021-08-28,0.009178340277666333
2021-08-29,0.009240517081691
2021-08-30,0.009414238671441734
2021-08-31,0.00859003190553722
2021-09-01,0.00859003190553722
2021-09-02,0.00859003190553722
2021-09-03,0.00859003190553722
2021-09-04,0.008629827733560549
2021-09-05,0.008629827733560549
2021-09-06,0.008629827733560549
2021-09-07,0.011408070176814592
2021-09-08,0.011825997937025476
2021-09-09,0.011824165429236028
2021-09-10,0.012630137672404982
2021-09-11,0.012206377849663243
2021-09-12,0.011259585578637678
2021-09-13,0.011406780797549098
2021-09-14,0.010827621653292277
2021-09-15,0.010827621653292277
2021-09-16,0.011018174904915624
2021-09-17,0.011237557838006776
2021-09-18,0.011237557838006776
2021-09-19,0.011342093534402029
2021-09-20,0.013573396629024495
2021-09-21,0.014524215036698217
2021-09-22,0.014485537877493758
2021-09-23,0.013896559108021673
2021-09-24,0.015012719612359081
2021-09-25,0.014723493403581736
2021-09-26,0.01467554638713885
2021-09-27,0.014691402983557348
2021-09-28,0.014699553213427223
2021-09-29,0.014699553213427223
2021-09-30,0.014699553213427223
2021-10-01,0.014699553213427223
2021-10-02,0.014708596073357758
2021-10-03,0.014708596073357758
2021-10-04,0.014708596073357758
2021-10-05,0.01381904831131547
2021-10-06,0.01381904831131547
2021-10-07,0.013428331840662848
2021-10-08,0.013428331840662848
2021-10-09,0.013343486310664045
2021-10-10,0.013407611884655864
2021-10-11,0.012519827227474118
2021-10-12,0.013138629488348293
2021-10-13,0.013138629488348293
2021-10-14,0.013146541439973498
2021-10-15,0.013146541439973498
2021-10-16,0.013416385720211643
2021-10-17,0.013416385720211643
2021-10-18,0.013416385720211643
2021-10-19,0.010638143276957598
2021-10-20,0.010220215516746714
2021-10-21,0.011635245049399586
2021-10-22,0.011412493163952785
2021-10-23,0.011412493163952785
2021-10-24,0.011581906677606644
2021-10-25,0.01101415831672879
2021-10-26,0.012075459601880643
2021-10-27,0.012843644532081285
2021-10-28,0.012653091280457936
2021-10-29,0.012433708347366785
2021-10-30,0.012585076415811927
2021-10-31,0.012277478547053845
2021-11-01,0.010197627642982668
2021-11-02,0.008900226399510719
2021-11-03,0.009022377549829612
2021-11-04,0.009597654664212918
2021-11-05,0.008659733413470488
2021-11-06,0.008581782489692356
2021-11-07,0.008581782489692356
2021-11-08,0.008015992464875266
2021-11-09,0.0075790027949584155
2021-11-10,0.00832505653789848
2021-11-11,0.008364784172284447
2021-11-12,0.008605669804320901
2021-11-13,0.008353736707721063
2021-11-14,0.008353736707721063
2021-11-15,0.009059028698502666
2021-11-16,0.010425557072658206
2021-11-17,0.010425557072658206
2021-11-18,0.011160854076777879
2021-11-19,0.011160854076777879
2021-11-20,0.011160854076777879
2021-11-21,0.011471394894329658
2021-11-22,0.012456025547269984
2021-11-23,0.011837223286395809
2021-11-24,0.012004555658388549
2021-11-25,0.011996643706763344
2021-11-26,0.01420993973561577
2021-11-27,0.013900299627354295
2021-11-28,0.013900299627354295
2021-11-29,0.013900299627354295
2021-11-30,0.014243020307118723
2021-12-01,0.014243020307118723
2021-12-02,0.013122818157751742
2021-12-03,0.013785406265738468
2021-12-04,0.015848300498670687
2021-12-05,0.015678886985016828
2021-12-06,0.015678886985016828
2021-12-07,0.014617585699864974
2021-12-08,0.01390488873540067
2021-12-09,0.01532664202651309
2021-12-10,0.015530348872436508
2021-12-11,0.015378980803991365
2021-12-12,0.015162692880332361
2021-12-13,0.01666117819817727
2021-12-14,0.01666117819817727
2021-12-15,0.016539027047858375
2021-12-16,0.01657204046747943
2021-12-17,0.01715626005674079
2021-12-18,0.01715626005674079
2021-12-19,0.01723429641641034
2021-12-20,0.01723429641641034
2021-12-21,0.01702955662410368
2021-12-22,0.016430896744761597
2021-12-23,0.01639116911037563
2021-12-24,0.016159094463790772
2021-12-25,0.016356845627343044
2021-12-26,0.016356845627343044
2021-12-27,0.015686302333650332
2021-12-28,0.015850825938775726
2021-12-29,0.016397447505060538
2021-12-30,0.014994402614000282
2021-12-31,0.01545558884001633
2022-01-01,0.01545558884001633
2022-01-02,0.015237508805009795
2022-01-03,0.014679677550393212
2022-01-04,0.014996576245436816
2022-01-05,0.01609938427860371
2022-01-06,0.01630234585615546
2022-01-07,0.014941868846127086
2022-01-08,0.014941868846127086
2022-01-09,0.014941868846127086
2022-01-10,0.014965841362870328
2022-01-11,0.0146231206831059
2022-01-12,0.0146231206831059
2022-01-13,0.015067757130393803
2022-01-14,0.013821948664684922
2022-01-15,0.011759054431752704
2022-01-16,0.011766035128683513
2022-01-17,0.012251907302518884
2022-01-18,0.012251907302518884
2022-01-19,0.0125887241702546
2022-01-20,0.011733226479765876
2022-01-21,0.014147285345249835
2022-01-22,0.015062195511579638
2022-01-23,0.015062195511579638
2022-01-24,0.013412258003183443
2022-01-25,0.013412258003183443
2022-01-26,0.013508428809733523
2022-01-27,0.012900138275729158
2022-01-28,0.012137679432872821
2022-01-29,0.012137679432872821
2022-01-30,0.012238151312461833
2022-01-31,0.012238151312461833
2022-02-01,0.012238151312461833
2022-02-02,0.013223778777144726
2022-02-03,0.013223778777144726
2022-02-04,0.01321496779169313
2022-02-05,0.013127233872112
2022-02-06,0.013127233872112
2022-02-07,0.013092485175023108
2022-02-08,0.011561433195742174
2022-02-09,0.011014811629457362
2022-02-10,0.011490258324225006
2022-02-11,0.011651155675914206
2022-02-12,0.011738893857489734
2022-02-13,0.01161292044106087
2022-02-14,0.011186121042737127
2022-02-15,0.010869222347693523
2022-02-16,0.00996062743167321
2022-02-17,0.011653435078398746
2022-02-18,0.011120837570254102
2022-02-19,0.011120837570254102
2022-02-20,0.01214799835425529
2022-02-21,0.012994920270417407
2022-02-22,0.012994920270417407
2022-02-23,0.01361341946931226
2022-02-24,0.012873955638738468
2022-02-25,0.012873955638738468
2022-02-26,0.012936233276868811
2022-02-27,0.013808170945557181
2022-02-28,0.013322298771721811
2022-03-01,0.013322298771721811
2022-03-02,0.013214813808465184
2022-03-03,0.013442207293276234
2022-03-04,0.012754321160487607
2022-03-05,0.011839410994157803
2022-03-06,0.012437382385255945
2022-03-07,0.012707118563990639
2022-03-08,0.012707118563990639
2022-03-09,0.012610947757440559
2022-03-10,0.01408610873529885
2022-03-11,0.01450802885778048
2022-03-12,0.01450802885778048
2022-03-13,0.01497000793733901
2022-03-14,0.01497000793733901
2022-03-15,0.015205862322338611
2022-03-16,0.014072840994057737
2022-03-17,0.014186676136558858
2022-03-18,0.014186676136558858
2022-03-19,0.014076658892587716
2022-03-20,0.014612429189761831
2022-03-21,0.014762850670856883
2022-03-22,0.014762850670856883
2022-03-23,0.014762850670856883
2022-03-24,0.014287403976089238
2022-03-25,0.013665320398383989
2022-03-26,0.013577582216808461
2022-03-27,0.013484792472675597
2022-03-28,0.013484792472675597
2022-03-29,0.013484792472675597
2022-03-30,0.01330807994536671
2022-03-31,0.012213586893873423
2022-04-01,0.011893365383194012
2022-04-02,0.012137676646799904
2022-04-03,0.011110515862798718
2022-04-04,0.010239621429893356
2022-04-05,0.010799710357228175
2022-04-06,0.011431253578690544
2022-04-07,0.011431253578690544
2022-04-08,0.012093758321986458
2022-04-09,0.012031480683856113
2022-04-10,0.011486310645543533
2022-04-11,0.013019009831692685
2022-04-12,0.013019009831692685
2022-04-13,0.012734189961477259
2022-04-14,0.01264845287915362
2022-04-15,0.01071857330053487
2022-04-16,0.010820477332229402
2022-04-17,0.010639238407898578
2022-04-18,0.010369502229163885
2022-04-19,0.010369502229163885
2022-04-20,0.0104470881631825
2022-04-21,0.009482931831487528
2022-04-22,0.009518770680320195
2022-04-23,0.009679753974526287
2022-04-24,0.009039266655709194
2022-04-25,0.009039266655709194
2022-04-26,0.01020648068080592
2022-04-27,0.01020648068080592
2022-04-28,0.0100926455383048
2022-04-29,0.010789284351459564
2022-04-30,0.011392346974738524
2022-05-01,0.010856576677564409
2022-05-02,0.010706155196469357
2022-05-03,0.01120338924574149
2022-05-04,0.01120338924574149
2022-05-05,0.013163789849326065
2022-05-06,0.01351762499510677
2022-05-07,0.013878261136079081
2022-05-08,0.014860769429545465
2022-05-09,0.017807233248375038
2022-05-10,0.017807233248375038
2022-05-11,0.01913823612236721
2022-05-12,0.018397731234888182
2022-05-13,0.018397731234888182
2022-05-14,0.01815341997128229
2022-05-15,0.01815341997128229
2022-05-16,0.019285605766715515
2022-05-17,0.018725516839380698
2022-05-18,0.018868062504123942
2022-05-19,0.018868062504123942
2022-05-20,0.019100292688356196
2022-05-21,0.019100292688356196
2022-05-22,0.0187665443610496
2022-05-23,0.01818372933607217
2022-05-24,0.01818372933607217
2022-05-25,0.018274170412145546
2022-05-26,0.017842523076654244
2022-05-27,0.01831316135465364
2022-05-28,0.01821125732295911
2022-05-29,0.01779452485619179
2022-05-30,0.01779452485619179
2022-05-31,0.01779452485619179
2022-06-01,0.019259676581533994
2022-06-02,0.018748671935370675
2022-06-03,0.018886577646357722
2022-06-04,0.01872559435215163
2022-06-05,0.01872559435215163
2022-06-06,0.01872559435215163
2022-06-07,0.017511308816127252
2022-06-08,0.01822612067826848
2022-06-09,0.018300997850803406
2022-06-10,0.01842330951963528
2022-06-11,0.01837264241891043
2022-06-12,0.019975148304969926
2022-06-13,0.023951282620005898
2022-06-14,0.023828616019954077
2022-06-15,0.023828616019954077
2022-06-16,0.024287981564979858
2022-06-17,0.02393414641919915
2022-06-18,0.0253830778102976
2022-06-19,0.024400569516831217
2022-06-20,0.02145423299724441
2022-06-21,0.02145423299724441
2022-06-22,0.0207988184459654
2022-06-23,0.020738047160660432
2022-06-24,0.020738047160660432
2022-06-25,0.020738047160660432
2022-06-26,0.02124541454375824
2022-06-27,0.020450038878327907
2022-06-28,0.02098548749729135
2022-06-29,0.01977944345360846
2022-06-30,0.01999433263308912
2022-07-01,0.019903899496158672
2022-07-02,0.019937254057539988
2022-07-03,0.019937254057539988
2022-07-04,0.01898736989636827
2022-07-05,0.019059106288391973
2022-07-06,0.018968665212318596
2022-07-07,0.01869240054469879
2022-07-08,0.018255069370752948
2022-07-09,0.018258289065835515
2022-07-10,0.019076459337221345
2022-07-11,0.020125048259765327
2022-07-12,0.02089451234180701
2022-07-13,0.019351774682446192
2022-07-14,0.019351774682446192
2022-07-15,0.01875611000014485
2022-07-16,0.01875611000014485
2022-07-17,0.019206802659940157
2022-07-18,0.019206802659940157
2022-07-19,0.019018019785868204
2022-07-20,0.018480243220185134
2022-07-21,0.018478382917769147
2022-07-22,0.01814497903913366
2022-07-23,0.017839206007691417
2022-07-24,0.01623670012163192
2022-07-25,0.013637511232210337
2022-07-26,0.01332584956823353
2022-07-27,0.01332584956823353
2022-07-28,0.010906083419623175
2022-07-29,0.010975266908100837
2022-07-30,0.009296493950794819
2022-07-31,0.009651780486172858
2022-08-01,0.00967753814799002
2022-08-02,0.009966020300857317
2022-08-03,0.009281725018490736
2022-08-04,0.00948648000609025
2022-08-05,0.00948648000609025
2022-08-06,0.009855168192135087
2022-08-07,0.009347800809037278
2022-08-08,0.00901099067903439
2022-08-09,0.009144900150453687
2022-08-10,0.00895835610903611
2022-08-11,0.008763016334981614
2022-08-12,0.007958714544383889
2022-08-13,0.007925359983002573
2022-08-14,0.008058351234455354
2022-08-15,0.008265377075532532
2022-08-16,0.00843206782419286
2022-08-17,0.008948742869993424
2022-08-18,0.009103735523122427
2022-08-19,0.01162204531390317
2022-08-20,0.011618825618820602
2022-08-21,0.01080065534743477
2022-08-22,0.009880536427985222
2022-08-23,0.009111072345943539
2022-08-24,0.009289839432228456
2022-08-25,0.009289839432228456
2022-08-26,0.010791803660889039
2022-08-27,0.011032332517514459
2022-08-28,0.011161361447642903
2022-08-29,0.011161361447642903
2022-08-30,0.011724385969813723
2022-08-31,0.011547350673355565
2022-09-01,0.011474333803236623
2022-09-02,0.011202153712107315
2022-09-03,0.011099117404525384
2022-09-04,0.011099117404525384
2022-09-05,0.00996562303694408
2022-09-06,0.011144742300011036
2022-09-07,0.011144742300011036
2022-09-08,0.011144742300011036
2022-09-09,0.011075558811533373
2022-09-10,0.010944764236768632
2022-09-11,0.010589477701390595
2022-09-12,0.010563592740330665
2022-09-13,0.012763144643681007
2022-09-14,0.01258701864150399
2022-09-15,0.01300821473803506
2022-09-16,0.01300821473803506
2022-09-17,0.012639526551990224
2022-09-18,0.01347977556256438
2022-09-19,0.01347977556256438
2022-09-20,0.013631199190574724
2022-09-21,0.014158780046956244
2022-09-22,0.014139230641530083
2022-09-23,0.014276728781563677
2022-09-24,0.014737113803969349
2022-09-25,0.01474689979864296
2022-09-26,0.014539873957565782
2022-09-27,0.014486283034586402
2022-09-28,0.01396960798878584
2022-09-29,0.013814615335656834
2022-09-30,0.011469152197201037
2022-10-01,0.011606427407286521
2022-10-02,0.011921863104369802
2022-10-03,0.011793393101275368
2022-10-04,0.011793393101275368
2022-10-05,0.011825770704217415
2022-10-06,0.012060301478033017
2022-10-07,0.011077563065594376
2022-10-08,0.01097412807019398
2022-10-09,0.01039440648027023
2022-10-10,0.010773617321760468
2022-10-11,0.010300203101263698
2022-10-12,0.010300203101263698
2022-10-13,0.010300203101263698
2022-10-14,0.010331653037031853
2022-10-15,0.010321961196187864
2022-10-16,0.010321961196187864
2022-10-17,0.010078510138154776
2022-10-18,0.009108920267408224
2022-10-19,0.009360904214302959
2022-10-20,0.009463277010442065
2022-10-21,0.009463277010442065
2022-10-22,0.009463277010442065
2022-10-23,0.009463277010442065
2022-10-24,0.009757905886346544
2022-10-25,0.007269871830128906
2022-10-26,0.007269871830128906
2022-10-27,0.007196449730472335
2022-10-28,0.007196449730472335
2022-10-29,0.007196449730472335
2022-10-30,0.006565572508056947
2022-10-31,0.0067239318090007456
2022-11-01,0.005911424719484354
2022-11-02,0.0057726520298597706
2022-11-03,0.0057726520298597706
2022-11-04,0.005635153889826177
2022-11-05,0.005174768867420505
2022-11-06,0.00547631033155117
2022-11-07,0.005837160532465064
2022-11-08,0.008141370714435579
2022-11-09,0.01177393689013392
2022-11-10,0.01177393689013392
2022-11-11,0.012296915125698268
2022-11-12,0.012522568999412662
2022-11-13,0.012900060784359436
2022-11-14,0.012900060784359436
2022-11-15,0.012900060784359436
2022-11-16,0.013026322282914496
2022-11-17,0.012791791509098895
2022-11-18,0.012272565692876951
2022-11-19,0.012135471831651926
2022-11-20,0.012742565853506188
2022-11-21,0.013104460419464517
2022-11-22,0.013014850117790466
2022-11-23,0.013014850117790466
2022-11-24,0.013020816471659244
2022-11-25,0.012886431944980266
2022-11-26,0.012844322970346852
2022-11-27,0.01288745723980167
2022-11-28,0.013202381916657971
2022-11-29,0.012929946739094063
2022-11-30,0.012677962792199328
2022-12-01,0.012835397424495106
2022-12-02,0.012835397424495106
2022-12-03,0.013126262028145638
2022-12-04,0.013126262028145638
2022-12-05,0.013026389595852915
2022-12-06,0.013026389595852915
2022-12-07,0.013380560477024982
2022-12-08,0.012828031492550967
2022-12-09,0.012960467686414314
2022-12-10,0.012961955084435064
2022-12-11,0.01281165384226799
2022-12-12,0.012653294541324193
2022-12-13,0.012645019912447496
2022-12-14,0.012256211745690561
2022-12-15,0.012861391517643714
2022-12-16,0.013876203231323611
2022-12-17,0.013876203231323611
2022-12-18,0.013486316900764713
2022-12-19,0.013555106439069193
2022-12-20,0.011066060039394027
2022-12-21,0.00753360347916682
2022-12-22,0.007538189024438401
2022-12-23,0.006869899029091906
2022-12-24,0.006506969945292027
2022-12-25,0.005819714052824453
2022-12-26,0.005819714052824453
2022-12-27,0.006121400154566721
2022-12-28,0.006011754309582996
2022-12-29,0.006011754309582996
2022-12-30,0.006048986076419122
2022-12-31,0.00614247213430163
