,indice,indice_original_lower_pivot,valor_rsi,support_slope,support_intercept,inicio_janela,fim_janela,mapeado,x_min,x_max,num_zeros
0,0.0,42.0,3.1107057922668844,0.5295742352818865,-19.13141208957235,20.0,119.0,0.0,0.0,0.0,0.0
1,1.0,42.0,3.1107057922668844,-2.9094959669050273,125.30953640227803,20.0,119.0,0.0,0.0,0.0,0.0
2,2.0,42.0,3.1107057922668844,0.2159553124332655,-5.959417329930266,23.0,122.0,0.0,0.0,0.0,0.0
3,3.0,42.0,3.1107057922668844,-2.9094959669050273,125.30953640227803,23.0,122.0,0.0,0.0,0.0,0.0
4,4.0,42.0,3.1107057922668844,0.20936395314501266,-5.682580239823647,34.0,133.0,1.0,42.0,123.0,3.0
5,5.0,42.0,3.1107057922668844,0.20936395314501266,-5.682580239823647,42.0,141.0,1.0,42.0,134.0,3.0
6,6.0,119.0,19.739264849628327,0.08248028684614539,9.924110714937026,45.0,144.0,0.0,0.0,0.0,0.0
7,7.0,119.0,19.739264849628327,-0.37515023303898587,64.38214258126764,45.0,144.0,1.0,50.0,134.0,4.0
8,8.0,119.0,19.739264849628327,0.08248028684614539,9.924110714937026,50.0,149.0,0.0,0.0,0.0,0.0
9,9.0,119.0,19.739264849628327,-0.37515023303898587,64.38214258126764,50.0,149.0,1.0,50.0,145.0,4.0
10,10.0,119.0,19.739264849628327,0.08248028684614539,9.924110714937026,55.0,154.0,0.0,0.0,0.0,0.0
11,11.0,119.0,19.739264849628327,-0.37515023303898587,64.38214258126764,55.0,154.0,1.0,50.0,145.0,4.0
12,12.0,119.0,19.739264849628327,0.08248028684614539,9.924110714937026,61.0,160.0,0.0,0.0,0.0,0.0
13,13.0,119.0,19.739264849628327,-0.37515023303898587,64.38214258126764,61.0,160.0,1.0,50.0,155.0,4.0
14,14.0,119.0,19.739264849628327,0.08248028684614539,9.924110714937026,62.0,161.0,0.0,0.0,0.0,0.0
15,15.0,119.0,19.739264849628327,-0.47331140527315096,76.0633220771333,62.0,161.0,1.0,67.0,155.0,3.0
16,16.0,119.0,19.739264849628327,0.08248028684614539,9.924110714937026,67.0,166.0,0.0,0.0,0.0,0.0
17,17.0,119.0,19.739264849628327,-0.47331140527315096,76.0633220771333,67.0,166.0,1.0,67.0,162.0,3.0
18,18.0,119.0,19.739264849628327,0.08248028684614539,9.924110714937026,71.0,170.0,0.0,0.0,0.0,0.0
19,19.0,119.0,19.739264849628327,-0.5139856235275152,80.90355404940263,71.0,170.0,0.0,0.0,0.0,0.0
20,20.0,119.0,19.739264849628327,0.08248028684614539,9.924110714937026,78.0,177.0,0.0,0.0,0.0,0.0
21,21.0,119.0,19.739264849628327,-0.6124620218565868,92.62224545056216,78.0,177.0,0.0,0.0,0.0,0.0
22,22.0,119.0,19.739264849628327,0.08248028684614539,9.924110714937026,79.0,178.0,1.0,119.0,178.0,3.0
23,23.0,119.0,19.739264849628327,-0.6124620218565868,92.62224545056216,79.0,178.0,0.0,0.0,0.0,0.0
24,24.0,119.0,19.739264849628327,0.06169107665792456,12.398026727335305,86.0,185.0,1.0,119.0,178.0,3.0
25,25.0,119.0,19.739264849628327,-0.6124620218565868,92.62224545056216,86.0,185.0,0.0,0.0,0.0,0.0
26,26.0,119.0,19.739264849628327,-0.046675417124652764,25.293639487462006,91.0,190.0,1.0,119.0,186.0,3.0
27,27.0,119.0,19.739264849628327,-0.6124620218565868,92.62224545056216,91.0,190.0,0.0,0.0,0.0,0.0
28,28.0,119.0,19.739264849628327,-0.046675417124652764,25.293639487462006,95.0,194.0,1.0,119.0,186.0,3.0
29,29.0,119.0,19.739264849628327,-0.7414077152098936,107.96678295960567,95.0,194.0,1.0,95.0,186.0,3.0
30,30.0,119.0,19.739264849628327,-0.046675417124652764,25.293639487462006,98.0,197.0,1.0,119.0,186.0,3.0
31,31.0,119.0,19.739264849628327,-0.7414077152098936,107.96678295960567,98.0,197.0,1.0,95.0,186.0,3.0
32,32.0,119.0,19.739264849628327,-0.046675417124652764,25.293639487462006,100.0,199.0,1.0,119.0,198.0,3.0
33,33.0,119.0,19.739264849628327,-0.7414077152098936,107.96678295960567,100.0,199.0,1.0,95.0,198.0,3.0
34,34.0,119.0,19.739264849628327,-0.046675417124652764,25.293639487462006,107.0,206.0,1.0,119.0,198.0,3.0
35,35.0,119.0,19.739264849628327,-0.046675417124652764,25.293639487462006,116.0,215.0,1.0,119.0,207.0,3.0
36,36.0,119.0,19.739264849628327,-0.046675417124652764,25.293639487462006,119.0,218.0,1.0,119.0,216.0,3.0
37,37.0,123.0,20.06918599701291,-0.054875779281528834,26.818906848640957,123.0,222.0,1.0,119.0,216.0,3.0
38,38.0,186.0,16.612011902276592,0.14964804640327334,-11.22252472873225,134.0,233.0,0.0,0.0,0.0,0.0
39,39.0,186.0,16.612011902276592,-0.649394227172442,137.3993381563508,134.0,233.0,1.0,134.0,216.0,3.0
40,40.0,186.0,16.612011902276592,0.14964804640327334,-11.22252472873225,141.0,240.0,0.0,0.0,0.0,0.0
41,41.0,186.0,16.612011902276592,-0.8458783087711605,173.94537733371243,141.0,240.0,0.0,0.0,0.0,0.0
42,42.0,186.0,16.612011902276592,0.14964804640327334,-11.22252472873225,145.0,244.0,0.0,0.0,0.0,0.0
43,43.0,186.0,16.612011902276592,-0.8458783087711605,173.94537733371243,145.0,244.0,0.0,0.0,0.0,0.0
44,44.0,186.0,16.612011902276592,0.14964804640327334,-11.22252472873225,150.0,249.0,0.0,0.0,0.0,0.0
45,45.0,186.0,16.612011902276592,-0.8458783087711605,173.94537733371243,150.0,249.0,0.0,0.0,0.0,0.0
46,46.0,216.0,21.101453294374792,0.47426344087945327,-81.33944993558711,155.0,254.0,0.0,0.0,0.0,0.0
47,47.0,216.0,21.101453294374792,0.14964804640327334,-11.222524728732246,155.0,254.0,0.0,0.0,0.0,0.0
48,48.0,216.0,21.101453294374792,0.47426344087945327,-81.33944993558711,159.0,258.0,0.0,0.0,0.0,0.0
49,49.0,216.0,21.101453294374792,0.14964804640327334,-11.222524728732246,159.0,258.0,0.0,0.0,0.0,0.0
50,50.0,216.0,21.101453294374792,0.47426344087945327,-81.33944993558711,162.0,261.0,1.0,216.0,259.0,3.0
51,51.0,216.0,21.101453294374792,0.14964804640327334,-11.222524728732246,162.0,261.0,0.0,0.0,0.0,0.0
52,52.0,216.0,21.101453294374792,0.47426344087945327,-81.33944993558711,166.0,265.0,1.0,216.0,259.0,3.0
53,53.0,216.0,21.101453294374792,0.14964804640327334,-11.222524728732246,166.0,265.0,0.0,0.0,0.0,0.0
54,54.0,216.0,21.101453294374792,0.4287703184079733,-71.51293548174745,178.0,277.0,1.0,216.0,266.0,3.0
55,55.0,216.0,21.101453294374792,0.14964804640327334,-11.222524728732246,178.0,277.0,0.0,0.0,0.0,0.0
56,56.0,216.0,21.101453294374792,0.4287703184079733,-71.51293548174745,184.0,283.0,1.0,216.0,266.0,3.0
57,57.0,216.0,21.101453294374792,0.14964804640327334,-11.222524728732246,184.0,283.0,0.0,0.0,0.0,0.0
58,58.0,186.0,16.612011902276592,0.14964804640327334,-11.22252472873225,186.0,285.0,0.0,0.0,0.0,0.0
59,59.0,284.0,6.820463610011714,-0.21001455418180998,66.46459699764574,198.0,297.0,0.0,0.0,0.0,0.0
60,60.0,284.0,6.820463610011714,-0.21001455418180998,66.46459699764574,205.0,304.0,0.0,0.0,0.0,0.0
61,61.0,284.0,6.820463610011714,-0.21001455418180998,66.46459699764574,207.0,306.0,0.0,0.0,0.0,0.0
62,62.0,284.0,6.820463610011714,2.7666482082030717,-778.9076275196607,209.0,308.0,0.0,0.0,0.0,0.0
63,63.0,284.0,6.820463610011714,-0.21001455418180998,66.46459699764574,209.0,308.0,0.0,0.0,0.0,0.0
64,64.0,284.0,6.820463610011714,2.1215477620886967,-595.6991008231781,214.0,313.0,0.0,0.0,0.0,0.0
65,65.0,284.0,6.820463610011714,-0.21001455418180998,66.46459699764574,214.0,313.0,0.0,0.0,0.0,0.0
66,66.0,284.0,6.820463610011714,2.1215477620886967,-595.6991008231781,216.0,315.0,0.0,0.0,0.0,0.0
67,67.0,284.0,6.820463610011714,-0.21001455418180998,66.46459699764574,216.0,315.0,0.0,0.0,0.0,0.0
68,68.0,284.0,6.820463610011714,1.7047268378831895,-477.3219583488141,226.0,325.0,0.0,0.0,0.0,0.0
69,69.0,284.0,6.820463610011714,-0.6078505978220793,179.45003339148224,226.0,325.0,0.0,0.0,0.0,0.0
70,70.0,284.0,6.820463610011714,1.3487191930574465,-376.2157872183031,230.0,329.0,0.0,0.0,0.0,0.0
71,71.0,284.0,6.820463610011714,-0.6078505978220793,179.45003339148224,230.0,329.0,0.0,0.0,0.0,0.0
72,72.0,284.0,6.820463610011714,1.0227015972083253,-283.6267899971527,236.0,335.0,0.0,0.0,0.0,0.0
73,73.0,284.0,6.820463610011714,-0.6078505978220793,179.45003339148224,236.0,335.0,0.0,0.0,0.0,0.0
74,74.0,284.0,6.820463610011714,0.7398604348066345,-203.29989987507247,241.0,340.0,0.0,0.0,0.0,0.0
75,75.0,284.0,6.820463610011714,-0.6078505978220793,179.45003339148224,241.0,340.0,0.0,0.0,0.0,0.0
76,76.0,284.0,6.820463610011714,0.7398604348066345,-203.29989987507247,245.0,344.0,0.0,0.0,0.0,0.0
77,77.0,284.0,6.820463610011714,-1.2637461031902528,365.7243569160435,245.0,344.0,0.0,0.0,0.0,0.0
78,78.0,284.0,6.820463610011714,0.4103621441718783,-109.72238533480171,250.0,349.0,0.0,0.0,0.0,0.0
79,79.0,284.0,6.820463610011714,-1.2637461031902528,365.7243569160435,250.0,349.0,0.0,0.0,0.0,0.0
80,80.0,284.0,6.820463610011714,0.4103621441718783,-109.72238533480171,251.0,350.0,0.0,0.0,0.0,0.0
81,81.0,284.0,6.820463610011714,-1.4634709649345254,422.44621765141693,251.0,350.0,0.0,0.0,0.0,0.0
82,82.0,284.0,6.820463610011714,0.4103621441718783,-109.72238533480171,259.0,358.0,0.0,0.0,0.0,0.0
83,83.0,284.0,6.820463610011714,-1.4634709649345254,422.44621765141693,259.0,358.0,0.0,0.0,0.0,0.0
84,84.0,284.0,6.820463610011714,0.4103621441718783,-109.72238533480171,261.0,360.0,0.0,0.0,0.0,0.0
85,85.0,284.0,6.820463610011714,-1.984416978042319,570.3948853740304,261.0,360.0,0.0,0.0,0.0,0.0
86,86.0,284.0,6.820463610011714,0.2122802650290814,-53.4671316582474,266.0,365.0,0.0,0.0,0.0,0.0
87,87.0,284.0,6.820463610011714,-1.984416978042319,570.3948853740304,266.0,365.0,0.0,0.0,0.0,0.0
88,88.0,284.0,6.820463610011714,0.2122802650290814,-53.4671316582474,284.0,383.0,0.0,0.0,0.0,0.0
89,89.0,361.0,23.166044017250982,-0.5429068992028316,219.1554346294732,293.0,392.0,0.0,0.0,0.0,0.0
90,90.0,361.0,23.166044017250982,0.21356117629102433,-53.929540623808805,300.0,399.0,1.0,284.0,393.0,3.0
91,91.0,361.0,23.166044017250982,-0.5429068992028316,219.1554346294732,300.0,399.0,0.0,0.0,0.0,0.0
92,92.0,361.0,23.166044017250982,0.15763814794585237,-33.74132739120172,305.0,404.0,1.0,361.0,400.0,3.0
93,93.0,361.0,23.166044017250982,-0.5429068992028316,219.1554346294732,305.0,404.0,0.0,0.0,0.0,0.0
94,94.0,361.0,23.166044017250982,0.15763814794585237,-33.74132739120172,309.0,408.0,1.0,361.0,400.0,3.0
95,95.0,361.0,23.166044017250982,-0.5429068992028316,219.1554346294732,309.0,408.0,0.0,0.0,0.0,0.0
96,96.0,361.0,23.166044017250982,0.15763814794585237,-33.74132739120172,314.0,413.0,1.0,361.0,400.0,3.0
97,97.0,361.0,23.166044017250982,-0.5429068992028316,219.1554346294732,314.0,413.0,0.0,0.0,0.0,0.0
98,98.0,361.0,23.166044017250982,0.15763814794585237,-33.74132739120172,326.0,425.0,1.0,361.0,400.0,3.0
99,99.0,361.0,23.166044017250982,-0.5429068992028316,219.1554346294732,326.0,425.0,0.0,0.0,0.0,0.0
100,100.0,361.0,23.166044017250982,0.15763814794585237,-33.74132739120172,328.0,427.0,1.0,361.0,400.0,3.0
101,101.0,361.0,23.166044017250982,-0.5429068992028316,219.1554346294732,328.0,427.0,0.0,0.0,0.0,0.0
102,102.0,361.0,23.166044017250982,0.15763814794585237,-33.74132739120172,330.0,429.0,1.0,361.0,400.0,3.0
103,103.0,361.0,23.166044017250982,-0.5429068992028316,219.1554346294732,330.0,429.0,0.0,0.0,0.0,0.0
104,104.0,361.0,23.166044017250982,0.009470514791174908,19.74718817763684,333.0,432.0,1.0,119.0,178.0,3.0
105,105.0,361.0,23.166044017250982,-0.5429068992028316,219.1554346294732,333.0,432.0,0.0,0.0,0.0,0.0
106,106.0,361.0,23.166044017250982,0.009470514791174908,19.74718817763684,336.0,435.0,1.0,119.0,178.0,3.0
107,107.0,361.0,23.166044017250982,-0.5429068992028316,219.1554346294732,336.0,435.0,0.0,0.0,0.0,0.0
108,108.0,428.0,23.8005685082597,0.4090100758582139,-151.25574395905585,345.0,444.0,0.0,0.0,0.0,0.0
109,109.0,428.0,23.8005685082597,0.009470514791174908,19.74718817763684,345.0,444.0,1.0,119.0,178.0,3.0
110,110.0,428.0,23.8005685082597,0.4090100758582139,-151.25574395905585,351.0,450.0,0.0,0.0,0.0,0.0
111,111.0,428.0,23.8005685082597,0.009470514791174908,19.74718817763684,351.0,450.0,1.0,119.0,178.0,3.0
112,112.0,428.0,23.8005685082597,0.4090100758582139,-151.25574395905585,356.0,455.0,0.0,0.0,0.0,0.0
113,113.0,428.0,23.8005685082597,0.009470514791174908,19.74718817763684,356.0,455.0,1.0,119.0,178.0,3.0
114,114.0,428.0,23.8005685082597,0.4090100758582139,-151.25574395905585,361.0,460.0,0.0,0.0,0.0,0.0
115,115.0,428.0,23.8005685082597,0.009470514791174908,19.74718817763684,361.0,460.0,1.0,119.0,178.0,3.0
116,116.0,428.0,23.8005685082597,0.4090100758582139,-151.25574395905585,363.0,462.0,0.0,0.0,0.0,0.0
117,117.0,428.0,23.8005685082597,-0.17712666143725886,99.6107796034065,363.0,462.0,1.0,393.0,456.0,3.0
118,118.0,428.0,23.8005685082597,0.35274901353680344,-127.17600928549216,373.0,472.0,1.0,428.0,463.0,3.0
119,119.0,428.0,23.8005685082597,-0.17712666143725886,99.6107796034065,373.0,472.0,1.0,393.0,463.0,3.0
120,120.0,428.0,23.8005685082597,0.2603860911341542,-87.64467849715828,384.0,483.0,1.0,428.0,473.0,3.0
121,121.0,428.0,23.8005685082597,-0.17712666143725886,99.6107796034065,384.0,483.0,1.0,393.0,473.0,3.0
122,122.0,428.0,23.8005685082597,0.2603860911341542,-87.64467849715828,393.0,492.0,1.0,428.0,484.0,3.0
123,123.0,428.0,23.8005685082597,-0.17712666143725886,99.6107796034065,393.0,492.0,1.0,393.0,484.0,3.0
124,124.0,428.0,23.8005685082597,0.2603860911341542,-87.64467849715828,399.0,498.0,1.0,428.0,484.0,3.0
125,125.0,428.0,23.8005685082597,-0.19690583138855441,108.07626434256099,399.0,498.0,1.0,393.0,484.0,3.0
126,126.0,428.0,23.8005685082597,0.2603860911341542,-87.64467849715828,400.0,499.0,1.0,428.0,499.0,4.0
127,127.0,428.0,23.8005685082597,-0.19690583138855441,108.07626434256099,400.0,499.0,1.0,393.0,499.0,3.0
128,128.0,428.0,23.8005685082597,0.2603860911341542,-87.64467849715828,410.0,509.0,1.0,428.0,499.0,4.0
129,129.0,510.0,39.999999999999964,0.19755404258219833,-60.752561716921186,418.0,517.0,1.0,428.0,510.0,3.0
130,130.0,428.0,23.8005685082597,0.19755404258219833,-60.75256171692118,426.0,525.0,1.0,428.0,518.0,4.0
131,131.0,428.0,23.8005685082597,0.19755404258219833,-60.75256171692118,428.0,527.0,1.0,428.0,518.0,4.0
132,132.0,433.0,25.84561888755077,0.12866694190046338,-29.867166955349873,430.0,529.0,1.0,284.0,526.0,4.0
133,133.0,433.0,25.84561888755077,0.10558841830120631,-19.87416623687156,433.0,532.0,1.0,428.0,530.0,3.0
134,134.0,463.0,36.14678398204782,-0.06288413727511824,65.26213954042757,437.0,536.0,0.0,0.0,0.0,0.0
135,135.0,463.0,36.14678398204782,-1.1325807081109573,560.5316518374211,437.0,536.0,0.0,0.0,0.0,0.0
136,136.0,463.0,36.14678398204782,-0.06288413727511824,65.26213954042757,441.0,540.0,0.0,0.0,0.0,0.0
137,137.0,463.0,36.14678398204782,-1.1325807081109573,560.5316518374211,441.0,540.0,0.0,0.0,0.0,0.0
138,138.0,530.0,36.08769546276778,2.40763955470477,-1239.9612685307602,456.0,555.0,1.0,530.0,541.0,3.0
139,139.0,530.0,36.08769546276778,0.009995664095984978,30.789993491895743,456.0,555.0,1.0,463.0,541.0,4.0
140,140.0,530.0,36.08769546276778,2.40763955470477,-1239.9612685307602,463.0,562.0,1.0,530.0,541.0,3.0
141,141.0,530.0,36.08769546276778,0.009995664095984978,30.789993491895743,463.0,562.0,1.0,463.0,541.0,4.0
142,142.0,530.0,36.08769546276778,2.40763955470477,-1239.9612685307602,464.0,563.0,1.0,530.0,541.0,3.0
143,143.0,530.0,36.08769546276778,0.009995664095984978,30.789993491895743,464.0,563.0,1.0,463.0,541.0,4.0
144,144.0,564.0,21.35594907965661,-0.1556263025235168,109.12918370292009,470.0,569.0,1.0,463.0,564.0,3.0
145,145.0,570.0,19.14893987068875,-0.16875260555265867,115.33792503570419,473.0,572.0,1.0,463.0,570.0,4.0
146,146.0,570.0,19.14893987068875,-0.3385734400461206,212.13580069697753,474.0,573.0,1.0,499.0,570.0,4.0
147,147.0,570.0,19.14893987068875,0.5080148032133529,-270.4194979609224,483.0,582.0,0.0,0.0,0.0,0.0
148,148.0,570.0,19.14893987068875,-0.3385734400461206,212.13580069697753,483.0,582.0,1.0,499.0,574.0,4.0
149,149.0,570.0,19.14893987068875,0.5080148032133529,-270.4194979609224,484.0,583.0,0.0,0.0,0.0,0.0
150,150.0,570.0,19.14893987068875,-0.3385734400461206,212.13580069697753,484.0,583.0,1.0,499.0,583.0,4.0
151,151.0,570.0,19.14893987068875,0.14380621661236695,-62.82060359836041,489.0,588.0,1.0,570.0,583.0,3.0
152,152.0,570.0,19.14893987068875,-0.3385734400461206,212.13580069697753,489.0,588.0,1.0,499.0,583.0,4.0
153,153.0,570.0,19.14893987068875,-0.12301729481132827,89.26879791314586,499.0,598.0,1.0,564.0,589.0,3.0
154,154.0,570.0,19.14893987068875,-0.3385734400461206,212.13580069697753,499.0,598.0,1.0,499.0,589.0,4.0
155,155.0,510.0,39.999999999999964,-0.3475176688218536,217.2340110991453,504.0,603.0,1.0,499.0,589.0,4.0
156,156.0,510.0,39.999999999999964,-0.3475176688218536,217.2340110991453,510.0,609.0,1.0,499.0,604.0,4.0
157,157.0,570.0,19.14893987068875,-0.12301729481132827,89.26879791314586,518.0,617.0,1.0,564.0,604.0,3.0
158,158.0,570.0,19.14893987068875,-0.36783486816131017,228.81481472263556,518.0,617.0,1.0,510.0,604.0,3.0
159,159.0,570.0,19.14893987068875,-0.12301729481132827,89.26879791314586,522.0,621.0,1.0,564.0,604.0,3.0
160,160.0,570.0,19.14893987068875,-0.36783486816131017,228.81481472263556,522.0,621.0,1.0,510.0,604.0,3.0
161,161.0,570.0,19.14893987068875,-0.12301729481132827,89.26879791314586,526.0,625.0,1.0,564.0,622.0,3.0
162,162.0,570.0,19.14893987068875,-0.36783486816131017,228.81481472263556,526.0,625.0,1.0,510.0,622.0,3.0
163,163.0,570.0,19.14893987068875,-0.12301729481132827,89.26879791314586,530.0,629.0,1.0,564.0,622.0,3.0
164,164.0,570.0,19.14893987068875,-0.36783486816131017,228.81481472263556,530.0,629.0,1.0,510.0,622.0,3.0
165,165.0,589.0,16.811611269273513,0.6985556482437797,-394.63766554631275,537.0,636.0,1.0,589.0,630.0,3.0
166,166.0,589.0,16.811611269273513,-0.12301729481132827,89.26879791314586,537.0,636.0,1.0,564.0,630.0,3.0
167,167.0,589.0,16.811611269273513,0.6985556482437797,-394.63766554631275,541.0,640.0,1.0,589.0,630.0,3.0
168,168.0,589.0,16.811611269273513,-0.12301729481132827,89.26879791314586,541.0,640.0,1.0,564.0,630.0,3.0
169,169.0,589.0,16.811611269273513,0.6985556482437797,-394.63766554631275,557.0,656.0,1.0,589.0,641.0,3.0
170,170.0,589.0,16.811611269273513,-0.12301729481132827,89.26879791314586,557.0,656.0,1.0,564.0,641.0,3.0
171,171.0,657.0,17.111121283637203,0.004404559034760153,14.217325997799783,564.0,663.0,0.0,0.0,0.0,0.0
172,172.0,657.0,17.111121283637203,0.004404559034760153,14.217325997799783,570.0,669.0,0.0,0.0,0.0,0.0
173,173.0,657.0,17.111121283637203,0.004404559034760153,14.217325997799783,574.0,673.0,0.0,0.0,0.0,0.0
174,174.0,657.0,17.111121283637203,0.004404559034760153,14.217325997799783,578.0,677.0,0.0,0.0,0.0,0.0
175,175.0,657.0,17.111121283637203,2.1727909645575365,-1410.4125424306642,583.0,682.0,0.0,0.0,0.0,0.0
176,176.0,657.0,17.111121283637203,0.004404559034760153,14.217325997799783,583.0,682.0,0.0,0.0,0.0,0.0
177,177.0,657.0,17.111121283637203,2.1727909645575365,-1410.4125424306642,584.0,683.0,0.0,0.0,0.0,0.0
178,178.0,657.0,17.111121283637203,0.004404559034760153,14.217325997799783,584.0,683.0,0.0,0.0,0.0,0.0
179,179.0,657.0,17.111121283637203,1.1795261039287555,-757.8375289975552,589.0,688.0,0.0,0.0,0.0,0.0
180,180.0,657.0,17.111121283637203,0.004404559034760153,14.217325997799783,589.0,688.0,0.0,0.0,0.0,0.0
181,181.0,657.0,17.111121283637203,1.1795261039287555,-757.8375289975552,593.0,692.0,0.0,0.0,0.0,0.0
182,182.0,657.0,17.111121283637203,-0.2026236198727904,150.2348395400605,593.0,692.0,0.0,0.0,0.0,0.0
183,183.0,657.0,17.111121283637203,1.1172225220942158,-716.9040757322625,604.0,703.0,1.0,657.0,693.0,3.0
184,184.0,657.0,17.111121283637203,-0.2026236198727904,150.2348395400605,604.0,703.0,0.0,0.0,0.0,0.0
185,185.0,657.0,17.111121283637203,1.1172225220942158,-716.9040757322625,606.0,705.0,1.0,657.0,693.0,3.0
186,186.0,657.0,17.111121283637203,-0.6500807536480296,444.2141764303927,606.0,705.0,0.0,0.0,0.0,0.0
187,187.0,657.0,17.111121283637203,0.46853003022433537,-290.71310857375113,611.0,710.0,0.0,0.0,0.0,0.0
188,188.0,657.0,17.111121283637203,-0.6500807536480296,444.2141764303927,611.0,710.0,0.0,0.0,0.0,0.0
189,189.0,657.0,17.111121283637203,0.46853003022433537,-290.71310857375113,616.0,715.0,0.0,0.0,0.0,0.0
190,190.0,657.0,17.111121283637203,-0.6500807536480296,444.2141764303927,616.0,715.0,0.0,0.0,0.0,0.0
191,191.0,657.0,17.111121283637203,0.46853003022433537,-290.71310857375113,622.0,721.0,0.0,0.0,0.0,0.0
192,192.0,657.0,17.111121283637203,-0.6500807536480296,444.2141764303927,622.0,721.0,0.0,0.0,0.0,0.0
193,193.0,657.0,17.111121283637203,0.46853003022433537,-290.71310857375113,623.0,722.0,0.0,0.0,0.0,0.0
194,194.0,657.0,17.111121283637203,-1.1983159314767748,804.4046882638783,623.0,722.0,0.0,0.0,0.0,0.0
195,195.0,657.0,17.111121283637203,0.20331896075319744,-116.46943593121352,630.0,729.0,0.0,0.0,0.0,0.0
196,196.0,657.0,17.111121283637203,-1.1983159314767748,804.4046882638783,630.0,729.0,0.0,0.0,0.0,0.0
197,197.0,657.0,17.111121283637203,0.20331896075319744,-116.46943593121352,641.0,740.0,0.0,0.0,0.0,0.0
198,198.0,657.0,17.111121283637203,-2.768540616512637,1836.04230633244,641.0,740.0,0.0,0.0,0.0,0.0
199,199.0,657.0,17.111121283637203,0.20331896075319744,-116.46943593121352,647.0,746.0,1.0,657.0,741.0,3.0
200,200.0,657.0,17.111121283637203,0.10749592832718914,-53.513703627326066,657.0,756.0,0.0,0.0,0.0,0.0
201,201.0,747.0,26.785754833084226,-0.15601741084433365,143.33076073380147,666.0,765.0,0.0,0.0,0.0,0.0
202,202.0,747.0,26.785754833084226,1.013201467022698,-730.0757410328713,672.0,771.0,0.0,0.0,0.0,0.0
203,203.0,747.0,26.785754833084226,-0.15601741084433365,143.33076073380147,672.0,771.0,0.0,0.0,0.0,0.0
204,204.0,747.0,26.785754833084226,1.013201467022698,-730.0757410328713,678.0,777.0,0.0,0.0,0.0,0.0
205,205.0,747.0,26.785754833084226,-0.15601741084433365,143.33076073380147,678.0,777.0,0.0,0.0,0.0,0.0
206,206.0,747.0,26.785754833084226,1.013201467022698,-730.0757410328713,679.0,778.0,0.0,0.0,0.0,0.0
207,207.0,747.0,26.785754833084226,-0.15601741084433365,143.33076073380147,679.0,778.0,0.0,0.0,0.0,0.0
208,208.0,747.0,26.785754833084226,1.013201467022698,-730.0757410328713,684.0,783.0,0.0,0.0,0.0,0.0
209,209.0,747.0,26.785754833084226,-0.15601741084433365,143.33076073380147,684.0,783.0,0.0,0.0,0.0,0.0
210,210.0,747.0,26.785754833084226,0.615452927795425,-432.95758223009824,690.0,789.0,0.0,0.0,0.0,0.0
211,211.0,747.0,26.785754833084226,-0.15601741084433365,143.33076073380147,690.0,789.0,0.0,0.0,0.0,0.0
212,212.0,747.0,26.785754833084226,0.615452927795425,-432.95758223009824,693.0,792.0,0.0,0.0,0.0,0.0
213,213.0,747.0,26.785754833084226,-0.15601741084433365,143.33076073380147,693.0,792.0,0.0,0.0,0.0,0.0
214,214.0,747.0,26.785754833084226,0.615452927795425,-432.95758223009824,694.0,793.0,0.0,0.0,0.0,0.0
215,215.0,747.0,26.785754833084226,-0.15601741084433365,143.33076073380147,694.0,793.0,0.0,0.0,0.0,0.0
216,216.0,747.0,26.785754833084226,0.615452927795425,-432.95758223009824,699.0,798.0,0.0,0.0,0.0,0.0
217,217.0,747.0,26.785754833084226,-0.15601741084433365,143.33076073380147,699.0,798.0,0.0,0.0,0.0,0.0
218,218.0,747.0,26.785754833084226,0.48535663364796516,-335.77565050194573,706.0,805.0,0.0,0.0,0.0,0.0
219,219.0,747.0,26.785754833084226,-0.15601741084433365,143.33076073380147,706.0,805.0,0.0,0.0,0.0,0.0
220,220.0,747.0,26.785754833084226,0.48535663364796516,-335.77565050194573,711.0,810.0,0.0,0.0,0.0,0.0
221,221.0,747.0,26.785754833084226,-0.15601741084433365,143.33076073380147,711.0,810.0,0.0,0.0,0.0,0.0
222,222.0,747.0,26.785754833084226,0.48535663364796516,-335.77565050194573,715.0,814.0,0.0,0.0,0.0,0.0
223,223.0,747.0,26.785754833084226,-0.15601741084433365,143.33076073380147,715.0,814.0,0.0,0.0,0.0,0.0
224,224.0,747.0,26.785754833084226,0.48535663364796516,-335.77565050194573,716.0,815.0,0.0,0.0,0.0,0.0
225,225.0,747.0,26.785754833084226,-0.15601741084433365,143.33076073380147,716.0,815.0,0.0,0.0,0.0,0.0
226,226.0,747.0,26.785754833084226,0.48535663364796516,-335.77565050194573,722.0,821.0,0.0,0.0,0.0,0.0
227,227.0,747.0,26.785754833084226,-0.15601741084433365,143.33076073380147,722.0,821.0,0.0,0.0,0.0,0.0
228,228.0,747.0,26.785754833084226,0.48535663364796516,-335.77565050194573,723.0,822.0,0.0,0.0,0.0,0.0
229,229.0,747.0,26.785754833084226,-0.15601741084433365,143.33076073380147,723.0,822.0,0.0,0.0,0.0,0.0
230,230.0,747.0,26.785754833084226,0.42631156973562107,-291.6689877594247,726.0,825.0,0.0,0.0,0.0,0.0
231,231.0,747.0,26.785754833084226,-1.5590985188054454,1191.4323483807518,726.0,825.0,0.0,0.0,0.0,0.0
232,232.0,747.0,26.785754833084226,0.42371430765727297,-289.7288329868987,734.0,833.0,1.0,747.0,826.0,3.0
233,233.0,747.0,26.785754833084226,-1.5590985188054454,1191.4323483807518,734.0,833.0,0.0,0.0,0.0,0.0
234,234.0,747.0,26.785754833084226,0.42371430765727297,-289.7288329868987,741.0,840.0,1.0,747.0,834.0,3.0
235,235.0,747.0,26.785754833084226,-1.5590985188054454,1191.4323483807518,741.0,840.0,0.0,0.0,0.0,0.0
236,236.0,747.0,26.785754833084226,0.42371430765727297,-289.7288329868987,745.0,844.0,1.0,747.0,834.0,3.0
237,237.0,747.0,26.785754833084226,0.42371430765727297,-289.7288329868987,747.0,846.0,1.0,747.0,834.0,3.0
238,238.0,845.0,39.323483939961655,-0.084975933753846,111.12814796196153,754.0,853.0,0.0,0.0,0.0,0.0
239,239.0,845.0,39.323483939961655,1.688132066766812,-1387.1481124779943,764.0,863.0,0.0,0.0,0.0,0.0
240,240.0,845.0,39.323483939961655,-0.084975933753846,111.12814796196153,764.0,863.0,0.0,0.0,0.0,0.0
241,241.0,766.0,46.03658270651549,-0.084975933753846,111.12814796196153,766.0,865.0,1.0,766.0,864.0,3.0
242,242.0,784.0,49.557513161514954,-0.16777097084513606,181.0899543041016,771.0,870.0,0.0,0.0,0.0,0.0
243,243.0,784.0,49.557513161514954,-0.809600986775953,684.2846867938622,771.0,870.0,0.0,0.0,0.0,0.0
244,244.0,784.0,49.557513161514954,-0.16777097084513606,181.0899543041016,772.0,871.0,0.0,0.0,0.0,0.0
245,245.0,784.0,49.557513161514954,-0.809600986775953,684.2846867938622,772.0,871.0,0.0,0.0,0.0,0.0
246,246.0,871.0,26.57808235265793,-0.26413138860755203,256.6365218298357,779.0,878.0,0.0,0.0,0.0,0.0
247,247.0,871.0,26.57808235265793,1.5988646600655008,-1366.0330365643933,783.0,882.0,0.0,0.0,0.0,0.0
248,248.0,871.0,26.57808235265793,-0.26413138860755203,256.6365218298357,783.0,882.0,0.0,0.0,0.0,0.0
249,249.0,871.0,26.57808235265793,1.5988646600655008,-1366.0330365643933,784.0,883.0,0.0,0.0,0.0,0.0
250,250.0,871.0,26.57808235265793,-0.26413138860755203,256.6365218298357,784.0,883.0,0.0,0.0,0.0,0.0
251,251.0,871.0,26.57808235265793,1.112350880614659,-942.27953466271,790.0,889.0,0.0,0.0,0.0,0.0
252,252.0,871.0,26.57808235265793,-0.35341968652945116,334.4066293198099,790.0,889.0,0.0,0.0,0.0,0.0
253,253.0,871.0,26.57808235265793,0.03706224094773422,-5.7031295128185775,794.0,893.0,1.0,284.0,890.0,5.0
254,254.0,871.0,26.57808235265793,-0.35341968652945116,334.4066293198099,794.0,893.0,0.0,0.0,0.0,0.0
255,255.0,871.0,26.57808235265793,0.03706224094773422,-5.7031295128185775,798.0,897.0,1.0,284.0,890.0,5.0
256,256.0,871.0,26.57808235265793,-0.35341968652945116,334.4066293198099,798.0,897.0,0.0,0.0,0.0,0.0
257,257.0,799.0,52.024299782778414,-0.35341968652945116,334.4066293198099,799.0,898.0,0.0,0.0,0.0,0.0
258,258.0,871.0,26.57808235265793,-0.1843979921984492,187.1887335575072,807.0,906.0,1.0,766.0,898.0,3.0
259,259.0,871.0,26.57808235265793,-0.49020775335783556,453.5490355273327,807.0,906.0,0.0,0.0,0.0,0.0
260,260.0,871.0,26.57808235265793,-0.1843979921984492,187.1887335575072,815.0,914.0,1.0,766.0,907.0,3.0
261,261.0,871.0,26.57808235265793,-0.49020775335783556,453.5490355273327,815.0,914.0,0.0,0.0,0.0,0.0
262,262.0,871.0,26.57808235265793,-0.1843979921984492,187.1887335575072,817.0,916.0,1.0,766.0,907.0,3.0
263,263.0,871.0,26.57808235265793,-0.49020775335783556,453.5490355273327,817.0,916.0,0.0,0.0,0.0,0.0
264,264.0,871.0,26.57808235265793,-0.1843979921984492,187.1887335575072,822.0,921.0,1.0,766.0,917.0,3.0
265,265.0,871.0,26.57808235265793,-0.49020775335783556,453.5490355273327,822.0,921.0,0.0,0.0,0.0,0.0
266,266.0,871.0,26.57808235265793,-0.1843979921984492,187.1887335575072,824.0,923.0,1.0,766.0,917.0,3.0
267,267.0,871.0,26.57808235265793,-0.49020775335783556,453.5490355273327,824.0,923.0,0.0,0.0,0.0,0.0
268,268.0,871.0,26.57808235265793,-0.1843979921984492,187.1887335575072,826.0,925.0,1.0,766.0,924.0,3.0
269,269.0,871.0,26.57808235265793,-0.49020775335783556,453.5490355273327,826.0,925.0,0.0,0.0,0.0,0.0
270,270.0,871.0,26.57808235265793,-0.1843979921984492,187.1887335575072,830.0,929.0,1.0,766.0,924.0,3.0
271,271.0,871.0,26.57808235265793,-0.49020775335783556,453.5490355273327,830.0,929.0,0.0,0.0,0.0,0.0
272,272.0,898.0,21.5993365632998,0.7996376386947355,-696.4752629845727,834.0,933.0,0.0,0.0,0.0,0.0
273,273.0,898.0,21.5993365632998,-0.1843979921984492,187.1887335575072,834.0,933.0,1.0,766.0,930.0,3.0
274,274.0,898.0,21.5993365632998,0.7996376386947355,-696.4752629845727,839.0,938.0,0.0,0.0,0.0,0.0
275,275.0,898.0,21.5993365632998,-0.1843979921984492,187.1887335575072,839.0,938.0,1.0,766.0,930.0,3.0
276,276.0,898.0,21.5993365632998,0.41850431108914454,-354.217534794752,845.0,944.0,0.0,0.0,0.0,0.0
277,277.0,898.0,21.5993365632998,-0.1843979921984492,187.1887335575072,845.0,944.0,1.0,766.0,939.0,3.0
278,278.0,898.0,21.5993365632998,0.41850431108914454,-354.217534794752,847.0,946.0,0.0,0.0,0.0,0.0
279,279.0,898.0,21.5993365632998,-0.1843979921984492,187.1887335575072,847.0,946.0,1.0,766.0,939.0,3.0
280,280.0,898.0,21.5993365632998,0.41850431108914454,-354.217534794752,854.0,953.0,0.0,0.0,0.0,0.0
281,281.0,898.0,21.5993365632998,-0.1843979921984492,187.1887335575072,854.0,953.0,1.0,766.0,947.0,3.0
282,282.0,898.0,21.5993365632998,0.41850431108914454,-354.217534794752,858.0,957.0,0.0,0.0,0.0,0.0
283,283.0,898.0,21.5993365632998,-0.1843979921984492,187.1887335575072,858.0,957.0,1.0,766.0,947.0,3.0
284,284.0,898.0,21.5993365632998,0.41850431108914454,-354.217534794752,864.0,963.0,0.0,0.0,0.0,0.0
285,285.0,898.0,21.5993365632998,-0.1843979921984492,187.1887335575072,864.0,963.0,1.0,766.0,958.0,3.0
286,286.0,898.0,21.5993365632998,0.41850431108914454,-354.217534794752,869.0,968.0,0.0,0.0,0.0,0.0
287,287.0,898.0,21.5993365632998,-0.1843979921984492,187.1887335575072,869.0,968.0,1.0,766.0,958.0,3.0
288,288.0,898.0,21.5993365632998,0.41850431108914454,-354.217534794752,871.0,970.0,0.0,0.0,0.0,0.0
289,289.0,898.0,21.5993365632998,-0.1843979921984492,187.1887335575072,871.0,970.0,1.0,766.0,969.0,3.0
290,290.0,969.0,33.96225674352442,0.17412563634119183,-134.76548487109045,874.0,973.0,0.0,0.0,0.0,0.0
291,291.0,974.0,29.01833442109171,0.097618392865683,-66.06198023008353,879.0,978.0,0.0,0.0,0.0,0.0
292,292.0,974.0,29.01833442109171,0.097618392865683,-66.06198023008353,883.0,982.0,0.0,0.0,0.0,0.0
293,293.0,974.0,29.01833442109171,0.097618392865683,-66.06198023008353,890.0,989.0,0.0,0.0,0.0,0.0
294,294.0,974.0,29.01833442109171,0.097618392865683,-66.06198023008353,897.0,996.0,0.0,0.0,0.0,0.0
295,295.0,974.0,29.01833442109171,0.097618392865683,-66.06198023008353,898.0,997.0,0.0,0.0,0.0,0.0
296,296.0,974.0,29.01833442109171,0.4179199407087733,-378.0356878292535,907.0,1006.0,0.0,0.0,0.0,0.0
297,297.0,974.0,29.01833442109171,-0.030888396027921476,59.103632152287226,907.0,1006.0,0.0,0.0,0.0,0.0
298,298.0,974.0,29.01833442109171,0.4179199407087733,-378.0356878292535,909.0,1008.0,0.0,0.0,0.0,0.0
299,299.0,974.0,29.01833442109171,-0.13638802241066783,161.86026824908217,909.0,1008.0,0.0,0.0,0.0,0.0
300,300.0,974.0,29.01833442109171,0.4179199407087733,-378.0356878292535,917.0,1016.0,0.0,0.0,0.0,0.0
301,301.0,974.0,29.01833442109171,-0.13638802241066783,161.86026824908217,917.0,1016.0,0.0,0.0,0.0,0.0
302,302.0,974.0,29.01833442109171,0.4179199407087733,-378.0356878292535,921.0,1020.0,0.0,0.0,0.0,0.0
303,303.0,974.0,29.01833442109171,-0.278276539910372,300.059684293794,921.0,1020.0,0.0,0.0,0.0,0.0
304,304.0,974.0,29.01833442109171,0.4179199407087733,-378.0356878292535,924.0,1023.0,0.0,0.0,0.0,0.0
305,305.0,974.0,29.01833442109171,-0.278276539910372,300.059684293794,924.0,1023.0,0.0,0.0,0.0,0.0
306,306.0,974.0,29.01833442109171,0.4179199407087733,-378.0356878292535,930.0,1029.0,0.0,0.0,0.0,0.0
307,307.0,974.0,29.01833442109171,-0.278276539910372,300.059684293794,930.0,1029.0,0.0,0.0,0.0,0.0
308,308.0,974.0,29.01833442109171,0.40843620123295576,-368.79852557980723,938.0,1037.0,1.0,974.0,1030.0,3.0
309,309.0,974.0,29.01833442109171,-0.278276539910372,300.059684293794,938.0,1037.0,0.0,0.0,0.0,0.0
310,310.0,974.0,29.01833442109171,0.40843620123295576,-368.79852557980723,939.0,1038.0,1.0,974.0,1030.0,3.0
311,311.0,974.0,29.01833442109171,-0.278276539910372,300.059684293794,939.0,1038.0,0.0,0.0,0.0,0.0
312,312.0,974.0,29.01833442109171,0.2552632011761302,-219.60802352445913,943.0,1042.0,0.0,0.0,0.0,0.0
313,313.0,974.0,29.01833442109171,-0.7880347547911855,796.5641855877063,943.0,1042.0,1.0,947.0,1038.0,3.0
314,314.0,974.0,29.01833442109171,0.11684796213941231,-84.79158070269588,947.0,1046.0,1.0,898.0,1043.0,3.0
315,315.0,974.0,29.01833442109171,-0.7880347547911855,796.5641855877063,947.0,1046.0,1.0,947.0,1043.0,3.0
316,316.0,974.0,29.01833442109171,0.11684796213941231,-84.79158070269588,954.0,1053.0,1.0,898.0,1043.0,3.0
317,317.0,974.0,29.01833442109171,-0.9887844644865424,992.094402830984,954.0,1053.0,0.0,0.0,0.0,0.0
318,318.0,1043.0,37.08084380871116,2.5479156662115483,-2620.395196049934,958.0,1057.0,0.0,0.0,0.0,0.0
319,319.0,1043.0,37.08084380871116,0.11684796213941231,-84.79158070269588,958.0,1057.0,1.0,898.0,1054.0,3.0
320,320.0,1043.0,37.08084380871116,2.5479156662115483,-2620.395196049934,967.0,1066.0,0.0,0.0,0.0,0.0
321,321.0,1043.0,37.08084380871116,0.11684796213941231,-84.79158070269588,967.0,1066.0,1.0,898.0,1054.0,3.0
322,322.0,1043.0,37.08084380871116,2.5479156662115483,-2620.395196049934,969.0,1068.0,0.0,0.0,0.0,0.0
323,323.0,1043.0,37.08084380871116,0.11684796213941231,-84.79158070269588,969.0,1068.0,1.0,898.0,1067.0,3.0
324,324.0,1043.0,37.08084380871116,0.25485178442341844,-228.72956734491424,971.0,1070.0,0.0,0.0,0.0,0.0
325,325.0,1043.0,37.08084380871116,0.11684796213941231,-84.79158070269588,971.0,1070.0,1.0,898.0,1067.0,3.0
326,326.0,974.0,29.01833442109171,0.11684796213941231,-84.79158070269588,974.0,1073.0,1.0,898.0,1071.0,3.0
327,327.0,1043.0,37.08084380871116,0.25485178442341844,-228.72956734491424,977.0,1076.0,1.0,1043.0,1071.0,3.0
328,328.0,1043.0,37.08084380871116,-0.03368802714526817,72.21745612122587,977.0,1076.0,0.0,0.0,0.0,0.0
329,329.0,997.0,38.630493057393494,-0.03368802714526817,72.21745612122587,994.0,1093.0,0.0,0.0,0.0,0.0
330,330.0,997.0,38.630493057393494,-0.3947157952580858,432.16214092970506,997.0,1096.0,0.0,0.0,0.0,0.0
331,331.0,1094.0,0.34306091735916766,-0.6433258598642492,704.1415516088477,1004.0,1103.0,0.0,0.0,0.0,0.0
332,332.0,1094.0,0.34306091735916766,2.9261287734615875,-3200.8418172496176,1009.0,1108.0,0.0,0.0,0.0,0.0
333,333.0,1094.0,0.34306091735916766,-0.6433258598642492,704.1415516088477,1009.0,1108.0,0.0,0.0,0.0,0.0
334,334.0,1094.0,0.34306091735916766,2.9261287734615875,-3200.8418172496176,1013.0,1112.0,0.0,0.0,0.0,0.0
335,335.0,1094.0,0.34306091735916766,-0.7203486841441566,788.4045213710665,1013.0,1112.0,0.0,0.0,0.0,0.0
336,336.0,1094.0,0.34306091735916766,1.7894940698217934,-1957.3634514676828,1021.0,1120.0,0.0,0.0,0.0,0.0
337,337.0,1094.0,0.34306091735916766,-0.7203486841441566,788.4045213710665,1021.0,1120.0,0.0,0.0,0.0,0.0
338,338.0,1094.0,0.34306091735916766,1.3430261271238322,-1468.9275221561131,1030.0,1129.0,0.0,0.0,0.0,0.0
339,339.0,1094.0,0.34306091735916766,-0.7203486841441566,788.4045213710665,1030.0,1129.0,0.0,0.0,0.0,0.0
340,340.0,1094.0,0.34306091735916766,1.3430261271238322,-1468.9275221561131,1038.0,1137.0,0.0,0.0,0.0,0.0
341,341.0,1094.0,0.34306091735916766,-0.7203486841441566,788.4045213710665,1038.0,1137.0,0.0,0.0,0.0,0.0
342,342.0,1094.0,0.34306091735916766,1.3430261271238322,-1468.9275221561131,1040.0,1139.0,0.0,0.0,0.0,0.0
343,343.0,1094.0,0.34306091735916766,-0.7203486841441566,788.4045213710665,1040.0,1139.0,0.0,0.0,0.0,0.0
344,344.0,1094.0,0.34306091735916766,0.7722691518017435,-844.5193911537482,1043.0,1142.0,0.0,0.0,0.0,0.0
345,345.0,1094.0,0.34306091735916766,-0.7203486841441566,788.4045213710665,1043.0,1142.0,0.0,0.0,0.0,0.0
346,346.0,1094.0,0.34306091735916766,0.7722691518017435,-844.5193911537482,1047.0,1146.0,0.0,0.0,0.0,0.0
347,347.0,1094.0,0.34306091735916766,-1.5871935450931123,1736.7327992492242,1047.0,1146.0,1.0,1054.0,1140.0,3.0
348,348.0,1094.0,0.34306091735916766,0.7722691518017435,-844.5193911537482,1051.0,1150.0,0.0,0.0,0.0,0.0
349,349.0,1094.0,0.34306091735916766,-1.5871935450931123,1736.7327992492242,1051.0,1150.0,1.0,1054.0,1147.0,3.0
350,350.0,1094.0,0.34306091735916766,0.7722691518017435,-844.5193911537482,1054.0,1153.0,0.0,0.0,0.0,0.0
351,351.0,1094.0,0.34306091735916766,-1.5871935450931123,1736.7327992492242,1054.0,1153.0,1.0,1054.0,1151.0,3.0
352,352.0,1094.0,0.34306091735916766,0.7722691518017435,-844.5193911537482,1057.0,1156.0,0.0,0.0,0.0,0.0
353,353.0,1094.0,0.34306091735916766,-1.5871935450931123,1736.7327992492242,1057.0,1156.0,1.0,1054.0,1151.0,3.0
354,354.0,1094.0,0.34306091735916766,0.5204873866182544,-569.0701400430112,1064.0,1163.0,0.0,0.0,0.0,0.0
355,355.0,1094.0,0.34306091735916766,-1.5871935450931123,1736.7327992492242,1064.0,1163.0,1.0,1054.0,1157.0,3.0
356,356.0,1094.0,0.34306091735916766,0.33276164756527954,-363.6981815190567,1067.0,1166.0,0.0,0.0,0.0,0.0
357,357.0,1094.0,0.34306091735916766,-1.5871935450931123,1736.7327992492242,1067.0,1166.0,1.0,1054.0,1164.0,3.0
358,358.0,1094.0,0.34306091735916766,0.33276164756527954,-363.6981815190567,1071.0,1170.0,0.0,0.0,0.0,0.0
359,359.0,1094.0,0.34306091735916766,-1.9687798434970916,2154.1882097031776,1071.0,1170.0,0.0,0.0,0.0,0.0
360,360.0,1164.0,23.636376246928734,0.33276164756527954,-363.6981815190567,1077.0,1176.0,0.0,0.0,0.0,0.0
361,361.0,1164.0,23.636376246928734,0.33276164756527954,-363.6981815190567,1094.0,1193.0,0.0,0.0,0.0,0.0
362,362.0,1164.0,23.636376246928734,-0.09946620675077185,139.41504090482715,1096.0,1195.0,0.0,0.0,0.0,0.0
363,363.0,1164.0,23.636376246928734,0.39500093949794635,-436.1447173286808,1104.0,1203.0,0.0,0.0,0.0,0.0
364,364.0,1164.0,23.636376246928734,-0.09946620675077185,139.41504090482715,1104.0,1203.0,0.0,0.0,0.0,0.0
365,365.0,1164.0,23.636376246928734,0.39500093949794635,-436.1447173286808,1105.0,1204.0,0.0,0.0,0.0,0.0
366,366.0,1164.0,23.636376246928734,-0.2099425881773433,268.00954888535637,1105.0,1204.0,0.0,0.0,0.0,0.0
367,367.0,1164.0,23.636376246928734,0.39500093949794635,-436.1447173286808,1113.0,1212.0,0.0,0.0,0.0,0.0
368,368.0,1164.0,23.636376246928734,-0.2099425881773433,268.00954888535637,1113.0,1212.0,0.0,0.0,0.0,0.0
369,369.0,1164.0,23.636376246928734,0.39500093949794635,-436.1447173286808,1115.0,1214.0,0.0,0.0,0.0,0.0
370,370.0,1164.0,23.636376246928734,-0.3015904675063698,374.68768042434317,1115.0,1214.0,0.0,0.0,0.0,0.0
371,371.0,1164.0,23.636376246928734,0.39500093949794635,-436.1447173286808,1121.0,1220.0,0.0,0.0,0.0,0.0
372,372.0,1164.0,23.636376246928734,-0.3015904675063698,374.68768042434317,1121.0,1220.0,0.0,0.0,0.0,0.0
373,373.0,1164.0,23.636376246928734,0.39500093949794635,-436.1447173286808,1123.0,1222.0,0.0,0.0,0.0,0.0
374,374.0,1164.0,23.636376246928734,-0.5096277355546098,616.8430604324946,1123.0,1222.0,0.0,0.0,0.0,0.0
375,375.0,1164.0,23.636376246928734,0.15216685501646776,-153.48584299223975,1130.0,1229.0,0.0,0.0,0.0,0.0
376,376.0,1164.0,23.636376246928734,-0.5096277355546098,616.8430604324946,1130.0,1229.0,0.0,0.0,0.0,0.0
377,377.0,1164.0,23.636376246928734,0.15216685501646776,-153.48584299223975,1139.0,1238.0,0.0,0.0,0.0,0.0
378,378.0,1164.0,23.636376246928734,-0.5096277355546098,616.8430604324946,1139.0,1238.0,0.0,0.0,0.0,0.0
379,379.0,1164.0,23.636376246928734,0.15216685501646776,-153.48584299223975,1140.0,1239.0,0.0,0.0,0.0,0.0
380,380.0,1164.0,23.636376246928734,-0.5096277355546098,616.8430604324946,1140.0,1239.0,0.0,0.0,0.0,0.0
381,381.0,1164.0,23.636376246928734,0.15216685501646776,-153.48584299223975,1147.0,1246.0,0.0,0.0,0.0,0.0
382,382.0,1164.0,23.636376246928734,-1.3567700039114945,1602.9166607999082,1147.0,1246.0,0.0,0.0,0.0,0.0
383,383.0,1164.0,23.636376246928734,0.15216685501646776,-153.48584299223975,1148.0,1247.0,0.0,0.0,0.0,0.0
384,384.0,1164.0,23.636376246928734,-1.3567700039114945,1602.9166607999082,1148.0,1247.0,0.0,0.0,0.0,0.0
385,385.0,1164.0,23.636376246928734,0.15216685501646776,-153.48584299223975,1151.0,1250.0,0.0,0.0,0.0,0.0
386,386.0,1164.0,23.636376246928734,-1.3567700039114945,1602.9166607999082,1151.0,1250.0,0.0,0.0,0.0,0.0
387,387.0,1164.0,23.636376246928734,0.15216685501646776,-153.48584299223975,1156.0,1255.0,0.0,0.0,0.0,0.0
388,388.0,1164.0,23.636376246928734,-1.3567700039114945,1602.9166607999082,1156.0,1255.0,0.0,0.0,0.0,0.0
389,389.0,1164.0,23.636376246928734,0.15216685501646776,-153.48584299223975,1157.0,1256.0,0.0,0.0,0.0,0.0
390,390.0,1164.0,23.636376246928734,-1.3567700039114945,1602.9166607999082,1157.0,1256.0,0.0,0.0,0.0,0.0
391,391.0,1164.0,23.636376246928734,0.15216685501646776,-153.48584299223975,1164.0,1263.0,0.0,0.0,0.0,0.0
392,392.0,1223.0,32.61422069290033,0.7273616507428727,-856.9490781656331,1166.0,1265.0,0.0,0.0,0.0,0.0
393,393.0,1223.0,32.61422069290033,-0.13563650436898833,198.4976655361731,1166.0,1265.0,0.0,0.0,0.0,0.0
394,394.0,1223.0,32.61422069290033,0.7273616507428727,-856.9490781656331,1173.0,1272.0,0.0,0.0,0.0,0.0
395,395.0,1223.0,32.61422069290033,-0.13563650436898833,198.4976655361731,1173.0,1272.0,0.0,0.0,0.0,0.0
396,396.0,1273.0,19.942408779571437,-0.21212983806872182,289.98369264105435,1196.0,1295.0,0.0,0.0,0.0,0.0
397,397.0,1273.0,19.942408779571437,1.9616445273880625,-2477.231074585432,1205.0,1304.0,0.0,0.0,0.0,0.0
398,398.0,1273.0,19.942408779571437,-0.2534362382665779,342.5667400929251,1205.0,1304.0,0.0,0.0,0.0,0.0
399,399.0,1273.0,19.942408779571437,1.9616445273880625,-2477.231074585432,1212.0,1311.0,0.0,0.0,0.0,0.0
400,400.0,1273.0,19.942408779571437,-0.2534362382665779,342.5667400929251,1212.0,1311.0,0.0,0.0,0.0,0.0
401,401.0,1273.0,19.942408779571437,0.8731940276687442,-1091.63358844274,1215.0,1314.0,0.0,0.0,0.0,0.0
402,402.0,1273.0,19.942408779571437,-0.2534362382665779,342.5667400929251,1215.0,1314.0,0.0,0.0,0.0,0.0
403,403.0,1273.0,19.942408779571437,0.8731940276687442,-1091.63358844274,1223.0,1322.0,0.0,0.0,0.0,0.0
404,404.0,1273.0,19.942408779571437,-0.2534362382665779,342.5667400929251,1223.0,1322.0,0.0,0.0,0.0,0.0
405,405.0,1273.0,19.942408779571437,0.7305969896478471,-910.107559042138,1227.0,1326.0,0.0,0.0,0.0,0.0
406,406.0,1273.0,19.942408779571437,-1.1043594284376321,1425.7919611806772,1227.0,1326.0,0.0,0.0,0.0,0.0
407,407.0,1273.0,19.942408779571437,0.7305969896478471,-910.107559042138,1233.0,1332.0,1.0,1273.0,1327.0,3.0
408,408.0,1273.0,19.942408779571437,-1.1043594284376321,1425.7919611806772,1233.0,1332.0,0.0,0.0,0.0,0.0
409,409.0,1273.0,19.942408779571437,0.7305969896478471,-910.107559042138,1239.0,1338.0,1.0,1273.0,1333.0,3.0
410,410.0,1273.0,19.942408779571437,-1.1043594284376321,1425.7919611806772,1239.0,1338.0,0.0,0.0,0.0,0.0
411,411.0,1273.0,19.942408779571437,0.7305969896478471,-910.107559042138,1240.0,1339.0,1.0,1273.0,1333.0,3.0
412,412.0,1273.0,19.942408779571437,-1.2342341272760284,1591.1224528019557,1240.0,1339.0,0.0,0.0,0.0,0.0
413,413.0,1273.0,19.942408779571437,0.7305969896478471,-910.107559042138,1248.0,1347.0,1.0,1273.0,1340.0,3.0
414,414.0,1273.0,19.942408779571437,-1.2342341272760284,1591.1224528019557,1248.0,1347.0,0.0,0.0,0.0,0.0
415,415.0,1273.0,19.942408779571437,0.7305969896478471,-910.107559042138,1256.0,1355.0,1.0,1273.0,1340.0,3.0
416,416.0,1273.0,19.942408779571437,-2.4606645222056187,3152.368345547324,1256.0,1355.0,0.0,0.0,0.0,0.0
417,417.0,1356.0,31.74293640826663,0.1421750316710264,-161.04640653764517,1261.0,1360.0,0.0,0.0,0.0,0.0
418,418.0,1361.0,27.293558583335127,0.08353579322458739,-86.39865599532831,1266.0,1365.0,0.0,0.0,0.0,0.0
419,419.0,1361.0,27.293558583335127,0.08353579322458739,-86.39865599532831,1267.0,1366.0,0.0,0.0,0.0,0.0
420,420.0,1273.0,19.942408779571437,0.07136121798900351,-70.90042172043003,1273.0,1372.0,1.0,1273.0,1367.0,3.0
421,421.0,1361.0,27.293558583335127,-0.10719921879956,173.19169536953626,1288.0,1387.0,0.0,0.0,0.0,0.0
422,422.0,1361.0,27.293558583335127,-0.5449676994962721,768.9945975977614,1288.0,1387.0,1.0,1312.0,1367.0,3.0
423,423.0,1361.0,27.293558583335127,-0.10719921879956,173.19169536953626,1293.0,1392.0,0.0,0.0,0.0,0.0
424,424.0,1361.0,27.293558583335127,-0.5449676994962721,768.9945975977614,1293.0,1392.0,1.0,1312.0,1388.0,3.0
425,425.0,1361.0,27.293558583335127,-0.10719921879956,173.19169536953626,1296.0,1395.0,0.0,0.0,0.0,0.0
426,426.0,1361.0,27.293558583335127,-0.5449676994962721,768.9945975977614,1296.0,1395.0,1.0,1312.0,1393.0,3.0
427,427.0,1361.0,27.293558583335127,-0.10719921879956,173.19169536953626,1312.0,1411.0,0.0,0.0,0.0,0.0
428,428.0,1361.0,27.293558583335127,-0.5449676994962721,768.9945975977614,1312.0,1411.0,1.0,1312.0,1393.0,3.0
429,429.0,1361.0,27.293558583335127,-0.10719921879956,173.19169536953626,1314.0,1413.0,0.0,0.0,0.0,0.0
430,430.0,1361.0,27.293558583335127,-0.7678605178586492,1072.3517233889568,1314.0,1413.0,1.0,1323.0,1393.0,3.0
431,431.0,1361.0,27.293558583335127,-0.10719921879956,173.19169536953626,1323.0,1422.0,0.0,0.0,0.0,0.0
432,432.0,1361.0,27.293558583335127,-0.7678605178586492,1072.3517233889568,1323.0,1422.0,1.0,1323.0,1414.0,3.0
433,433.0,1361.0,27.293558583335127,-0.10719921879956,173.19169536953626,1327.0,1426.0,0.0,0.0,0.0,0.0
434,434.0,1361.0,27.293558583335127,-0.8898755649863006,1238.4142025296903,1327.0,1426.0,0.0,0.0,0.0,0.0
435,435.0,1367.0,26.650363270537767,-0.05133848577523553,96.83007332528474,1333.0,1432.0,1.0,1361.0,1414.0,3.0
436,436.0,1367.0,26.650363270537767,-0.10719921879956,173.19169536953626,1333.0,1432.0,0.0,0.0,0.0,0.0
437,437.0,1414.0,24.237454439101697,-0.05133848577523553,96.83007332528474,1340.0,1439.0,1.0,1361.0,1414.0,3.0
438,438.0,1414.0,24.237454439101697,-0.05133848577523553,96.83007332528474,1343.0,1442.0,1.0,1361.0,1414.0,3.0
439,439.0,1414.0,24.237454439101697,0.4573305747401781,-622.4279782435101,1348.0,1447.0,0.0,0.0,0.0,0.0
440,440.0,1414.0,24.237454439101697,-0.05133848577523553,96.83007332528474,1348.0,1447.0,1.0,1361.0,1443.0,3.0
441,441.0,1414.0,24.237454439101697,0.4573305747401781,-622.4279782435101,1356.0,1455.0,0.0,0.0,0.0,0.0
442,442.0,1414.0,24.237454439101697,-0.05133848577523553,96.83007332528474,1356.0,1455.0,1.0,1361.0,1448.0,3.0
