Date,RSI
2018-01-02,
2018-01-03,
2018-01-04,
2018-01-05,
2018-01-08,
2018-01-09,
2018-01-10,
2018-01-11,
2018-01-12,
2018-01-15,
2018-01-16,
2018-01-17,
2018-01-18,
2018-01-19,
2018-01-22,
2018-01-23,
2018-01-24,
2018-01-26,
2018-01-29,
2018-01-30,
2018-01-31,
2018-02-01,
2018-02-02,
2018-02-05,
2018-02-06,
2018-02-07,
2018-02-08,
2018-02-09,
2018-02-14,
2018-02-15,
2018-02-16,
2018-02-19,
2018-02-20,
2018-02-21,
2018-02-22,
2018-02-23,
2018-02-26,
2018-02-27,
2018-02-28,
2018-03-01,
2018-03-02,
2018-03-05,62.51943023564812
2018-03-06,61.84724385138207
2018-03-07,61.41627211077557
2018-03-08,59.71045750507061
2018-03-09,60.772097903221976
2018-03-12,60.983267194482174
2018-03-13,61.065276380081144
2018-03-14,61.75251692913708
2018-03-15,58.35697802217491
2018-03-16,58.314818412147226
2018-03-19,56.17091947765369
2018-03-20,56.38093867683617
2018-03-21,55.604467360007405
2018-03-22,55.64892227122724
2018-03-23,54.673717563159734
2018-03-26,54.98321200708845
2018-03-27,54.60097929226787
2018-03-28,50.30639634724473
2018-03-29,49.74159894909336
2018-04-02,49.94922119266239
2018-04-03,50.22532553904389
2018-04-04,49.11241099918801
2018-04-05,49.5503044155383
2018-04-06,51.286128532065504
2018-04-09,52.49846553690738
2018-04-10,51.07515711033965
2018-04-11,54.399940705301525
2018-04-12,57.26039511615331
2018-04-13,56.3402538060989
2018-04-16,48.69410284414906
2018-04-17,49.618494348959075
2018-04-18,52.18461112222311
2018-04-19,51.81111911981932
2018-04-20,49.543900666855
2018-04-23,49.18766586649693
2018-04-24,47.76946020097356
2018-04-25,45.85612255286045
2018-04-26,47.764578590036514
2018-04-27,49.11388543332914
2018-04-30,51.207835638318016
2018-05-02,48.486253403412604
2018-05-03,45.614464759522946
2018-05-04,44.83544136195256
2018-05-07,44.75981278720163
2018-05-08,45.50745450311604
2018-05-09,48.76298097326762
2018-05-10,49.14537790185066
2018-05-11,47.194097414029535
2018-05-14,48.037531168106064
2018-05-15,48.4147179946846
2018-05-16,52.73870114884508
2018-05-17,48.007203244063135
2018-05-18,48.66002896855871
2018-05-21,46.311832016072145
2018-05-22,46.537124164079415
2018-05-23,44.19498719806699
2018-05-24,43.696194345227674
2018-05-25,40.95285352510706
2018-05-28,38.14090522866748
2018-05-29,39.31473669610409
2018-05-30,38.13573266578726
2018-06-01,39.71444610953679
2018-06-04,42.02337007406266
2018-06-05,40.11249421718534
2018-06-06,38.29500350374676
2018-06-07,36.36135296339039
2018-06-08,36.76792515923997
2018-06-11,34.29531179716167
2018-06-12,33.959802197892515
2018-06-13,33.06141016626454
2018-06-14,33.28150957681531
2018-06-15,33.845484709433364
2018-06-18,30.924175654033988
2018-06-19,31.271800493281447
2018-06-20,32.592478140569455
2018-06-21,31.003179101570623
2018-06-22,31.966587091118853
2018-06-25,32.619335958646914
2018-06-26,33.719280492504254
2018-06-27,31.064529136147343
2018-06-28,33.020694963702155
2018-06-29,34.90168444815703
2018-07-02,36.215394142114945
2018-07-03,38.57019003752094
2018-07-04,40.33360762540281
2018-07-05,40.505192045719234
2018-07-06,40.850090953667745
2018-07-10,38.97371403354476
2018-07-11,36.326973485789864
2018-07-12,39.13938860564405
2018-07-13,40.20403582529463
2018-07-16,40.3768551311931
2018-07-17,40.67000337675246
2018-07-18,42.56638131492984
2018-07-19,43.275768960366044
2018-07-20,46.08673355263684
2018-07-23,44.246778235203436
2018-07-24,47.88103252654616
2018-07-25,50.11762885287192
2018-07-26,50.635727937503546
2018-07-27,56.26843411442771
2018-07-30,55.85557388925572
2018-07-31,53.41042840520922
2018-08-01,52.873999280860446
2018-08-02,51.47789220591687
2018-08-03,56.85714486778156
2018-08-06,57.13448179784744
2018-08-07,60.06829940426903
2018-08-08,59.69760069116345
2018-08-09,60.25061198728609
2018-08-10,55.72242901016966
2018-08-13,58.08747789616981
2018-08-14,60.67550297477493
2018-08-15,59.320070118529195
2018-08-16,60.64818968579793
2018-08-17,57.19873339360411
2018-08-20,56.579142294796924
2018-08-21,58.43149108260605
2018-08-22,59.83783390102275
2018-08-23,57.19747338325604
2018-08-24,57.38171247867136
2018-08-27,60.813257664822046
2018-08-28,58.580939118619305
2018-08-29,58.391584558001824
2018-08-30,55.0998495913489
2018-08-31,54.346986428057576
2018-09-03,52.12319200604626
2018-09-04,50.22685325410458
2018-09-05,50.11659880128148
2018-09-06,52.122361909327154
2018-09-10,52.82493779429387
2018-09-11,48.34807751275646
2018-09-12,47.977757263534194
2018-09-13,47.315205567809905
2018-09-14,46.29415555503769
2018-09-17,49.22857119579432
2018-09-18,51.06002192370758
2018-09-19,49.47520263241049
2018-09-20,50.159461119753836
2018-09-21,50.376368663342134
2018-09-24,47.1141862464767
2018-09-25,48.99389678954085
2018-09-26,48.416253644445575
2018-09-27,49.651262954811116
2018-09-28,50.15740649225536
2018-10-01,49.13594522062559
2018-10-02,52.31131281623566
2018-10-03,52.11448484716862
2018-10-04,52.20116726118185
2018-10-05,52.30918587186575
2018-10-08,57.55649631744523
2018-10-09,58.06836931910963
2018-10-10,58.13710842562792
2018-10-11,56.191792894719526
2018-10-15,55.46716944353395
2018-10-16,59.73279184867171
2018-10-17,60.142857550707916
2018-10-18,58.813973015204155
2018-10-19,58.85204314893035
2018-10-22,61.652220677841946
2018-10-23,59.63840216873962
2018-10-24,58.55614933909796
2018-10-25,58.85191833159433
2018-10-26,58.674611170489875
2018-10-29,56.93216211618829
2018-10-30,58.715348450689774
2018-10-31,61.79941325458957
2018-11-01,62.31017849277168
2018-11-05,63.83793226067173
2018-11-06,64.85759840678502
2018-11-07,63.344834674340774
2018-11-08,59.657334632996665
2018-11-09,59.65620743014775
2018-11-12,61.992979876693454
2018-11-13,60.79128960661034
2018-11-14,62.257027694220945
2018-11-16,63.481769007323905
2018-11-19,61.60259602384117
2018-11-21,59.49789470119021
2018-11-22,59.86018493331643
2018-11-23,58.45843800432938
2018-11-26,56.43300467387735
2018-11-27,60.24362531425776
2018-11-28,60.72173491473276
2018-11-29,61.03818979138065
2018-11-30,59.66051233191982
2018-12-03,60.762259428426844
2018-12-04,60.31073575124917
2018-12-05,57.948354177570344
2018-12-06,56.11128575785091
2018-12-07,55.64809067353336
2018-12-10,53.8691174016034
2018-12-11,50.379507295644
2018-12-12,50.98858044586857
2018-12-13,54.840096700615284
2018-12-14,55.35630106523854
2018-12-17,53.559037477996775
2018-12-18,51.08346594446762
2018-12-19,49.89244069150694
2018-12-20,51.78827529042647
2018-12-21,51.846457919382615
2018-12-26,49.41445000549127
2018-12-27,50.20305311048719
2018-12-28,56.09653446512632
2019-01-02,58.151879442057194
2019-01-03,56.980503035560666
2019-01-04,60.123137197847804
2019-01-07,56.44786240570358
2019-01-08,56.18079921787443
2019-01-09,56.77537802736431
2019-01-10,55.596203243041494
2019-01-11,56.821659684198515
2019-01-14,59.302149432311964
2019-01-15,62.38630312880152
2019-01-16,62.71375082867759
2019-01-17,63.89286159551621
2019-01-18,65.77915173026487
2019-01-21,64.50801903473442
2019-01-22,59.945813074618165
2019-01-23,62.72384987597458
2019-01-24,65.08606031801406
2019-01-28,61.05654705975741
2019-01-29,63.560419345361666
2019-01-30,66.18635761809463
2019-01-31,64.06183440487354
2019-02-01,62.99005793445973
2019-02-04,63.22678289285834
2019-02-05,63.133906141974556
2019-02-06,56.66432283523908
2019-02-07,58.296540567490695
2019-02-08,58.85749696721029
2019-02-11,57.718196789877155
2019-02-12,60.82715453720133
2019-02-13,64.31279238153073
2019-02-14,65.79557362133724
2019-02-15,64.41352313744156
2019-02-18,61.83614541344211
2019-02-19,63.62669702714934
2019-02-20,63.72215701200829
2019-02-21,63.86266314338061
2019-02-22,66.44971946717814
2019-02-25,66.14223238103146
2019-02-26,66.03532862551819
2019-02-27,66.61512637952035
2019-02-28,63.45076598016271
2019-03-01,59.24120108861243
2019-03-06,54.707011518007704
2019-03-07,54.1151373180749
2019-03-08,55.07890049583063
2019-03-11,58.411613555331584
2019-03-12,57.729578416406284
2019-03-13,57.067329240051215
2019-03-14,56.39747487581773
2019-03-15,57.21948912182324
2019-03-18,57.21216894302011
2019-03-19,57.26537992522944
2019-03-20,54.676810947573074
2019-03-21,51.75508861924304
2019-03-22,47.1223886043231
2019-03-25,47.136194387848384
2019-03-26,50.24337918722392
2019-03-27,44.64554686790076
2019-03-28,46.40743787198872
2019-03-29,49.967270726976096
2019-04-01,50.461721648624774
2019-04-02,48.18872932028518
2019-04-03,46.76088159947089
2019-04-04,48.34397501523661
2019-04-05,48.43062074842868
2019-04-08,49.001421233188545
2019-04-09,51.90582732948965
2019-04-10,51.781419681521925
2019-04-11,49.325953362944404
2019-04-12,48.249499443151535
2019-04-15,46.40080588762027
2019-04-16,48.285791691293454
2019-04-17,44.52433924048451
2019-04-18,46.666654135144086
2019-04-22,47.76510307570808
2019-04-23,48.01690559683075
2019-04-24,48.2599296420472
2019-04-25,49.5745965794027
2019-04-26,48.13252687385425
2019-04-29,48.78879725820846
2019-04-30,48.55828493923416
2019-05-02,47.961555208886786
2019-05-03,50.50326657698386
2019-05-06,50.48556143844997
2019-05-07,50.20616719190062
2019-05-08,51.4585317536636
2019-05-09,49.350904110094405
2019-05-10,45.43589699388308
2019-05-13,42.91912895009429
2019-05-14,42.030853707578245
2019-05-15,41.836681588947116
2019-05-16,39.565145465150785
2019-05-17,38.388759857097
2019-05-20,41.52759637102484
2019-05-21,46.17361378934751
2019-05-22,47.36663142718713
2019-05-23,50.21007055755685
2019-05-24,49.9593131591879
2019-05-27,49.47282891584105
2019-05-28,55.65829774722521
2019-05-29,52.875890906594165
2019-05-30,52.68057577007865
2019-05-31,51.287214197608435
2019-06-03,52.19977815054814
2019-06-04,53.96165677705528
2019-06-05,49.56492220567152
2019-06-06,50.13152447565264
2019-06-07,50.60433955045131
2019-06-10,51.61421831091298
2019-06-11,53.983060033291494
2019-06-12,54.84473039769329
2019-06-13,58.41653811631902
2019-06-14,56.99153531729619
2019-06-17,54.73546140992707
2019-06-18,58.611634984915256
2019-06-19,58.07031261662465
2019-06-21,59.91947177218711
2019-06-24,58.44283439784246
2019-06-25,56.85119647026055
2019-06-26,55.7023744642206
2019-06-27,56.24492737177251
2019-06-28,56.608818126049194
2019-07-01,56.84100014810954
2019-07-02,57.04514388388501
2019-07-03,58.091997614317684
2019-07-04,61.38452517645179
2019-07-05,62.88720414221193
2019-07-08,62.03809744091702
2019-07-10,64.64800699347398
2019-07-11,64.55448920465324
2019-07-12,67.30668108926815
2019-07-15,66.75632114596614
2019-07-16,67.67251110157986
2019-07-17,71.29853935433535
2019-07-18,72.05999066864293
2019-07-19,67.64361299189396
2019-07-22,65.31337294625061
2019-07-23,65.09482096896383
2019-07-24,66.5425341377469
2019-07-25,64.2436004863181
2019-07-26,62.92179690356573
2019-07-29,61.74917607734436
2019-07-30,60.44649908731869
2019-07-31,57.11213598377854
2019-08-01,58.363167212983825
2019-08-02,59.09832866460577
2019-08-05,54.13369471633709
2019-08-06,59.17671558471105
2019-08-07,58.384790645357185
2019-08-08,59.19057702275008
2019-08-09,59.62678838223299
2019-08-12,54.30452890553865
2019-08-13,57.080339819197974
2019-08-14,51.99328522522819
2019-08-15,51.362685588841885
2019-08-16,52.89518642883201
2019-08-19,50.08900115031939
2019-08-20,48.49801028615602
2019-08-21,48.902311847963134
2019-08-22,47.29277783744304
2019-08-23,46.764459526021476
2019-08-26,44.40127696024617
2019-08-27,45.58376823341495
2019-08-28,46.53058295926527
2019-08-29,49.04006926131145
2019-08-30,50.62567759114302
2019-09-02,48.29776123462067
2019-09-03,45.19262293105568
2019-09-04,46.61366648703152
2019-09-05,47.37567147757094
2019-09-06,46.680940863859426
2019-09-09,47.71059222898378
2019-09-10,48.948304795651865
2019-09-11,49.57426398689339
2019-09-12,50.69290763039156
2019-09-13,49.59318086834341
2019-09-16,48.79891981820312
2019-09-17,51.361840076566544
2019-09-18,50.68680052091384
2019-09-19,50.75057740452012
2019-09-20,50.81919453885388
2019-09-23,52.423351107188154
2019-09-24,51.27695088512045
2019-09-25,51.200202873447395
2019-09-26,52.846623873576085
2019-09-27,54.00855548706447
2019-09-30,53.21388086184947
2019-10-01,51.687869244346835
2019-10-02,51.161803210061926
2019-10-03,49.17071274335015
2019-10-04,49.709865687568175
2019-10-07,45.61140421948128
2019-10-08,45.067403459274935
2019-10-09,49.16265219954632
2019-10-10,48.11643775159398
2019-10-11,54.69140252977045
2019-10-14,57.05276659395418
2019-10-15,56.369037789926786
2019-10-16,57.951594694368495
2019-10-17,57.733356294312564
2019-10-18,54.8951369945747
2019-10-21,58.32982237884457
2019-10-22,63.970079870740776
2019-10-23,66.62152600515486
2019-10-24,64.65565486723006
2019-10-25,64.00519833224075
2019-10-28,62.125969263494625
2019-10-29,60.16728980980334
2019-10-30,62.189393569356824
2019-10-31,61.868768724144076
2019-11-01,61.09973910165658
2019-11-04,60.2403516430227
2019-11-05,59.025075283961854
2019-11-06,58.4677794561607
2019-11-07,60.34474097447576
2019-11-08,56.356346191177764
2019-11-11,55.86487700365699
2019-11-12,54.98539345196056
2019-11-13,53.333687789397196
2019-11-14,52.899981651412915
2019-11-18,52.70700189784832
2019-11-19,51.8860914293213
2019-11-21,53.75644462482085
2019-11-22,55.502605026019054
2019-11-25,56.29144139616897
2019-11-26,53.50801395303925
2019-11-27,53.246288387344556
2019-11-28,54.31906005869957
2019-11-29,54.73480475425973
2019-12-02,56.77500167100851
2019-12-03,61.85859330010369
2019-12-04,62.7340299962078
2019-12-05,61.88756235146452
2019-12-06,66.42664915278101
2019-12-09,67.43961964456759
2019-12-10,65.37968179538106
2019-12-11,65.0218891720778
2019-12-12,63.9492271938566
2019-12-13,63.78387190935129
2019-12-16,62.19710021654925
2019-12-17,61.86076586332165
2019-12-18,64.66149242025378
2019-12-19,66.119713011876
2019-12-20,64.62268022890649
2019-12-23,63.811353734695736
2019-12-26,65.07794089104999
2019-12-27,64.95897859197513
2019-12-30,63.419141227481546
2020-01-02,65.19079934630889
2020-01-03,64.87242607008392
2020-01-06,62.43947872508718
2020-01-07,64.39209480089444
2020-01-08,62.473042780175064
2020-01-09,61.42040956464391
2020-01-10,60.8987805917864
2020-01-13,63.12732950201274
2020-01-14,62.02496348965719
2020-01-15,63.65871013795569
2020-01-16,63.282640370535916
2020-01-17,68.1617417004049
2020-01-20,70.51406581568583
2020-01-21,66.12302179243085
2020-01-22,67.86588822040196
2020-01-23,70.42076710346912
2020-01-24,66.3405012241501
2020-01-27,58.17635226869516
2020-01-28,60.78590980456866
2020-01-29,61.38325058106807
2020-01-30,60.81081481585281
2020-01-31,57.37417798948883
2020-02-03,58.41212245019077
2020-02-04,58.46592220719658
2020-02-05,59.119218406040396
2020-02-06,56.38193591533769
2020-02-07,54.01676210766264
2020-02-10,51.81663446934155
2020-02-11,55.12839730839377
2020-02-12,56.822353659948405
2020-02-13,55.27381477478352
2020-02-14,52.44815375313459
2020-02-17,53.02550686550131
2020-02-18,53.43870144575172
2020-02-19,54.238156855137895
2020-02-20,50.29334323507456
2020-02-21,48.43299085175337
2020-02-26,41.067267124527554
2020-02-27,38.13876891310198
2020-02-28,38.13512312484745
2020-03-02,41.35963150534691
2020-03-03,40.93352539560253
2020-03-04,40.19802253636906
2020-03-05,37.268886951359626
2020-03-06,35.037668630799416
2020-03-09,28.782431060873833
2020-03-10,35.19478260150896
2020-03-11,32.04555804986728
2020-03-12,27.11803037477067
2020-03-13,34.5095018620202
2020-03-16,30.324336021563468
2020-03-17,33.07414640253597
2020-03-18,30.41367500314287
2020-03-19,30.714459203290886
2020-03-20,30.161706779996464
2020-03-23,29.38715966541045
2020-03-24,33.04536649712985
2020-03-25,35.631677326484876
2020-03-26,37.2481670971927
2020-03-27,36.73141936394177
2020-03-30,36.69602088971351
2020-03-31,36.42366368416772
2020-04-01,35.771058125086
2020-04-02,36.7651866000852
2020-04-03,35.683160756324014
2020-04-06,37.651719951863285
2020-04-07,38.54970496903046
2020-04-08,39.67314655365544
2020-04-09,39.68039852095207
2020-04-13,40.38755238029051
2020-04-14,40.03327342642515
2020-04-15,39.370864482518314
2020-04-16,39.279306588095
2020-04-17,40.00794140730008
2020-04-20,39.74048112603879
2020-04-22,40.49638417788551
2020-04-23,39.79609421153924
2020-04-24,38.97337684433417
2020-04-27,40.32984507650209
2020-04-28,43.084458968918085
2020-04-29,44.35966781396094
2020-04-30,43.27217326351843
2020-05-04,42.11897050181822
2020-05-05,42.57295422664325
2020-05-06,41.97826772509078
2020-05-07,42.781211363892425
2020-05-08,44.59909326647732
2020-05-11,47.55222704326979
2020-05-12,44.96751712229819
2020-05-13,47.162458195385604
2020-05-14,52.91151700947263
2020-05-15,47.624101132915975
2020-05-18,55.307922359698196
2020-05-19,53.28770888072838
2020-05-20,58.894198779842164
2020-05-21,58.87667327192046
2020-05-22,59.32639295166748
2020-05-25,63.84916939374342
2020-05-26,60.314279756872224
2020-05-27,58.47444995341841
2020-05-28,56.116745380558726
2020-05-29,60.04879481601746
2020-06-01,59.93186427817402
2020-06-02,62.68933345029853
2020-06-03,65.68306028534488
2020-06-04,65.31671800815826
2020-06-05,68.7166664323242
2020-06-08,67.45613254182122
2020-06-09,65.36329431867631
2020-06-10,62.188460947387675
2020-06-12,61.53420944853253
2020-06-15,60.42202695496189
2020-06-16,60.359174993161744
2020-06-17,62.53955255490273
2020-06-18,63.907745795449266
2020-06-19,63.407568391150626
2020-06-22,62.35376414790365
2020-06-23,61.60866810174047
2020-06-24,61.26895802838568
2020-06-25,67.00662028382251
2020-06-26,63.03724050945769
2020-06-29,62.03127925349304
2020-06-30,60.071134423382325
2020-07-01,63.86113898658446
2020-07-02,65.97911215425087
2020-07-03,65.86818090670579
2020-07-06,67.58726474691434
2020-07-07,67.59434652540659
2020-07-08,67.24835086711383
2020-07-09,68.21156491419138
2020-07-10,70.34934317104336
2020-07-13,68.98705086900397
2020-07-14,69.07086621965975
2020-07-15,71.78930139434814
2020-07-16,68.11134340500358
2020-07-17,69.94153798356555
2020-07-20,70.31842894355874
2020-07-21,69.15167504253151
2020-07-22,70.34988596939263
2020-07-23,65.7464284196698
2020-07-24,66.06469039365317
2020-07-27,65.55514714626446
2020-07-28,66.50075662234123
2020-07-29,67.04772956807645
2020-07-30,65.52007418173766
2020-07-31,61.34684972139395
2020-08-03,59.67077991635351
2020-08-04,57.19894521780767
2020-08-05,57.758589275249456
2020-08-06,56.241242078101806
2020-08-07,55.82800751405118
2020-08-10,58.78347367156596
2020-08-11,59.71073176079646
2020-08-12,60.19364237524414
2020-08-13,57.209383532627086
2020-08-14,56.10379006828463
2020-08-17,53.584242599022474
2020-08-18,55.375575850638505
2020-08-19,55.47750599889105
2020-08-20,55.424504940563516
2020-08-21,57.344792304511394
2020-08-24,56.53547917665661
2020-08-25,59.06571302461779
2020-08-26,55.40229440045706
2020-08-27,56.266930584509005
2020-08-28,56.552834730412954
2020-08-31,53.30821356835197
2020-09-01,55.36208262521697
2020-09-02,53.04094955038013
2020-09-03,53.064050429933005
2020-09-04,51.55291871517744
2020-09-08,50.936071634976805
2020-09-09,51.301549865983134
2020-09-10,50.1420015297354
2020-09-11,47.820002810020746
2020-09-14,48.45355183151989
2020-09-15,49.731668541765146
2020-09-16,46.52548525200996
2020-09-17,45.25244298254953
2020-09-18,43.57925965456894
2020-09-21,42.378849120945446
2020-09-22,44.551679405522286
2020-09-23,42.93540829749119
2020-09-24,42.081393025278906
2020-09-25,42.38879012277932
2020-09-28,38.48388576732704
2020-09-29,38.01321224860787
2020-09-30,41.069836087188264
2020-10-01,42.27020742352831
2020-10-02,42.30362062787668
2020-10-05,43.047541654230834
2020-10-06,41.076667629355676
2020-10-07,42.14561217520639
2020-10-08,44.33013815097325
2020-10-09,45.06391821369588
2020-10-13,46.291510820932494
2020-10-14,48.81985985088741
2020-10-15,47.56927013797847
2020-10-16,48.59351250953184
2020-10-19,46.151268462576866
2020-10-20,49.65199595344176
2020-10-21,48.97432105967724
2020-10-22,50.4288490099392
2020-10-23,48.876541787783815
2020-10-26,48.80755762912827
2020-10-27,48.87659006235538
2020-10-28,44.60752765665815
2020-10-29,44.345198837243245
2020-10-30,44.338500771256015
2020-11-03,43.12938184343028
2020-11-04,45.934540541803294
2020-11-05,50.05028186736257
2020-11-06,49.57688213795355
2020-11-09,53.528754309767926
2020-11-10,53.650178763264584
2020-11-11,55.37367601952371
2020-11-12,53.52408630301724
2020-11-13,53.81203563674273
2020-11-16,55.290973049426505
2020-11-17,56.49790461414043
2020-11-18,55.47413921925326
2020-11-19,57.34904181942024
2020-11-23,59.392344077577334
2020-11-24,60.77196340902224
2020-11-25,62.79034863405637
2020-11-26,61.9285706700899
2020-11-27,62.16691689900648
2020-11-30,63.2205464227254
2020-12-01,66.08488403266682
2020-12-02,65.66658783338092
2020-12-03,65.7062417050865
2020-12-04,68.07705989355793
2020-12-07,66.62805354385232
2020-12-08,67.22417394844628
2020-12-09,66.35128265725226
2020-12-10,66.0281527481587
2020-12-11,66.81451180197953
2020-12-14,65.70281214333195
2020-12-15,65.82306681430421
2020-12-16,67.22776329655588
2020-12-17,68.3574460626993
2020-12-18,67.58114548129484
2020-12-21,64.41152271135329
2020-12-22,64.60663008311835
2020-12-23,64.56354755729924
2020-12-28,66.10671060656307
2020-12-29,66.66135511437098
2020-12-30,68.37904651481026
2021-01-04,73.9814751245639
2021-01-05,73.5711438226219
2021-01-06,78.68448954409607
2021-01-07,78.69243273629998
2021-01-08,78.80570740109701
2021-01-11,73.80701914056344
2021-01-12,74.38698013465492
2021-01-13,69.60058576653293
2021-01-14,69.45124631747453
2021-01-15,66.73451418929031
2021-01-18,70.96287495625297
2021-01-19,68.42442811147635
2021-01-20,65.46789273254939
2021-01-21,62.978796529769234
2021-01-22,62.359163628743836
2021-01-26,61.36622516854118
2021-01-27,59.77820917422419
2021-01-28,60.489757053195
2021-01-29,56.16169248110767
2021-02-01,57.25502711600074
2021-02-02,57.66859671483735
2021-02-03,60.93514894767282
2021-02-04,58.276078907709206
2021-02-05,58.40213804146854
2021-02-08,56.91892775842577
2021-02-09,56.0988459486468
2021-02-10,55.02392826588718
2021-02-11,55.81443516136463
2021-02-12,56.6956738910527
2021-02-17,55.69660689997228
2021-02-18,53.9682495481598
2021-02-19,53.932298150578674
2021-02-22,46.644194768749976
2021-02-23,47.4643014280505
2021-02-24,47.69634726989524
2021-02-25,45.16598408950959
2021-02-26,44.63989341183403
2021-03-01,44.62476452903517
2021-03-02,44.3967371412291
2021-03-03,42.947566439338715
2021-03-04,44.08944117291269
2021-03-05,46.602982691658305
2021-03-08,43.68863349825476
2021-03-09,43.779243189071416
2021-03-10,44.54905717908147
2021-03-11,44.74492436060782
2021-03-12,41.575205822113205
2021-03-15,43.678204026293024
2021-03-16,42.0452629551567
2021-03-17,45.684490417590865
2021-03-18,43.23436009343303
2021-03-19,46.549566137382925
2021-03-22,44.98385486401437
2021-03-23,44.12080207401845
2021-03-24,43.90863150656276
2021-03-25,46.29731687850816
2021-03-26,48.10565947655687
2021-03-29,49.17105297998685
2021-03-30,50.75491105066378
2021-03-31,47.830740952042234
2021-04-01,49.35747148765269
2021-04-05,50.12641980380333
2021-04-06,49.38628310077319
2021-04-07,48.217351422003254
2021-04-08,49.199578272270756
2021-04-09,48.09577249929416
2021-04-12,49.41468408424363
2021-04-13,49.89115807669979
2021-04-14,51.538051242539915
2021-04-15,51.211005156039604
2021-04-16,51.64060682106915
2021-04-19,50.45200476198236
2021-04-20,50.77933031280578
2021-04-22,50.526355659461686
2021-04-23,57.425956263864094
2021-04-26,55.267027833329514
2021-04-27,53.60949453183508
2021-04-28,58.93070232998058
2021-04-29,60.623779071786586
2021-04-30,58.94338394692652
2021-05-03,58.11957479680769
2021-05-04,56.80981069855353
2021-05-05,57.03102135196771
2021-05-06,54.9932265204638
2021-05-07,62.974116429338785
2021-05-10,62.153338689419975
2021-05-11,61.71463003316506
2021-05-12,55.34808419324036
2021-05-13,57.38170461510891
2021-05-14,57.78994258830137
2021-05-17,59.84031013781048
2021-05-18,57.437376633306904
2021-05-19,59.41428270750699
2021-05-20,58.03462536358055
2021-05-21,59.78134957610234
2021-05-24,64.00236141909923
2021-05-25,64.43558343446887
2021-05-26,63.66567034718801
2021-05-27,62.96347871609646
2021-05-28,63.43760334017592
2021-05-31,62.58772136238162
2021-06-01,64.83041900802021
2021-06-02,68.39214681804226
2021-06-04,66.78660184308401
2021-06-07,67.35828831493527
2021-06-08,65.62426536124262
2021-06-09,65.07905978833479
2021-06-10,66.38713045339858
2021-06-11,64.22974183839452
2021-06-14,64.44634751813545
2021-06-15,63.24782895388126
2021-06-16,61.473622697028325
2021-06-17,59.15488842752995
2021-06-18,59.80535508742326
2021-06-21,62.10321255497874
2021-06-22,62.494840794144146
2021-06-23,60.71501559072974
2021-06-24,61.733326788137646
2021-06-25,60.24160887000193
2021-06-28,58.581141293460526
2021-06-29,60.06444288638978
2021-06-30,61.25668797843689
2021-07-01,59.020652985434175
2021-07-02,63.691542862353884
2021-07-05,60.47114598283937
2021-07-06,57.12084267420384
2021-07-07,56.795119694584024
2021-07-08,54.651253407544544
2021-07-12,55.87791632513891
2021-07-13,61.68679138451488
2021-07-14,60.825364644488545
2021-07-15,57.91008707124139
2021-07-16,54.236957338775404
2021-07-19,51.914767863757085
2021-07-20,53.66721551476251
2021-07-21,54.220170049226454
2021-07-22,54.63303358654397
2021-07-23,51.34158619353713
2021-07-26,53.976063036864666
2021-07-27,50.81454065330948
2021-07-28,52.40788376388164
2021-07-29,50.14485124003145
2021-07-30,44.75399655270195
2021-08-02,43.03059554821798
2021-08-03,42.73064584370107
2021-08-04,40.21416490087279
2021-08-05,39.15672552387874
2021-08-06,41.783324460826954
2021-08-09,41.91740551046598
2021-08-10,40.88106893296883
2021-08-11,41.327467616071175
2021-08-12,38.97823419701406
2021-08-13,39.7957488268396
2021-08-16,38.64443134543021
2021-08-17,38.491357948103534
2021-08-18,36.908416540001035
2021-08-19,36.52610302352265
2021-08-20,38.209728176217055
2021-08-23,37.97290970265409
2021-08-24,40.32761796417925
2021-08-25,43.03661037257189
2021-08-26,40.90282060124822
2021-08-27,43.36923852313295
2021-08-30,42.97907532669168
2021-08-31,43.08020123491721
2021-09-01,41.60563936470271
2021-09-02,39.846490624815495
2021-09-03,41.609688689953636
2021-09-06,40.531416937985796
2021-09-08,38.03311886138863
2021-09-09,38.01969234613345
2021-09-10,36.52935684263622
2021-09-13,38.89865797489828
2021-09-14,39.38173975355914
2021-09-15,39.58405762665267
2021-09-16,39.71319349751233
2021-09-17,36.76101325760368
2021-09-20,34.32775197903092
2021-09-21,35.85904511990556
2021-09-22,38.913162714123075
2021-09-23,39.923481298488525
2021-09-24,40.26896685989304
2021-09-27,38.93488648495346
2021-09-28,36.924904495136936
2021-09-29,40.48126197178071
2021-09-30,39.654846993541184
2021-10-01,40.7138834196942
2021-10-04,40.05690445929362
2021-10-05,40.240350314371426
2021-10-06,39.16754883131763
2021-10-07,38.98207965703868
2021-10-08,41.97537602827289
2021-10-11,41.58972431366025
2021-10-13,43.831663823553484
2021-10-14,43.16422935971814
2021-10-15,46.093214029244336
2021-10-18,46.92966708226892
2021-10-19,44.84857154396152
2021-10-20,44.47348118570029
2021-10-21,41.32048117281196
2021-10-22,40.66343709618585
2021-10-25,40.602817309883285
2021-10-26,38.48812193304778
2021-10-27,39.709229842209474
2021-10-28,37.36100509831591
2021-10-29,36.43849203926376
2021-11-01,39.243416399727934
2021-11-03,38.73680492673123
2021-11-04,38.875199503125614
2021-11-05,40.13015222935833
2021-11-08,39.22616666877279
2021-11-09,43.008582314066025
2021-11-10,41.53980287013427
2021-11-11,44.19248248684977
2021-11-12,41.00054444116896
2021-11-16,39.80012187298505
2021-11-17,39.39037964344222
2021-11-18,39.92263225913661
2021-11-19,42.18290659381503
2021-11-22,43.453190115404695
2021-11-23,43.700911415530925
2021-11-24,42.51509536023927
2021-11-25,42.102525407363835
2021-11-26,39.791415348333445
2021-11-29,40.16134166049986
2021-11-30,41.99852139901925
2021-12-01,39.96772288056744
2021-12-02,44.198797409114356
2021-12-03,42.951556664939446
2021-12-06,46.774070716997564
2021-12-07,47.392821447994784
2021-12-08,47.80878172743942
2021-12-09,46.27017656050545
2021-12-10,45.6128030662353
2021-12-13,45.815288052924174
2021-12-14,44.11321559268446
2021-12-15,44.928445447113816
2021-12-16,44.39035894790758
2021-12-17,43.75597587296139
2021-12-20,44.85596054484603
2021-12-21,45.23633683368938
2021-12-22,47.601468249386926
2021-12-23,48.60690138006352
2021-12-27,46.777056356359864
2021-12-28,48.34929858996613
2021-12-29,47.63298590382733
2021-12-30,49.07513465007227
2022-01-03,50.460188979680105
2022-01-04,47.70937504732147
2022-01-05,45.032053617894114
2022-01-06,47.91754097946966
2022-01-07,47.64903020134639
2022-01-10,46.871870399305095
2022-01-11,48.13253136946481
2022-01-12,49.71245544096124
2022-01-13,47.704416991730035
2022-01-14,50.644313653232196
2022-01-17,52.385841128003534
2022-01-18,54.066565062409765
2022-01-19,56.06771871155162
2022-01-20,56.5789264742438
2022-01-21,57.562900861663145
2022-01-24,54.5685639532586
2022-01-25,55.725319469054526
2022-01-26,56.0565993851173
2022-01-27,61.48388813694004
2022-01-28,59.82801225690301
2022-01-31,61.90129845060757
2022-02-01,64.2454423931604
2022-02-02,59.37107597338441
2022-02-03,58.09757151638299
2022-02-04,56.72457573297142
2022-02-07,55.59504174684321
2022-02-08,55.23992950255858
2022-02-09,58.20995903802736
2022-02-10,57.4982955245753
2022-02-11,58.33161726829933
2022-02-14,59.61131509140729
2022-02-15,59.82512470769844
2022-02-16,59.42729931941652
2022-02-17,58.53106622639443
2022-02-18,61.044466512996884
2022-02-21,58.76644211130236
2022-02-22,60.4719035569574
2022-02-23,59.669955567168365
2022-02-24,58.283485344438084
2022-02-25,61.026276267739384
2022-03-02,64.22511321190524
2022-03-03,63.50932824070558
2022-03-04,63.986254081059144
2022-03-07,60.23087867058514
2022-03-08,63.88837333842769
2022-03-09,65.71841506013908
2022-03-10,64.23998101693374
2022-03-11,62.52657377028698
2022-03-14,57.91775312523336
2022-03-15,54.306042903822124
2022-03-16,56.92351754178709
2022-03-17,57.422348273145445
2022-03-18,59.859748548278304
2022-03-21,60.83104465949351
2022-03-22,60.4020747059999
2022-03-23,59.536634747047266
2022-03-24,61.12471945293494
2022-03-25,62.877885371185705
2022-03-28,60.469247068624526
2022-03-29,59.93914648229781
2022-03-30,59.43264212697856
2022-03-31,60.31624724169335
2022-04-01,60.851067064095695
2022-04-04,59.70756754730264
2022-04-05,57.89509255146756
2022-04-06,57.67808979184127
2022-04-07,57.728926913745326
2022-04-08,57.36779775339152
2022-04-11,55.38524890451096
2022-04-12,54.16353204952431
2022-04-13,53.865617388065054
2022-04-14,52.927458245621295
2022-04-18,52.09909833654008
2022-04-19,50.44511585780713
2022-04-20,49.06482133441868
2022-04-22,47.30301952429635
2022-04-25,47.67698800021946
2022-04-26,46.148124924334674
2022-04-27,46.154875908520275
2022-04-28,47.7151112003231
2022-04-29,46.034504315431434
2022-05-02,43.03200736223916
2022-05-03,40.43674884553826
2022-05-04,42.81328901939271
2022-05-05,40.66594929091048
2022-05-06,42.95992853825365
2022-05-09,41.52872822443441
2022-05-10,38.01973471202455
2022-05-11,40.01186645574356
2022-05-12,43.410395556129615
2022-05-13,46.67135653463418
2022-05-16,49.2031934016908
2022-05-17,47.391971800262915
2022-05-18,42.425174762711976
2022-05-19,40.625451319102325
2022-05-20,41.57371362694244
2022-05-23,42.62310385826591
2022-05-24,42.699639307934405
2022-05-25,40.763698349378664
2022-05-26,42.42633384487105
2022-05-27,42.79114379969364
2022-05-30,40.42622322301034
2022-05-31,40.54640823333312
2022-06-01,40.77579015880962
2022-06-02,40.21880617953106
2022-06-03,39.32064941030563
2022-06-06,40.471160010347326
2022-06-07,40.93192703836098
2022-06-08,38.573818154445256
2022-06-09,37.89249846578081
2022-06-10,37.56962111276228
2022-06-13,35.7778855618064
2022-06-14,34.545325830469295
2022-06-15,36.03712384427351
2022-06-17,34.07896413404319
2022-06-20,34.525695175900424
2022-06-21,34.87081214718256
2022-06-22,37.108567970541245
2022-06-23,36.17042759542922
2022-06-24,39.02637839602907
2022-06-27,40.51670730005309
2022-06-28,39.63066080433998
2022-06-29,40.49059390367508
2022-06-30,40.551921326283775
2022-07-01,41.241339402990526
2022-07-04,38.451306072643604
2022-07-05,40.99268503603591
2022-07-06,41.8233024228492
2022-07-07,46.80852725816719
2022-07-08,46.44490421777243
2022-07-11,42.34051043489714
2022-07-12,40.59874887720794
2022-07-13,38.352441197020816
2022-07-14,34.59955581413212
2022-07-15,34.48727636567574
2022-07-18,37.40028611527604
2022-07-19,38.49800547779478
2022-07-20,36.206561429818294
2022-07-21,34.48238306296014
2022-07-22,33.973003366810644
2022-07-25,36.443901169511726
2022-07-26,33.81834808518556
2022-07-27,36.69510355062181
2022-07-28,39.42270054346491
2022-07-29,39.84981022187521
2022-08-01,38.8902813260509
2022-08-02,39.1788510469017
2022-08-03,41.01077567392025
2022-08-04,44.92192863913205
2022-08-05,45.801596858144734
2022-08-08,50.03939130307887
2022-08-09,51.85694262271367
2022-08-10,55.6827063834722
2022-08-11,59.1922888584115
2022-08-12,62.878425405919224
2022-08-15,62.403565622176
2022-08-16,67.99469595688832
2022-08-17,68.1236889151235
2022-08-18,68.52663044540729
2022-08-19,65.08215995491341
2022-08-22,66.06997355065327
2022-08-23,67.39516872641894
2022-08-24,65.55587377159762
2022-08-25,66.38309691890171
2022-08-26,66.16097593234815
2022-08-29,68.18484327389595
2022-08-30,64.72097935860052
2022-08-31,63.904213463288094
2022-09-01,65.19460024877117
2022-09-02,65.18044096973745
2022-09-05,64.42066934710331
2022-09-06,61.52699846521188
2022-09-08,65.13101820578929
2022-09-09,66.98201427118359
2022-09-12,68.46229341173328
2022-09-13,67.58666332931442
2022-09-14,66.85092558047094
2022-09-15,65.6491359120441
2022-09-16,63.44726053919857
2022-09-19,65.42045175025925
2022-09-20,65.30574802742191
2022-09-21,64.67207627144762
2022-09-22,65.11778198116771
2022-09-23,62.781047355905436
2022-09-26,58.11676532025672
2022-09-27,56.16017590521042
2022-09-28,55.67895977980865
2022-09-29,55.91665848083547
2022-09-30,56.97158202123025
2022-10-03,61.279996340993556
2022-10-04,59.715626641134314
2022-10-05,59.952167634528465
2022-10-06,58.67776547186509
2022-10-07,57.22619251247535
2022-10-10,55.43203808294011
2022-10-11,54.848101373566195
2022-10-13,51.51468592730438
2022-10-14,49.08071995091702
2022-10-17,50.104152910662805
2022-10-18,51.80935390398828
2022-10-19,52.165948794890674
2022-10-20,55.16111710449314
2022-10-21,58.26589174876601
2022-10-24,52.718058131975205
2022-10-25,51.46331036286727
2022-10-26,49.35942227741204
2022-10-27,51.927613443053296
2022-10-28,51.822225583537424
2022-10-31,54.65332275345065
2022-11-01,56.155728435296126
2022-11-03,55.45400364217356
2022-11-04,56.00537799347921
2022-11-07,52.54354461509884
2022-11-08,55.36853475459774
2022-11-09,52.98883722559353
2022-11-10,47.97380074077301
2022-11-11,49.10858662082227
2022-11-14,51.89270026750985
2022-11-16,49.76355628506468
2022-11-17,49.80361350307387
2022-11-18,49.6856321827327
2022-11-21,48.35089351626113
2022-11-22,47.23679404841029
2022-11-23,47.39730232122349
2022-11-24,48.27990450012424
2022-11-25,47.86461428779452
2022-11-28,49.727652673255285
2022-11-29,52.02016354637619
2022-11-30,53.11979198714574
2022-12-01,52.52034121177063
2022-12-02,51.46758556670626
2022-12-05,44.55236230358943
2022-12-06,44.59072768765969
2022-12-07,43.6132380991137
2022-12-08,41.77451380637196
2022-12-09,42.97708131060218
2022-12-12,41.54480019791421
2022-12-13,41.29436259175511
2022-12-14,41.565045022216054
2022-12-15,43.000226436933694
2022-12-16,40.872374039665246
2022-12-19,40.651943932765285
2022-12-20,42.608560304905254
2022-12-21,42.13963536817275
2022-12-22,39.631287682177515
2022-12-23,44.66489167087235
2022-12-26,44.9422953347086
2022-12-27,46.07130500752425
2022-12-28,46.154442384614136
2022-12-29,46.06577796763253
2023-01-02,41.81605692844166
2023-01-03,39.38516298610856
2023-01-04,40.62233363468516
2023-01-05,41.65302996979728
2023-01-06,44.75237663648255
2023-01-09,44.40254949091944
2023-01-10,47.809446134745194
2023-01-11,51.73867252269506
2023-01-12,49.66097495572615
2023-01-13,47.97755536686885
2023-01-16,49.03177673168264
2023-01-17,51.570012293105016
2023-01-18,53.21812912831614
2023-01-19,52.93415676180546
2023-01-20,52.959802870712984
2023-01-23,52.74453405937284
2023-01-24,51.10104170648565
2023-01-25,54.99786604202063
2023-01-26,55.12009573351959
2023-01-27,51.543490969810826
2023-01-30,49.41170982733213
2023-01-31,52.559327968366695
2023-02-01,50.37100316445923
2023-02-02,50.536141684104585
2023-02-03,48.9736832511304
2023-02-06,49.10622299725538
2023-02-07,50.696701281754166
2023-02-08,52.17157806500949
2023-02-09,52.5666858833636
2023-02-10,54.45352165868636
2023-02-13,55.19575582327838
2023-02-14,53.973412947093244
2023-02-15,56.572569067201776
2023-02-16,55.424075967657615
2023-02-17,52.417177918195726
2023-02-22,49.83726714861013
2023-02-23,50.401683334697324
2023-02-24,46.15826521051424
2023-02-27,46.89517841171027
2023-02-28,46.50706966860956
2023-03-01,43.89012475812905
2023-03-02,43.08641834099749
2023-03-03,47.198278130247715
2023-03-06,50.61883697854482
2023-03-07,48.70169498431727
2023-03-08,48.87997276167793
2023-03-09,45.702691207156874
2023-03-10,43.723629431044344
2023-03-13,41.106195813788155
2023-03-14,39.80419342960039
2023-03-15,39.40710128328358
2023-03-16,41.35522739795673
2023-03-17,41.49144721277748
2023-03-20,37.38358314846861
2023-03-21,36.03094551601286
2023-03-22,34.50085213121899
2023-03-23,33.0578014372587
2023-03-24,34.9915051167109
2023-03-27,34.467296142029184
2023-03-28,35.237339198930584
2023-03-29,36.23642043678085
2023-03-30,40.302681132945494
2023-03-31,39.150822416334336
2023-04-03,36.697949883659795
2023-04-04,38.21022600442925
2023-04-05,39.403756471999216
2023-04-06,40.586383180277835
2023-04-10,42.12393403754004
2023-04-11,48.17338055062083
2023-04-12,46.74828722791012
2023-04-13,48.488804024876295
2023-04-14,47.85894190612197
2023-04-17,46.73641336366304
2023-04-18,48.22433184836445
2023-04-19,43.50401747637483
2023-04-20,43.52353481332298
2023-04-24,43.68332950423258
2023-04-25,45.142716422583774
2023-04-26,43.369014563569884
2023-04-27,46.25260371052683
2023-04-28,48.439678322627614
2023-05-02,46.43012985747649
2023-05-03,46.88524133953022
2023-05-04,48.586175885129315
2023-05-05,51.460441586103435
2023-05-08,51.51456819246776
2023-05-09,53.205781527047876
2023-05-10,51.042139080100135
2023-05-11,53.72558869686082
2023-05-12,55.87845096168599
2023-05-15,57.15788489416992
2023-05-16,56.31088441122151
2023-05-17,57.9167968002591
2023-05-18,57.76293523091725
2023-05-19,60.45337703810646
2023-05-22,61.32798416171399
2023-05-23,60.84921301717198
2023-05-24,60.44669666339904
2023-05-25,65.30655751762998
2023-05-26,65.17258582205343
2023-05-29,63.49272569927216
2023-05-30,59.905334414091165
2023-05-31,58.330707948553524
2023-06-01,58.518141756219364
2023-06-02,63.266544653701466
2023-06-05,64.01412378025574
2023-06-06,65.25016319726646
2023-06-07,67.42658890335548
2023-06-09,68.77023931335185
2023-06-12,68.17603816713795
2023-06-13,63.40605665563386
2023-06-14,64.74456156343395
2023-06-15,65.590463167975
2023-06-16,65.1940075238808
2023-06-19,66.4905913537996
2023-06-20,66.01435080165635
2023-06-21,70.59696483059142
2023-06-22,67.85131903132066
2023-06-23,68.63861350272407
2023-06-26,68.79625663188375
2023-06-27,69.31941221594491
2023-06-28,67.42724171015311
2023-06-29,67.42058117770017
2023-06-30,71.76274299803696
2023-07-03,73.1000965647483
2023-07-04,71.77707405262869
2023-07-05,69.64129207678138
2023-07-06,65.16528493839499
2023-07-07,65.41210671984763
2023-07-10,63.56163808270524
2023-07-11,61.62341262687358
2023-07-12,61.8328734847822
2023-07-13,62.73118606379648
2023-07-14,61.7811011174806
2023-07-17,60.98211578339035
2023-07-18,59.75833375680863
2023-07-19,58.65844856881283
2023-07-20,60.020591841109415
2023-07-21,62.44327217851102
2023-07-24,65.21736298555345
2023-07-25,64.6266644993551
2023-07-26,64.30282480377087
2023-07-27,61.48425453281793
2023-07-28,63.82326751901792
2023-07-31,66.29034872385924
2023-08-01,63.23242143845102
2023-08-02,60.656383267023074
2023-08-03,60.10286347147201
2023-08-04,56.398030087701294
2023-08-07,55.17115456105148
2023-08-08,52.83189806201541
2023-08-09,51.455231603194164
2023-08-10,52.21791458249558
2023-08-11,48.54447849975817
2023-08-14,46.59833575413071
2023-08-15,46.35224316896012
2023-08-16,43.91253044666191
2023-08-17,43.4281297090594
2023-08-18,42.86969043579309
2023-08-21,43.4364795258242
2023-08-22,46.11431678311542
2023-08-23,49.856988319077495
2023-08-24,49.34357844540675
2023-08-25,48.885960307835965
2023-08-28,48.337691142572226
2023-08-29,50.405257567616495
2023-08-30,47.224805570936645
2023-08-31,45.76342389144824
2023-09-01,48.0050579621873
2023-09-04,50.44858737127186
2023-09-05,47.95268532127823
2023-09-06,47.44528097515507
2023-09-08,47.493106275066076
2023-09-11,49.009015297839056
2023-09-12,48.35757150773748
2023-09-13,50.61358096180613
2023-09-14,51.5087362701362
2023-09-15,51.176873528038705
2023-09-18,50.94329211244496
2023-09-19,49.695662963366196
2023-09-20,48.00507901461567
2023-09-21,43.402539985461296
2023-09-22,42.30114656204338
2023-09-25,41.40173454190409
2023-09-26,42.20219956605742
2023-09-27,42.11693904407339
2023-09-28,41.69413037642256
2023-09-29,43.77177041567918
2023-10-02,42.454951305499854
2023-10-03,40.93840195948306
2023-10-04,42.34552063512491
2023-10-05,42.11942958923935
2023-10-06,43.75705325064649
2023-10-09,45.91267801778552
2023-10-10,48.06126305643964
2023-10-11,48.78233666384345
2023-10-13,48.71963266144537
2023-10-16,50.438336171735685
2023-10-17,50.383148346089015
2023-10-18,48.90326601810788
2023-10-19,48.31667295380239
2023-10-20,48.45689468366775
2023-10-23,45.8055718300266
2023-10-24,44.498345392163955
2023-10-25,44.65539686559642
2023-10-26,48.68104538224064
2023-10-27,45.26848525936696
2023-10-30,42.65653437280119
2023-10-31,44.47205407419348
2023-11-01,49.13654504740295
2023-11-03,50.31954147077669
2023-11-06,50.84471458979916
2023-11-07,52.28348863317367
2023-11-08,53.802142472494275
2023-11-09,54.5982014822965
2023-11-10,54.60218875053804
2023-11-13,53.004462706947116
2023-11-14,55.9474600939069
2023-11-16,55.92673957141091
2023-11-17,57.24099676479272
2023-11-20,58.842305063025705
2023-11-21,58.82050169577574
2023-11-22,58.38577864640103
2023-11-23,62.635357219039925
2023-11-24,61.36755297070333
2023-11-27,61.620073920223476
2023-11-28,65.11891588074194
2023-11-29,64.34007487163998
2023-11-30,64.07741753405264
2023-12-01,63.956743703494105
2023-12-04,64.49490163319936
2023-12-05,67.45596543761388
2023-12-06,65.22203799070189
2023-12-07,66.10765296086743
2023-12-08,66.1869561360725
2023-12-11,65.00406435762304
