Date;Open;High;Low;Close;Adj Close;Volume
2016-04-29;150,00999450683594;150,97999572753906;147,4600067138672;148,1300048828125;126,0047607421875;3588800
2016-05-02;148,75999450683594;151,4199981689453;147,75;150,92999267578125;128,3865509033203;3361500
2016-05-03;150,0800018310547;152,52999877929688;149,60000610351562;151,41000366210938;128,7948760986328;2201300
2016-05-04;150,1199951171875;152,0;149,44000244140625;151,50999450683594;128,87991333007812;2111600
2016-05-05;148,97999572753906;150,3800048828125;146,3699951171875;147,83999633789062;125,758056640625;4869300
2016-05-06;147,05999755859375;147,5;144,74000549316406;146,44000244140625;124,5671615600586;3692200
2016-05-09;146,8300018310547;148,97000122070312;146,50999450683594;148,58999633789062;126,39608001708984;2843800
2016-05-10;149,3800048828125;149,97999572753906;148,75;149,55999755859375;127,22117614746094;1943900
2016-05-11;148,38999938964844;148,69000244140625;146,5800018310547;147,1199951171875;125,14559173583984;2812700
2016-05-12;147,32000732421875;147,77000427246094;146,32000732421875;146,72000122070312;124,80537414550781;2860400
2016-05-13;146,3300018310547;146,72000122070312;144,3000030517578;144,5;122,91696166992188;2993600
2016-05-16;144,5;146,5800018310547;143,39999389648438;145,7899932861328;124,01427459716797;2615000
2016-05-17;145,5;146,24000549316406;143,22000122070312;143,60000610351562;122,15137481689453;2928900
2016-05-18;140,17999267578125;141,66000366210938;138,57000732421875;141,2899932861328;120,1864013671875;5717000
2016-05-19;142,4499969482422;143,0800018310547;141,4199981689453;142,6999969482422;121,38578796386719;2830500
2016-05-20;142,72999572753906;143,5;142,02000427246094;142,69000244140625;121,37733459472656;2088400
2016-05-23;142,83999633789062;144,0;141,91000366210938;142,00999450683594;120,7988510131836;1828400
2016-05-24;142,57000732421875;143,47999572753906;142,3800048828125;142,57000732421875;121,2752456665039;2813100
2016-05-25;142,6199951171875;145,67999267578125;142,50999450683594;144,5399932861328;122,95098114013672;4156700
2016-05-26;149,00999450683594;153,8800048828125;147,6999969482422;149,7100067138672;127,34879302978516;7679400
2016-05-27;150,24000549316406;150,77000427246094;148,11000061035156;149,0800018310547;126,8128662109375;3349800
2016-05-31;149,57000732421875;149,8800048828125;147,6300048828125;148,77000427246094;126,54916381835938;3738900
2016-06-01;150,5;153,0;150,32000732421875;152,52000427246094;129,7390594482422;3487300
2016-06-02;150,0500030517578;151,50999450683594;148,5500030517578;151,50999450683594;128,87991333007812;3957600
2016-06-03;150,3000030517578;151,77999877929688;150,27000427246094;151,7100067138672;129,05003356933594;1964200
2016-06-06;151,8300018310547;152,49000549316406;151,7100067138672;152,24000549316406;129,5009002685547;1961600
2016-06-07;152,0800018310547;153,85000610351562;151,89999389648438;152,6199951171875;129,8240966796875;2113000
2016-06-08;152,67999267578125;153,47000122070312;152,0500030517578;153,3699951171875;130,4621124267578;1528300
2016-06-09;153,0;154,13999938964844;152,9199981689453;154,0500030517578;131,04054260253906;1812100
2016-06-10;153,0;155,14999389648438;152,94000244140625;154,8699951171875;131,73806762695312;3266500
2016-06-13;154,75999450683594;155,9600067138672;154,57000732421875;154,9499969482422;131,8061065673828;2576600
2016-06-14;154,5500030517578;156,36000061035156;153,57000732421875;155,8699951171875;132,5886993408203;3274700
2016-06-15;155,6999969482422;156,77999877929688;154,66000366210938;154,86000061035156;131,72958374023438;2228500
2016-06-16;154,86000061035156;156,5;154,11000061035156;156,4199981689453;133,0565643310547;1937400
2016-06-17;157,02999877929688;157,25;155,75999450683594;155,88999938964844;132,605712890625;2858200
2016-06-20;157,3800048828125;158,3800048828125;156,4499969482422;156,47999572753906;133,10757446289062;2090800
2016-06-21;157,07000732421875;157,89999389648438;156,66000366210938;157,1999969482422;133,72003173828125;1909700
2016-06-22;157,61000061035156;158,4199981689453;157,16000366210938;158,1199951171875;134,50259399414062;2094800
2016-06-23;158,60000610351562;158,7899932861328;156,33999633789062;157,02999877929688;133,57545471191406;2912400
2016-06-24;153,16000366210938;157,69000244140625;153,10000610351562;155,55999755859375;132,32496643066406;3996100
2016-06-27;154,24000549316406;154,92999267578125;152,5500030517578;154,25999450683594;131,21914672851562;2790800
2016-06-28;154,66000366210938;155,92999267578125;153,7100067138672;155,60000610351562;132,35903930664062;2156300
2016-06-29;156,44000244140625;157,27999877929688;155,88999938964844;157,0800018310547;133,617919921875;1942500
2016-06-30;156,9600067138672;157,82000732421875;155,5;157,0399932861328;133,5839385986328;3091100
2016-07-01;157,19000244140625;157,19000244140625;155,39999389648438;156,11000061035156;132,79287719726562;2317200
2016-07-05;156,0800018310547;156,14999389648438;154,6999969482422;155,25;132,06129455566406;2807400
2016-07-06;155,1999969482422;156,5500030517578;154,6699981689453;156,00999450683594;132,70779418945312;2133200
2016-07-07;158,3300018310547;164,16000366210938;158,0;163,6999969482422;139,24916076660156;6497900
2016-07-08;164,83999633789062;166,10000610351562;164,49000549316406;165,44000244140625;140,729248046875;3932000
2016-07-11;165,05999755859375;167,49000549316406;165,05999755859375;166,72000122070312;141,81809997558594;2634300
2016-07-12;166,49000549316406;166,9199981689453;165,82000732421875;166,27999877929688;141,44378662109375;1642100
2016-07-13;167,0;167,19000244140625;166,02000427246094;166,77999877929688;141,869140625;1479800
2016-07-14;167,14999389648438;168,0;166,27999877929688;166,94000244140625;142,0052490234375;2150100
2016-07-15;167,44000244140625;167,44000244140625;165,60000610351562;166,41000366210938;141,55438232421875;1962300
2016-07-18;166,55999755859375;167,86000061035156;165,9199981689453;167,50999450683594;142,49009704589844;1993800
2016-07-19;167,5;168,55999755859375;167,38999938964844;168,1199951171875;143,0089569091797;1487800
2016-07-20;168,25;168,25999450683594;166,9499969482422;168,0399932861328;142,94093322753906;1336900
2016-07-21;167,42999267578125;167,75;166,3000030517578;167,0500030517578;142,09881591796875;1384600
2016-07-22;167,67999267578125;167,6999969482422;166,9600067138672;167,47000122070312;142,45606994628906;1335100
2016-07-25;167,1699981689453;168,1999969482422;166,39999389648438;167,97000122070312;142,8813934326172;1732200
2016-07-26;167,60000610351562;168,82000732421875;166,6999969482422;167,57000732421875;142,54112243652344;1593900
2016-07-27;167,16000366210938;167,5;165,75;166,14999389648438;141,33323669433594;1440000
2016-07-28;166,25999450683594;166,86000061035156;165,8000030517578;166,35000610351562;141,5033416748047;1866500
2016-07-29;166,63999938964844;167,67999267578125;166,3800048828125;167,22000122070312;142,24342346191406;1359700
2016-08-01;167,14999389648438;168,0;166,89999389648438;167,55999755859375;142,53262329101562;986800
2016-08-02;167,07000732421875;167,5399932861328;164,58999633789062;166,5;141,63092041015625;2107300
2016-08-03;165,9199981689453;166,3300018310547;165,10000610351562;166,1199951171875;141,30775451660156;1837100
2016-08-04;166,0399932861328;167,74000549316406;165,88999938964844;166,5500030517578;141,6734619140625;1638300
2016-08-05;166,86000061035156;168,3300018310547;166,0800018310547;167,6999969482422;142,65170288085938;1526500
2016-08-08;167,25;167,5500030517578;166,47000122070312;167,39999389648438;142,39649963378906;1294400
2016-08-09;167,74000549316406;168,60000610351562;166,8800048828125;167,86000061035156;142,78781127929688;1286700
2016-08-10;167,44000244140625;168,5;167,0500030517578;168,2899932861328;143,53839111328125;1104300
2016-08-11;169,11000061035156;169,58999633789062;167,3300018310547;167,8800048828125;143,1886749267578;1497800
2016-08-12;167,16000366210938;169,41000366210938;167,16000366210938;169,0399932861328;144,17808532714844;1399100
2016-08-15;169,0399932861328;169,27000427246094;168,58999633789062;168,72999572753906;143,9136962890625;918600
2016-08-16;167,8800048828125;168,8000030517578;167,8800048828125;168,41000366210938;143,64077758789062;1023000
2016-08-17;167,4499969482422;168,36000061035156;166,9199981689453;167,9600067138672;143,25694274902344;1382500
2016-08-18;168,4199981689453;168,7100067138672;167,1999969482422;167,75;143,07785034179688;1353400
2016-08-19;167,2100067138672;168,3300018310547;167,10000610351562;168,02000427246094;143,3081512451172;1764800
2016-08-22;168,33999633789062;168,69000244140625;167,6199951171875;167,94000244140625;143,23983764648438;955000
2016-08-23;168,08999633789062;168,4499969482422;167,30999755859375;167,36000061035156;142,74513244628906;1003700
2016-08-24;167,13999938964844;167,8800048828125;166,75999450683594;167,57000732421875;142,92431640625;1363800
2016-08-25;167,1999969482422;167,41000366210938;164,63999938964844;164,86000061035156;140,6128387451172;1817700
2016-08-26;165,38999938964844;165,64999389648438;163,47000122070312;163,92999267578125;139,8196563720703;2009900
2016-08-29;164,47000122070312;164,83999633789062;163,39999389648438;163,97999572753906;139,86227416992188;1819200
2016-08-30;164,07000732421875;164,27999877929688;161,74000549316406;161,9600067138672;138,13941955566406;2010700
2016-08-31;161,8699951171875;162,57000732421875;161,14999389648438;162,08999633789062;138,25025939941406;1933200
2016-09-01;159,0;159,0;155,5399932861328;156,2100067138672;133,23501586914062;6038500
2016-09-02;156,80999755859375;159,27999877929688;156,8000030517578;157,97999572753906;134,74476623535156;2679000
2016-09-06;158,1300048828125;158,14999389648438;156,02000427246094;158,05999755859375;134,81297302246094;2716900
2016-09-07;157,63999938964844;157,8699951171875;155,39999389648438;155,63999938964844;132,7489471435547;2984100
2016-09-08;155,19000244140625;155,49000549316406;152,94000244140625;153,47000122070312;130,89808654785156;2993100
2016-09-09;152,58999633789062;152,7899932861328;150,6999969482422;150,6999969482422;128,53549194335938;2993900
2016-09-12;150,5;151,99000549316406;150,25999450683594;151,69000244140625;129,37986755371094;2982400
2016-09-13;151,17999267578125;151,5800018310547;150,07000732421875;150,74000549316406;128,56961059570312;2148600
2016-09-14;150,7100067138672;152,25;150,1999969482422;150,69000244140625;128,52694702148438;2188900
2016-09-15;150,72000122070312;152,97000122070312;150,11000061035156;152,6699981689453;130,2157440185547;2284300
2016-09-16;151,9600067138672;152,66000366210938;151,13999938964844;152,35000610351562;129,9427947998047;2842000
2016-09-19;152,1300048828125;153,02999877929688;151,60000610351562;151,7899932861328;129,46514892578125;1321300
2016-09-20;152,42999267578125;152,7100067138672;151,6699981689453;152,1699981689453;129,78927612304688;1396700
2016-09-21;152,58999633789062;152,89999389648438;151,25;152,6999969482422;130,24131774902344;1535100
2016-09-22;153,02999877929688;154,27999877929688;152,67999267578125;153,14999389648438;130,62515258789062;2502200
2016-09-23;153,14999389648438;153,77000427246094;152,1699981689453;152,52999877929688;130,09629821777344;2282100
2016-09-26;152,0800018310547;152,27999877929688;151,00999450683594;151,19000244140625;128,9534149169922;1862200
2016-09-27;151,4199981689453;151,77000427246094;150,0;150,4499969482422;128,32223510742188;2569000
2016-09-28;150,60000610351562;150,6699981689453;148,94000244140625;149,41000366210938;127,4352035522461;2626300
2016-09-29;149,19000244140625;149,69000244140625;147,1999969482422;147,49000549316406;125,79759216308594;4501300
2016-09-30;151,7899932861328;154,85000610351562;151,60000610351562;152,50999450683594;130,0792694091797;7318100
2016-10-03;152,22000122070312;152,25;150,32000732421875;151,00999450683594;128,79986572265625;3197100
2016-10-04;151,47000122070312;151,6199951171875;149,49000549316406;150,47999572753906;128,34786987304688;2840500
2016-10-05;150,6300048828125;150,9199981689453;149,8300018310547;149,97999572753906;127,92137145996094;2377700
2016-10-06;150,22999572753906;150,63999938964844;149,0;149,47000122070312;127,48638153076172;2465500
2016-10-07;149,77000427246094;150,19000244140625;148,7899932861328;149,99000549316406;127,92990112304688;2282100
2016-10-10;150,35000610351562;150,85000610351562;149,75;150,27999877929688;128,17723083496094;1587700
2016-10-11;149,6699981689453;151,13999938964844;149,50999450683594;151,00999450683594;128,79986572265625;2596800
2016-10-12;150,97000122070312;151,49000549316406;150,38999938964844;150,4600067138672;128,33079528808594;1664500
2016-10-13;149,92999267578125;151,33999633789062;149,72000122070312;150,22000122070312;128,12608337402344;1795300
2016-10-14;150,17999267578125;151,0;149,27999877929688;150,14999389648438;128,06634521484375;1745000
2016-10-17;150,0800018310547;150,1999969482422;148,6300048828125;148,6999969482422;126,8296127319336;1988400
2016-10-18;149,50999450683594;149,6199951171875;148,41000366210938;149,11000061035156;127,17932891845703;1847800
2016-10-19;150,6999969482422;151,32000732421875;149,30999755859375;149,4499969482422;127,4693374633789;1812000
2016-10-20;149,85000610351562;150,77999877929688;149,60000610351562;150,0399932861328;127,97251892089844;2251200
2016-10-21;149,50999450683594;150,2899932861328;148,5;148,97000122070312;127,05989837646484;2188000
2016-10-24;149,35000610351562;152,32000732421875;149,2899932861328;152,1199951171875;129,74659729003906;2432800
2016-10-25;149,89999389648438;151,97000122070312;149,89999389648438;150,99000549316406;128,78280639648438;2060600
2016-10-26;150,35000610351562;151,41000366210938;150,27999877929688;150,97999572753906;128,7742462158203;2246100
2016-10-27;150,8300018310547;151,4600067138672;149,82000732421875;150,86000061035156;128,67193603515625;1993500
2016-10-28;150,44000244140625;150,86000061035156;149,3800048828125;149,75999450683594;127,73371124267578;1843900
2016-10-31;148,88999938964844;149,35000610351562;147,10000610351562;147,8699951171875;126,1216812133789;3239400
2016-11-01;148,47999572753906;148,6300048828125;146,3800048828125;146,66000366210938;125,08966064453125;2112000
2016-11-02;146,42999267578125;147,33999633789062;146,1199951171875;146,27000427246094;125,1410140991211;2260500
2016-11-03;146,6999969482422;146,6999969482422;144,13999938964844;144,4499969482422;123,58390045166016;2168200
2016-11-04;143,0;145,0;142,11000061035156;142,24000549316406;121,69317626953125;2702100
2016-11-07;143,3800048828125;143,66000366210938;142,75;143,5399932861328;122,80535125732422;3010100
2016-11-08;143,88999938964844;146,6300048828125;143,8000030517578;146,08999633789062;124,98695373535156;3505200
2016-11-09;143,5399932861328;147,38999938964844;143,5399932861328;146,7899932861328;125,58590698242188;3170200
2016-11-10;147,05999755859375;150,0;146,61000061035156;146,6999969482422;125,50890350341797;3944200
2016-11-11;146,61000061035156;149,6199951171875;145,3800048828125;149,36000061035156;127,7846450805664;3218000
2016-11-14;150,9199981689453;152,13999938964844;149,5;152,0;130,0432891845703;3890800
2016-11-15;151,97999572753906;152,0;150,2899932861328;151,14999389648438;129,31613159179688;2799900
2016-11-16;152,19000244140625;152,5500030517578;151,8000030517578;152,13999938964844;130,1630859375;2152300
2016-11-17;151,22999572753906;151,39999389648438;149,5500030517578;151,1999969482422;129,3588104248047;2098700
2016-11-18;150,83999633789062;151,1999969482422;149,52000427246094;150,36000061035156;128,64015197753906;2020500
2016-11-21;150,5500030517578;151,2899932861328;150,1199951171875;151,1699981689453;129,3331756591797;1181200
2016-11-22;151,92999267578125;153,0500030517578;151,2100067138672;152,6699981689453;130,61648559570312;1954200
2016-11-23;152,75;153,33999633789062;151,17999267578125;151,60000610351562;129,70106506347656;2166900
2016-11-25;151,88999938964844;153,4199981689453;151,7100067138672;151,8800048828125;129,94065856933594;886800
2016-11-28;151,0500030517578;152,42999267578125;151,00999450683594;151,25;129,401611328125;1733500
2016-11-29;151,6199951171875;152,22000122070312;151,3300018310547;151,47999572753906;129,59840393066406;1496800
2016-11-30;151,1300048828125;151,5399932861328;150,07000732421875;150,11000061035156;128,42630004882812;2750500
2016-12-01;150,11000061035156;152,8800048828125;150,11000061035156;151,74000549316406;129,82086181640625;2305200
2016-12-02;151,99000549316406;152,8699951171875;151,42999267578125;152,08999633789062;130,12030029296875;1829200
2016-12-05;152,08999633789062;152,22999572753906;150,77999877929688;151,77000427246094;129,84649658203125;2432100
2016-12-06;151,85000610351562;152,0800018310547;150,4199981689453;151,00999450683594;129,19630432128906;2245400
2016-12-07;150,60000610351562;153,91000366210938;150,47999572753906;153,85000610351562;131,62600708007812;2811300
2016-12-08;156,63999938964844;160,89999389648438;156,60000610351562;157,58999633789062;134,82582092285156;5504300
2016-12-09;157,27999877929688;159,8300018310547;157,25999450683594;159,6999969482422;136,63104248046875;2614700
2016-12-12;158,60000610351562;161,27999877929688;158,55999755859375;160,3300018310547;137,1699981689453;2299200
2016-12-13;160,85000610351562;162,0399932861328;159,13999938964844;159,77000427246094;136,69088745117188;3583300
2016-12-14;160,0500030517578;160,4499969482422;158,25;158,99000549316406;136,0236053466797;2119100
2016-12-15;159,35000610351562;161,5;159,07000732421875;160,11000061035156;136,98178100585938;1811100
2016-12-16;160,49000549316406;161,25;159,85000610351562;160,41000366210938;137,23841857910156;3767100
2016-12-19;162,00999450683594;164,52999877929688;161,64999389648438;163,4600067138672;139,8478546142578;3231900
2016-12-20;164,32000732421875;164,9499969482422;163,5;163,86000061035156;140,19009399414062;2204600
2016-12-21;163,60000610351562;164,02999877929688;163,02000427246094;163,0399932861328;139,48854064941406;1313400
2016-12-22;163,66000366210938;163,6699981689453;161,9199981689453;162,07000732421875;138,65866088867188;1965900
2016-12-23;162,1699981689453;162,6699981689453;161,52999877929688;162,0800018310547;138,66720581054688;1254100
2016-12-27;162,05999755859375;162,75999450683594;161,8000030517578;162,0500030517578;138,64157104492188;1301100
2016-12-28;162,02000427246094;162,85000610351562;160,5500030517578;161,00999450683594;137,7517547607422;1281000
2016-12-29;160,64999389648438;161,44000244140625;160,64999389648438;161,1300048828125;137,85440063476562;858200
2016-12-30;160,88999938964844;160,99000549316406;159,6699981689453;160,11000061035156;136,98178100585938;1472300
2017-01-03;160,64999389648438;160,99000549316406;158,50999450683594;159,72999572753906;136,65664672851562;2099000
2017-01-04;159,8000030517578;160,49000549316406;158,94000244140625;159,75999450683594;136,6822967529297;2163600
2017-01-05;160,9499969482422;163,35000610351562;160,6300048828125;162,91000366210938;139,37728881835938;2880900
2017-01-06;162,6699981689453;162,9499969482422;161,1300048828125;162,8300018310547;139,3088836669922;2167000
2017-01-09;162,3300018310547;162,47999572753906;160,72000122070312;160,97000122070312;137,71755981445312;2318300
2017-01-10;160,5800018310547;162,41000366210938;160,50999450683594;161,66000366210938;138,30789184570312;1477900
2017-01-11;161,47000122070312;162,3800048828125;160,35000610351562;161,5399932861328;138,20518493652344;1378300
2017-01-12;161,35000610351562;161,9600067138672;160,6699981689453;161,8699951171875;138,48751831054688;1296900
2017-01-13;161,99000549316406;162,1300048828125;161,35000610351562;161,86000061035156;138,47898864746094;1250100
2017-01-17;161,85000610351562;164,25;161,6699981689453;163,80999755859375;140,14730834960938;2430500
2017-01-18;163,64999389648438;164,3800048828125;162,58999633789062;164,27000427246094;140,5408477783203;1834700
2017-01-19;164,17999267578125;164,8000030517578;163,55999755859375;163,6999969482422;140,05319213867188;1980400
2017-01-20;164,38999938964844;164,77000427246094;163,22999572753906;164,24000549316406;140,5152587890625;1897100
2017-01-23;164,0500030517578;164,35000610351562;162,1699981689453;163,00999450683594;139,4629364013672;1421600
2017-01-24;163,22999572753906;163,82000732421875;162,9600067138672;163,6699981689453;140,02752685546875;1347400
2017-01-25;164,1999969482422;164,75;163,89999389648438;164,13999938964844;140,42967224121094;1299200
2017-01-26;164,33999633789062;164,44000244140625;163,39999389648438;164,07000732421875;140,36976623535156;1180000
2017-01-27;164,55999755859375;164,5800018310547;160,7100067138672;162,05999755859375;138,65011596679688;2341100
2017-01-30;162,02999877929688;163,2899932861328;160,60000610351562;163,25;139,66819763183594;2149800
2017-01-31;162,49000549316406;164,0;162,35000610351562;163,9499969482422;140,26707458496094;1796600
2017-02-01;163,83999633789062;163,9499969482422;161,80999755859375;161,86000061035156;138,47898864746094;2219700
2017-02-02;166,83999633789062;168,8800048828125;166,16000366210938;168,14999389648438;143,8604278564453;5816300
2017-02-03;167,72000122070312;168,83999633789062;167,14999389648438;168,32000732421875;144,00588989257812;3227700
2017-02-06;168,17999267578125;168,17999267578125;166,7100067138672;167,02999877929688;142,9021759033203;2172800
2017-02-07;167,52999877929688;168,0800018310547;166,52999877929688;167,52000427246094;143,3214111328125;2732600
2017-02-08;167,5;168,57000732421875;167,5;168,4199981689453;144,47947692871094;2089900
2017-02-09;168,4499969482422;171,4199981689453;168,1699981689453;170,9600067138672;146,65846252441406;2606900
2017-02-10;171,64999389648438;172,27000427246094;170,27000427246094;172,0;147,5506591796875;2070000
2017-02-13;172,49000549316406;172,49000549316406;170,77999877929688;171,9600067138672;147,51629638671875;2272200
2017-02-14;171,66000366210938;173,63999938964844;171,5500030517578;173,6300048828125;148,94891357421875;2244700
2017-02-15;173,17999267578125;175,0;173,05999755859375;175,0;150,1241912841797;2346500
2017-02-16;175,10000610351562;175,8300018310547;174,50999450683594;175,75;150,767578125;2206500
2017-02-17;175,47000122070312;176,5;174,47999572753906;175,86000061035156;150,8619384765625;2424400
2017-02-21;176,5500030517578;177,0;176,0;176,94000244140625;151,7884063720703;2317000
2017-02-22;177,07000732421875;177,08999633789062;175,07000732421875;176,50999450683594;151,41952514648438;1815200
2017-02-23;176,52000427246094;177,0399932861328;175,2100067138672;175,85000610351562;150,8533477783203;2599900
2017-02-24;175,22000122070312;177,7100067138672;175,1199951171875;177,55999755859375;152,32028198242188;1684300
2017-02-27;177,3300018310547;177,85000610351562;176,5500030517578;177,6199951171875;152,37171936035156;2340400
2017-02-28;176,9499969482422;177,8699951171875;175,47999572753906;177,17999267578125;151,9942626953125;2992100
2017-03-01;177,3699951171875;178,7100067138672;177,22000122070312;177,86000061035156;152,57763671875;2352300
2017-03-02;177,5;178,25;176,50999450683594;177,97999572753906;152,68060302734375;3190300
2017-03-03;170,6999969482422;171,88999938964844;169,89999389648438;170,25999450683594;146,05796813964844;10396500
2017-03-06;169,41000366210938;170,3300018310547;166,11000061035156;166,72999572753906;143,0297393798828;5793600
2017-03-07;166,5399932861328;168,6199951171875;166,5399932861328;167,0;143,26133728027344;2811900
2017-03-08;167,0;167,41000366210938;166,16000366210938;166,24000549316406;142,609375;2375900
2017-03-09;166,39999389648438;166,7899932861328;165,1199951171875;165,77000427246094;142,2062225341797;1993700
2017-03-10;166,49000549316406;166,5;164,97999572753906;165,3699951171875;141,86302185058594;2164200
2017-03-13;164,85000610351562;165,11000061035156;164,3000030517578;164,5500030517578;141,15966796875;2127700
2017-03-14;164,2100067138672;165,32000732421875;164,10000610351562;165,24000549316406;141,7515411376953;1974400
2017-03-15;165,57000732421875;166,5399932861328;164,8300018310547;166,5399932861328;142,8667449951172;2079700
2017-03-16;166,77999877929688;167,6699981689453;166,25999450683594;167,05999755859375;143,31277465820312;2726600
2017-03-17;168,05999755859375;168,35000610351562;167,07000732421875;167,80999755859375;143,9562225341797;3976000
2017-03-20;167,75999450683594;168,2899932861328;166,8000030517578;167,44000244140625;143,63885498046875;1603300
2017-03-21;167,50999450683594;168,8000030517578;166,64999389648438;166,77999877929688;143,07260131835938;2241900
2017-03-22;167,32000732421875;167,97000122070312;167,0399932861328;167,67999267578125;143,84469604492188;1534200
2017-03-23;168,0;168,4199981689453;166,42999267578125;166,89999389648438;143,175537109375;1430500
2017-03-24;167,3699951171875;167,4600067138672;165,66000366210938;166,02000427246094;142,42068481445312;1410400
2017-03-27;165,52999877929688;166,32000732421875;165,32000732421875;166,14999389648438;142,53216552734375;1212300
2017-03-28;166,11000061035156;167,0500030517578;165,14999389648438;166,77000427246094;143,06407165527344;1446400
2017-03-29;166,27999877929688;167,47999572753906;166,14999389648438;167,42999267578125;143,63021850585938;1216700
2017-03-30;167,3000030517578;168,17999267578125;166,75999450683594;167,88999938964844;144,02484130859375;1034000
2017-03-31;167,58999633789062;168,1699981689453;167,1300048828125;167,69000244140625;143,853271484375;1720300
2017-04-03;167,74000549316406;168,3000030517578;166,39999389648438;166,6999969482422;143,00399780273438;1547900
2017-04-04;166,60000610351562;167,32000732421875;166,11000061035156;167,25;143,47579956054688;1322400
2017-04-05;167,2899932861328;168,39999389648438;166,72000122070312;167,0;143,26133728027344;1715200
2017-04-06;169,67999267578125;172,11000061035156;169,30999755859375;170,02000427246094;145,85206604003906;3313800
2017-04-07;169,6999969482422;171,0;169,42999267578125;170,6199951171875;146,3667449951172;1510000
2017-04-10;170,1999969482422;171,57000732421875;169,85000610351562;171,22000122070312;146,88148498535156;2002300
2017-04-11;170,7899932861328;171,44000244140625;169,6300048828125;170,6300048828125;146,3753662109375;1191400
2017-04-12;171,42999267578125;171,4499969482422;169,69000244140625;170,1699981689453;145,98074340820312;1422300
2017-04-13;170,0500030517578;170,6199951171875;168,8000030517578;168,83999633789062;144,83978271484375;1422500
2017-04-17;168,77000427246094;169,75;168,7100067138672;169,6999969482422;145,5775146484375;1504100
2017-04-18;170,0500030517578;170,32000732421875;169,47000122070312;170,1300048828125;145,94642639160156;1542700
2017-04-19;170,8800048828125;170,92999267578125;169,82000732421875;170,05999755859375;145,88636779785156;1441300
2017-04-20;170,3300018310547;171,17999267578125;169,9499969482422;170,14999389648438;145,9635772705078;1933600
2017-04-21;171,52000427246094;171,8800048828125;170,63999938964844;170,77000427246094;146,49549865722656;2257900
2017-04-24;172,0;172,61000061035156;171,3300018310547;172,3300018310547;147,83367919921875;1906900
2017-04-25;172,91000366210938;173,0399932861328;172,2899932861328;172,67999267578125;148,1339569091797;1503000
2017-04-26;178,0500030517578;178,27000427246094;175,4199981689453;176,8000030517578;151,66835021972656;4591300
2017-04-27;177,32000732421875;177,7899932861328;176,4199981689453;177,4499969482422;152,22589111328125;2148700
2017-04-28;178,07000732421875;178,07000732421875;176,92999267578125;177,52000427246094;152,2859649658203;2364500
2017-05-01;178,5;178,5;177,3300018310547;177,86000061035156;152,57763671875;3328000
2017-05-02;178,72000122070312;178,94000244140625;177,94000244140625;178,58999633789062;153,203857421875;2505300
2017-05-03;178,74000549316406;180,4600067138672;178,6999969482422;179,82000732421875;154,25901794433594;2900500
2017-05-04;180,0500030517578;183,17999267578125;180,0;182,4499969482422;156,5151824951172;3762200
2017-05-05;182,77000427246094;182,9199981689453;179,75999450683594;180,1999969482422;154,5850067138672;3713600
2017-05-08;174,66000366210938;174,6999969482422;171,60000610351562;172,63999938964844;154,08522033691406;3538000
2017-05-09;173,61000061035156;173,9199981689453;172,30999755859375;172,67999267578125;154,12088012695312;2662100
2017-05-10;172,02999877929688;172,08999633789062;170,66000366210938;171,35000610351562;153,37794494628906;2554500
2017-05-11;170,77999877929688;171,5500030517578;170,10000610351562;171,25999450683594;153,29734802246094;2106000
2017-05-12;171,2899932861328;171,85000610351562;170,32000732421875;170,8800048828125;152,95724487304688;1586800
2017-05-15;170,3000030517578;171,97999572753906;170,3000030517578;171,57000732421875;153,57492065429688;1733600
2017-05-16;171,9600067138672;171,9600067138672;170,6300048828125;171,0;153,0646514892578;1129200
2017-05-17;170,66000366210938;171,5;169,05999755859375;169,14999389648438;151,4086456298828;2201400
2017-05-18;170,0800018310547;171,02000427246094;169,69000244140625;170,72000122070312;152,81402587890625;1589700
2017-05-19;171,35000610351562;172,42999267578125;170,80999755859375;171,63999938964844;153,63754272460938;1871800
2017-05-22;172,24000549316406;173,24000549316406;171,6300048828125;172,39999389648438;154,3178253173828;1594100
2017-05-23;172,97000122070312;173,5399932861328;172,32000732421875;172,47000122070312;154,38043212890625;1788000
2017-05-24;172,9499969482422;173,1300048828125;171,8000030517578;173,00999450683594;154,8638153076172;1420800
2017-05-25;173,47000122070312;175,0500030517578;173,3000030517578;174,72999572753906;156,40341186523438;2726900
2017-05-26;180,25;180,33999633789062;177,52000427246094;177,86000061035156;159,20510864257812;4471300
2017-05-30;177,67999267578125;179,38999938964844;177,5;178,9199981689453;160,15396118164062;2086300
2017-05-31;179,24000549316406;180,47000122070312;178,77999877929688;180,42999267578125;161,50558471679688;2456200
2017-06-01;180,80999755859375;181,10000610351562;179,86000061035156;180,6300048828125;161,68463134765625;2028300
2017-06-02;180,5800018310547;181,25;179,8699951171875;180,97000122070312;161,98898315429688;2239900
2017-06-05;181,10000610351562;182,2100067138672;180,60000610351562;182,0800018310547;162,98251342773438;1561100
2017-06-06;181,6999969482422;182,72000122070312;181,00999450683594;181,4499969482422;162,41856384277344;2248900
2017-06-07;181,44000244140625;182,24000549316406;181,13999938964844;182,1999969482422;163,08998107910156;1246200
2017-06-08;181,9199981689453;182,5;180,83999633789062;181,41000366210938;162,38282775878906;1823600
2017-06-09;181,7100067138672;181,92999267578125;179,9199981689453;180,3800048828125;161,4607696533203;2167600
2017-06-12;179,5800018310547;180,8699951171875;178,7899932861328;179,63999938964844;160,79843139648438;2395200
2017-06-13;179,89999389648438;180,7899932861328;179,02999877929688;180,50999450683594;161,5771942138672;1745400
2017-06-14;180,8300018310547;181,9600067138672;180,22999572753906;181,6699981689453;162,6155242919922;1440400
2017-06-15;180,38999938964844;181,3300018310547;178,3699951171875;180,05999755859375;161,17437744140625;1753800
2017-06-16;170,39999389648438;170,60000610351562;165,0;167,11000061035156;149,5826873779297;24233000
2017-06-19;167,0500030517578;167,3800048828125;162,38999938964844;164,33999633789062;147,10317993164062;13809100
2017-06-20;165,5;165,5;162,42999267578125;162,89999389648438;145,814208984375;7337600
2017-06-21;163,49000549316406;163,77000427246094;162,75;163,14999389648438;146,03799438476562;3421700
2017-06-22;163,1699981689453;163,3000030517578;159,00999450683594;159,7899932861328;143,03038024902344;8043100
2017-06-23;159,39999389648438;159,8000030517578;156,55999755859375;157,1300048828125;140,6494140625;9506700
2017-06-26;158,14999389648438;160,99000549316406;158,10000610351562;160,1999969482422;143,39744567871094;6473900
2017-06-27;160,66000366210938;161,5500030517578;159,1999969482422;159,25999450683594;142,55599975585938;5533800
2017-06-28;159,58999633789062;160,5;159,5;160,1699981689453;143,3705596923828;3234400
2017-06-29;160,2100067138672;160,47000122070312;157,8000030517578;158,67999267578125;142,0368194580078;3664200
2017-06-30;159,60000610351562;160,5399932861328;158,7899932861328;159,92999267578125;143,15573120117188;4755100
2017-07-03;160,2100067138672;160,52999877929688;158,69000244140625;158,82000732421875;142,16217041015625;1994300
2017-07-05;158,92999267578125;159,5;157,86000061035156;158,02000427246094;141,44607543945312;3770400
2017-07-06;161,11000061035156;161,35000610351562;157,0500030517578;157,08999633789062;140,61363220214844;6963400
2017-07-07;157,36000061035156;157,5500030517578;154,08999633789062;154,11000061035156;137,9461669921875;7688400
2017-07-10;153,50999450683594;153,60000610351562;150,9600067138672;151,0;135,1623992919922;8999800
2017-07-11;151,4499969482422;153,08999633789062;150,92999267578125;151,11000061035156;135,26083374023438;6275600
2017-07-12;151,4600067138672;152,89999389648438;151,4199981689453;151,75;135,8336944580078;5112200
2017-07-13;153,22999572753906;153,92999267578125;152,6199951171875;153,60000610351562;137,48963928222656;5673500
2017-07-14;154,25999450683594;154,27000427246094;152,89999389648438;153,0;136,9525909423828;4368400
2017-07-17;153,0;153,44000244140625;152,52000427246094;152,83999633789062;136,80931091308594;3096500
2017-07-18;152,61000061035156;152,83999633789062;150,94000244140625;151,5;135,6099090576172;3256900
2017-07-19;151,80999755859375;152,16000366210938;150,89999389648438;151,24000549316406;135,37721252441406;4100000
2017-07-20;151,47000122070312;152,19000244140625;150,8800048828125;150,99000549316406;135,15342712402344;3207400
2017-07-21;150,94000244140625;151,22999572753906;150,0;150,44000244140625;134,66110229492188;4078000
2017-07-24;150,4499969482422;151,47000122070312;150,11000061035156;151,0;135,1623992919922;3655600
2017-07-25;151,41000366210938;153,6999969482422;151,39999389648438;153,1699981689453;137,1047821044922;4605700
2017-07-26;153,41000366210938;153,5;151,5500030517578;152,08999633789062;136,13803100585938;3017200
2017-07-27;152,00999450683594;152,99000549316406;151,44000244140625;152,52000427246094;136,5229034423828;3637900
2017-07-28;152,6699981689453;153,3000030517578;152,11000061035156;152,88999938964844;136,85409545898438;2779500
2017-07-31;153,0800018310547;158,66000366210938;153,02999877929688;158,50999450683594;141,8846435546875;6937100
2017-08-01;159,10000610351562;159,97000122070312;157,91000366210938;159,72000122070312;142,96774291992188;4787500
2017-08-02;159,1300048828125;161,5500030517578;158,44000244140625;161,27999877929688;144,36412048339844;5486300
2017-08-03;161,61000061035156;162,35000610351562;157,05999755859375;157,91000366210938;141,34759521484375;5562600
2017-08-04;158,33999633789062;158,44000244140625;155,8300018310547;156,44000244140625;140,0317840576172;3117900
2017-08-07;156,5;157,5800018310547;155,33999633789062;156,9499969482422;140,48829650878906;2629500
2017-08-08;157,10000610351562;159,44000244140625;157,02999877929688;157,75;141,20436096191406;2569200
2017-08-09;157,13999938964844;157,57000732421875;156,1999969482422;156,86000061035156;140,40777587890625;2157600
2017-08-10;156,1699981689453;157,57000732421875;155,3699951171875;156,63999938964844;140,21078491210938;2764600
2017-08-11;156,50999450683594;157,8000030517578;156,41000366210938;156,64999389648438;140,2197265625;1887000
2017-08-14;157,58999633789062;158,1999969482422;156,5399932861328;157,91000366210938;141,34759521484375;2028400
2017-08-15;158,0;158,3800048828125;156,7899932861328;156,8800048828125;140,42567443847656;1869100
2017-08-16;157,27999877929688;159,8800048828125;157,11000061035156;159,75999450683594;143,46080017089844;3381800
2017-08-17;158,47999572753906;159,9499969482422;157,63999938964844;158,57000732421875;142,3922119140625;2650000
2017-08-18;157,97999572753906;158,69000244140625;156,9199981689453;157,0800018310547;141,05422973632812;2747900
2017-08-21;157,19000244140625;158,1699981689453;155,9600067138672;157,07000732421875;141,04522705078125;1857400
2017-08-22;157,52999877929688;159,4499969482422;157,52999877929688;158,6999969482422;142,5089569091797;2204600
2017-08-23;158,6199951171875;159,44000244140625;157,77999877929688;159,3699951171875;143,11056518554688;1731400
2017-08-24;160,0;160,66000366210938;151,08999633789062;151,3300018310547;135,89085388183594;10301700
2017-08-25;152,3699951171875;152,94000244140625;150,05999755859375;152,4499969482422;136,89657592773438;5703500
2017-08-28;151,89999389648438;153,27999877929688;151,1999969482422;152,5500030517578;136,9864044189453;3776400
2017-08-29;152,3800048828125;153,99000549316406;151,4600067138672;153,55999755859375;137,89332580566406;2446200
2017-08-30;153,7100067138672;154,74000549316406;152,8800048828125;154,44000244140625;138,6835479736328;2493500
2017-08-31;156,22000122070312;157,25999450683594;153,9499969482422;156,74000549316406;140,74891662597656;4567700
2017-09-01;157,58999633789062;158,5500030517578;157,1999969482422;158,24000549316406;142,09588623046875;2833500
2017-09-05;157,9600067138672;159,72000122070312;157,47000122070312;159,13999938964844;142,904052734375;3413000
2017-09-06;159,19000244140625;159,94000244140625;158,08999633789062;158,86000061035156;142,65261840820312;2873700
2017-09-07;158,97000122070312;159,60000610351562;157,57000732421875;159,27999877929688;143,02976989746094;2479300
2017-09-08;158,3699951171875;158,5;155,02999877929688;157,30999755859375;141,26072692871094;3364600
2017-09-11;157,88999938964844;158,0;157,05999755859375;157,36000061035156;141,30564880371094;2442500
2017-09-12;157,6699981689453;160,64999389648438;157,4499969482422;160,0399932861328;143,7122039794922;2988400
2017-09-13;160,13999938964844;163,9499969482422;160,00999450683594;162,99000549316406;146,36126708984375;4202000
2017-09-14;162,67999267578125;162,67999267578125;161,63999938964844;162,3699951171875;145,8045196533203;2493300
2017-09-15;162,24000549316406;162,6699981689453;161,6999969482422;162,3000030517578;145,7416534423828;3757800
2017-09-18;162,17999267578125;163,4600067138672;160,75999450683594;160,91000366210938;144,4934844970703;2047100
2017-09-19;160,9600067138672;161,66000366210938;159,9499969482422;161,55999755859375;145,0771484375;1790800
2017-09-20;161,50999450683594;163,0399932861328;161,25999450683594;162,85000610351562;146,23558044433594;2432300
2017-09-21;162,92999267578125;162,92999267578125;160,39999389648438;161,47999572753906;145,00534057617188;1738800
2017-09-22;160,89999389648438;162,0;160,3699951171875;161,2899932861328;144,83470153808594;1535900
2017-09-25;160,8300018310547;162,6999969482422;160,52000427246094;162,3300018310547;145,7686004638672;1799600
2017-09-26;162,7100067138672;164,72999572753906;162,58999633789062;164,07000732421875;147,3310546875;2370400
2017-09-27;164,49000549316406;165,32000732421875;163,3800048828125;164,4199981689453;147,64540100097656;2053100
2017-09-28;164,47000122070312;164,9499969482422;163,5399932861328;163,89999389648438;147,17840576171875;1730200
2017-09-29;163,89999389648438;165,07000732421875;163,75999450683594;164,2899932861328;147,5286407470703;1852300
2017-10-02;164,9199981689453;166,4199981689453;164,2899932861328;165,88999938964844;148,96542358398438;2267100
2017-10-03;166,32000732421875;167,2899932861328;165,02999877929688;165,0800018310547;148,23800659179688;2839400
2017-10-04;165,22999572753906;165,92999267578125;164,69000244140625;165,2100067138672;148,35476684570312;1918600
2017-10-05;165,86000061035156;167,1199951171875;165,25;167,07000732421875;150,0249786376953;4715400
2017-10-06;159,0;159,4600067138672;156,5399932861328;157,08999633789062;141,06320190429688;18001200
2017-10-09;157,00999450683594;157,75;154,11000061035156;154,61000061035156;138,83621215820312;7028800
2017-10-10;155,6699981689453;157,36000061035156;155,0800018310547;156,8699951171875;140,86561584472656;5420200
2017-10-11;157,3000030517578;158,9600067138672;157,05999755859375;157,8699951171875;141,7635955810547;3859300
2017-10-12;157,8699951171875;157,99000549316406;156,36000061035156;157,22000122070312;141,179931640625;3596300
2017-10-13;157,4199981689453;160,0800018310547;157,08999633789062;159,85000610351562;143,54156494140625;3634500
2017-10-16;159,3800048828125;159,8000030517578;158,32000732421875;158,80999755859375;142,60769653320312;2453700
2017-10-17;159,0;159,27000427246094;157,57000732421875;158,3800048828125;142,22158813476562;2426800
2017-10-18;158,83999633789062;158,83999633789062;157,30999755859375;157,5500030517578;141,47622680664062;3011300
2017-10-19;157,13999938964844;158,75999450683594;157,0;158,4600067138672;142,29344177246094;2981700
2017-10-20;158,97000122070312;161,00999450683594;158,50999450683594;160,77000427246094;144,36776733398438;3993200
2017-10-23;160,85000610351562;162,38999938964844;160,5800018310547;162,0399932861328;145,50814819335938;2811200
2017-10-24;161,16000366210938;162,88999938964844;161,0;162,2899932861328;145,73268127441406;3040700
2017-10-25;161,0;163,0;160,5800018310547;162,17999267578125;145,6338653564453;3603900
2017-10-26;162,4600067138672;163,5500030517578;160,7899932861328;162,4600067138672;145,8853302001953;3038900
2017-10-27;160,8000030517578;162,67999267578125;160,6999969482422;162,3800048828125;145,81349182128906;3399900
2017-10-30;161,99000549316406;162,0;159,47000122070312;160,22999572753906;143,8828125;2550700
2017-10-31;159,83999633789062;161,27000427246094;159,72000122070312;161,0800018310547;144,64614868164062;2513600
2017-11-01;161,97000122070312;163,2899932861328;161,2899932861328;162,69000244140625;146,0918426513672;2129400
2017-11-02;163,72999572753906;165,5500030517578;162,61000061035156;164,9499969482422;148,1212615966797;3255700
2017-11-03;164,16000366210938;167,07000732421875;163,77999877929688;166,44000244140625;149,4592742919922;3112500
2017-11-06;165,8000030517578;166,58999633789062;164,97999572753906;165,0500030517578;148,2111053466797;1917300
2017-11-07;165,1999969482422;166,5;164,60000610351562;166,27999877929688;149,31558227539062;1944200
2017-11-08;166,6300048828125;169,19000244140625;166,02000427246094;169,0500030517578;151,80300903320312;3494300
2017-11-09;167,47999572753906;169,30999755859375;167,0500030517578;169,11000061035156;151,8568878173828;2094000
2017-11-10;168,44000244140625;171,3800048828125;168,0800018310547;171,36000061035156;153,87733459472656;2673100
2017-11-13;171,0;173,08999633789062;170,64999389648438;171,4600067138672;153,9670867919922;4093300
2017-11-14;170,82000732421875;171,8300018310547;169,77000427246094;171,44000244140625;153,94915771484375;1774300
2017-11-15;169,3000030517578;170,72999572753906;167,05999755859375;169,0;151,7581024169922;2439900
2017-11-16;170,22999572753906;171,33999633789062;169,16000366210938;170,97999572753906;153,99166870117188;2342700
2017-11-17;171,0;172,1999969482422;170,64999389648438;170,97999572753906;153,99166870117188;2100600
2017-11-20;171,11000061035156;172,52999877929688;170,85000610351562;172,27999877929688;155,16253662109375;1955000
2017-11-21;172,9600067138672;174,19000244140625;172,5500030517578;173,4199981689453;156,18922424316406;2360200
2017-11-22;173,83999633789062;174,0;171,10000610351562;172,47999572753906;155,34263610839844;1950100
2017-11-24;172,3800048828125;173,16000366210938;171,5;171,6199951171875;154,56808471679688;789400
2017-11-27;172,25;173,05999755859375;171,1199951171875;172,61000061035156;155,45970153808594;2346700
2017-11-28;173,32000732421875;174,17999267578125;172,5500030517578;173,64999389648438;156,39639282226562;2728400
2017-11-29;174,0;177,74000549316406;173,5500030517578;177,52999877929688;159,89088439941406;4683000
2017-11-30;180,42999267578125;184,89999389648438;180,22000122070312;184,42999267578125;166,10531616210938;7716600
2017-12-01;183,25999450683594;185,17999267578125;181,1300048828125;185,1300048828125;166,73580932617188;4034400
2017-12-04;187,22000122070312;189,8800048828125;186,55999755859375;189,55999755859375;170,72561645507812;5774200
2017-12-05;189,6699981689453;191,22000122070312;186,85000610351562;187,82000732421875;169,15850830078125;3182800
2017-12-06;187,6199951171875;187,97999572753906;185,50999450683594;187,22000122070312;168,6180877685547;3569200
2017-12-07;186,50999450683594;187,8000030517578;185,55999755859375;186,1999969482422;167,699462890625;2240800
2017-12-08;186,7899932861328;188,52999877929688;185,9499969482422;188,07000732421875;169,3836212158203;1772500
2017-12-11;188,2100067138672;188,89999389648438;187,0399932861328;188,86000061035156;170,09518432617188;1964100
2017-12-12;186,9600067138672;189,1199951171875;186,8000030517578;188,3000030517578;169,5908203125;3365700
2017-12-13;188,52999877929688;190,1199951171875;187,8000030517578;188,27999877929688;169,57278442382812;3062900
2017-12-14;188,5800018310547;189,74000549316406;186,1699981689453;186,52999877929688;167,9967041015625;3743200
2017-12-15;193,41000366210938;195,35000610351562;192,0;192,72999572753906;173,5806121826172;8452900
2017-12-18;192,6300048828125;194,35000610351562;191,89999389648438;192,30999755859375;173,20233154296875;3492300
2017-12-19;192,91000366210938;193,0;187,0;188,3300018310547;169,61782836914062;3959900
2017-12-20;189,0399932861328;189,25999450683594;185,39999389648438;187,50999450683594;168,8792724609375;3894400
2017-12-21;188,0;188,39999389648438;186,5800018310547;186,8000030517578;168,23983764648438;1908100
2017-12-22;187,27000427246094;187,47999572753906;185,97000122070312;186,6300048828125;168,08670043945312;1078300
2017-12-26;186,19000244140625;187,33999633789062;186,1199951171875;186,5500030517578;168,01466369628906;1120000
2017-12-27;186,85000610351562;187,05999755859375;185,8000030517578;186,3000030517578;167,78948974609375;1175200
2017-12-28;186,57000732421875;187,02000427246094;186,19000244140625;186,6199951171875;168,07772827148438;1017000
2017-12-29;186,4600067138672;187,60000610351562;185,92999267578125;186,1199951171875;167,62742614746094;2028000
2018-01-02;187,22999572753906;190,67999267578125;186,74000549316406;188,32000732421875;169,60879516601562;2509300
2018-01-03;188,82000732421875;192,10000610351562;188,3800048828125;190,5800018310547;171,6442413330078;3364400
2018-01-04;192,0;192,3000030517578;187,55999755859375;189,10000610351562;170,31130981445312;3525800
2018-01-05;189,42999267578125;189,67999267578125;186,72000122070312;187,75;169,09544372558594;2819000
2018-01-08;187,32000732421875;188,97999572753906;187,25;188,47999572753906;169,7529296875;1961800
2018-01-09;189,00999450683594;189,3000030517578;186,14999389648438;186,2899932861328;167,78048706054688;2241900
2018-01-10;185,75;186,24000549316406;183,8800048828125;185,4199981689453;166,9969024658203;2609500
2018-01-11;185,42999267578125;190,6699981689453;185,02999877929688;189,3800048828125;170,56349182128906;4678600
2018-01-12;190,10000610351562;192,17999267578125;190,0;191,83999633789062;172,77903747558594;3499500
2018-01-16;192,35000610351562;192,83999633789062;190,88999938964844;191,52999877929688;172,4998779296875;2006600
2018-01-17;192,52999877929688;192,55999755859375;191,33999633789062;192,2899932861328;173,184326171875;2585200
2018-01-18;192,22999572753906;193,02999877929688;191,22000122070312;191,50999450683594;172,4818878173828;1908000
2018-01-19;191,7100067138672;192,63999938964844;191,16000366210938;192,2899932861328;173,184326171875;2353800
2018-01-22;192,5;194,75999450683594;192,05999755859375;194,3800048828125;175,06674194335938;3009100
2018-01-23;193,61000061035156;194,10000610351562;192,07000732421875;193,4199981689453;174,20204162597656;2316400
2018-01-24;194,42999267578125;194,75;191,92999267578125;194,24000549316406;174,94061279296875;2799200
2018-01-25;195,0;198,4499969482422;194,74000549316406;197,9499969482422;178,28195190429688;3558700
2018-01-26;197,75;199,22999572753906;195,69000244140625;198,91000366210938;179,14662170410156;2756200
2018-01-29;198,3699951171875;199,8800048828125;197,55999755859375;198,32000732421875;178,61524963378906;2031100
2018-01-30;197,58999633789062;198,7899932861328;196,0800018310547;197,91000366210938;178,24598693847656;2285000
2018-01-31;197,44000244140625;198,47000122070312;194,10000610351562;194,8699951171875;175,5080108642578;2682300
2018-02-01;193,41000366210938;195,39999389648438;192,44000244140625;193,47000122070312;174,24710083007812;2096600
2018-02-02;191,25;193,60000610351562;190,8000030517578;190,99000549316406;172,01353454589844;2386600
2018-02-05;190,66000366210938;192,10000610351562;182,52999877929688;182,77000427246094;164,61024475097656;3407200
2018-02-06;178,91000366210938;185,24000549316406;176,1999969482422;185,00999450683594;166,627685546875;4067900
2018-02-07;184,60000610351562;186,19000244140625;183,07000732421875;183,19000244140625;164,988525390625;2594800
2018-02-08;184,50999450683594;184,50999450683594;178,52999877929688;178,61000061035156;160,8635711669922;3013200
2018-02-09;179,77999877929688;182,07000732421875;175,7899932861328;180,72000122070312;162,76397705078125;2777200
2018-02-12;181,83999633789062;183,25999450683594;180,3800048828125;181,05999755859375;163,0701446533203;1596200
2018-02-13;180,22000122070312;184,60000610351562;180,0500030517578;184,14999389648438;165,85317993164062;2123900
2018-02-14;182,7100067138672;188,47999572753906;182,30999755859375;187,35000610351562;168,73519897460938;2191000
2018-02-15;188,08999633789062;191,7100067138672;186,57000732421875;191,47999572753906;172,91632080078125;2072900
2018-02-16;191,4499969482422;194,6199951171875;191,0399932861328;191,55999755859375;172,98855590820312;1969300
2018-02-20;189,8699951171875;191,47999572753906;187,6300048828125;188,1199951171875;169,88206481933594;2202100
2018-02-21;188,52999877929688;189,13999938964844;185,69000244140625;185,75;167,74180603027344;1747200
2018-02-22;186,35000610351562;188,3300018310547;185,66000366210938;186,58999633789062;168,50042724609375;1360100
2018-02-23;187,8300018310547;189,85000610351562;185,91000366210938;189,80999755859375;171,40818786621094;1561700
2018-02-26;190,10000610351562;193,10000610351562;189,92999267578125;192,80999755859375;174,1173858642578;1852400
2018-02-27;193,4499969482422;195,52000427246094;190,10000610351562;190,10000610351562;171,67015075683594;2170400
2018-02-28;191,60000610351562;193,75999450683594;190,88999938964844;190,89999389648438;172,39251708984375;2179800
2018-03-01;191,30999755859375;192,99000549316406;187,32000732421875;189,02999877929688;170,70382690429688;2447700
2018-03-02;187,47999572753906;190,38999938964844;187,22000122070312;189,3300018310547;170,97474670410156;2275900
2018-03-05;188,4499969482422;191,97999572753906;187,5;191,47999572753906;172,91632080078125;2155800
2018-03-06;192,13999938964844;192,25;190,07000732421875;191,4600067138672;172,8982391357422;2458700
2018-03-07;189,2100067138672;189,75;184,77999877929688;187,36000061035156;169,19570922851562;5157100
2018-03-08;186,19000244140625;186,35000610351562;183,0800018310547;185,69000244140625;167,68765258789062;6061500
2018-03-09;186,5;188,63999938964844;184,22000122070312;188,5800018310547;170,29745483398438;3288100
2018-03-12;188,27000427246094;190,10000610351562;187,5500030517578;189,3699951171875;171,01089477539062;2394100
2018-03-13;190,0500030517578;190,1199951171875;186,8000030517578;187,4600067138672;169,28607177734375;1964300
2018-03-14;188,77999877929688;189,00999450683594;183,5;184,6300048828125;166,73043823242188;2866000
2018-03-15;184,82000732421875;186,57000732421875;184,16000366210938;185,50999450683594;167,52511596679688;1811300
2018-03-16;186,17999267578125;186,25;184,47000122070312;185,8699951171875;167,8502655029297;3569400
2018-03-19;185,6300048828125;185,97999572753906;182,80999755859375;184,14999389648438;166,29696655273438;2493200
2018-03-20;185,10000610351562;187,5800018310547;184,60000610351562;187,35000610351562;169,1866912841797;1852500
2018-03-21;186,8300018310547;187,88999938964844;186,05999755859375;186,07000732421875;168,03085327148438;2048300
2018-03-22;184,89999389648438;185,5500030517578;182,5;182,63999938964844;164,93331909179688;2489800
2018-03-23;183,27999877929688;184,4499969482422;180,8300018310547;180,83999633789062;163,30784606933594;2351800
2018-03-26;183,02999877929688;187,55999755859375;182,33999633789062;187,22000122070312;169,06930541992188;2036600
2018-03-27;187,44000244140625;187,66000366210938;182,05999755859375;183,14999389648438;165,39389038085938;2495300
2018-03-28;183,61000061035156;184,6199951171875;181,22999572753906;183,61000061035156;165,80931091308594;2168700
2018-03-29;184,74000549316406;188,63999938964844;184,41000366210938;188,42999267578125;170,1619873046875;3016000
2018-04-02;186,91000366210938;186,91000366210938;181,0500030517578;182,75;165,03269958496094;3599200
2018-04-03;183,52999877929688;184,1699981689453;181,35000610351562;182,61000061035156;164,90628051757812;2287000
2018-04-04;181,1300048828125;186,35000610351562;180,94000244140625;185,52000427246094;167,5341796875;2111000
2018-04-05;186,6999969482422;187,0;184,92999267578125;186,25;168,1933135986328;1933600
2018-04-06;185,33999633789062;187,25;183,10000610351562;183,9600067138672;166,12539672851562;2259000
2018-04-09;185,1999969482422;187,39999389648438;183,5;184,41000366210938;166,53175354003906;1946000
2018-04-10;185,75;185,97000122070312;182,1699981689453;183,5500030517578;165,75515747070312;2526000
2018-04-11;182,25;186,3699951171875;182,22000122070312;184,64999389648438;166,74847412109375;1697300
2018-04-12;185,5;190,0399932861328;185,49000549316406;188,82000732421875;170,5142059326172;2841600
2018-04-13;189,80999755859375;189,8300018310547;187,00999450683594;188,91000366210938;170,59547424316406;1744400
2018-04-16;191,83999633789062;195,8000030517578;191,3800048828125;194,5800018310547;175,71580505371094;3026800
2018-04-17;195,66000366210938;196,8800048828125;194,72999572753906;196,0;176,9980926513672;2160500
2018-04-18;196,3000030517578;197,77000427246094;196,1199951171875;196,50999450683594;177,45870971679688;1663100
2018-04-19;196,16000366210938;196,39999389648438;193,5;195,07000732421875;176,15834045410156;2427600
2018-04-20;194,42999267578125;195,6699981689453;192,75;193,55999755859375;174,79466247558594;2252800
2018-04-23;193,80999755859375;194,3800048828125;192,25999450683594;193,35000610351562;174,6050262451172;1618000
2018-04-24;194,5399932861328;195,36000061035156;191,14999389648438;192,50999450683594;173,84646606445312;1598900
2018-04-25;192,22999572753906;194,6699981689453;191,38999938964844;193,97000122070312;175,16493225097656;1311700
2018-04-26;194,1199951171875;196,44000244140625;193,33999633789062;195,25999450683594;176,32986450195312;1445800
2018-04-27;194,9499969482422;196,9199981689453;194,52999877929688;196,5800018310547;177,5218505859375;1563100
2018-04-30;197,10000610351562;199,0399932861328;196,38999938964844;197,16000366210938;178,04563903808594;2165000
2018-05-01;196,49000549316406;197,0800018310547;193,50999450683594;196,5500030517578;177,49481201171875;1413200
2018-05-02;195,47999572753906;195,5800018310547;192,4499969482422;194,0;175,19203186035156;2498100
2018-05-03;193,9199981689453;193,99000549316406;190,17999267578125;193,00999450683594;174,29795837402344;1815500
2018-05-04;192,83999633789062;196,39999389648438;191,27999877929688;195,19000244140625;176,2666778564453;1704500
2018-05-07;195,77999877929688;195,8000030517578;192,2100067138672;193,05999755859375;174,34315490722656;2361900
2018-05-08;192,99000549316406;195,1999969482422;192,4199981689453;194,47999572753906;175,6254425048828;1908600
2018-05-09;194,14999389648438;196,4199981689453;193,14999389648438;196,0399932861328;177,03424072265625;1999100
2018-05-10;196,0500030517578;196,92999267578125;194,1999969482422;195,4499969482422;177,01611328125;1874200
2018-05-11;195,3300018310547;195,97999572753906;194,57000732421875;195,75999450683594;177,29685974121094;1296300
2018-05-14;195,9600067138672;197,27000427246094;195,4199981689453;195,8800048828125;177,4055938720703;1440900
2018-05-15;194,75999450683594;196,6999969482422;193,25999450683594;195,47999572753906;177,0432586669922;2319600
2018-05-16;196,07000732421875;199,35000610351562;195,0;198,7100067138672;179,96864318847656;2163200
2018-05-17;199,05999755859375;201,35000610351562;197,88999938964844;199,60000610351562;180,77471923828125;2391000
2018-05-18;199,5;199,52000427246094;197,77999877929688;198,9600067138672;180,19505310058594;1624600
2018-05-21;199,60000610351562;201,33999633789062;199,08999633789062;199,6199951171875;180,7928009033203;1202800
2018-05-22;199,72000122070312;201,77000427246094;198,8300018310547;198,97000122070312;180,20413208007812;1563600
2018-05-23;199,08999633789062;199,08999633789062;196,77000427246094;198,13999938964844;179,452392578125;1635100
2018-05-24;198,2899932861328;199,08999633789062;196,82000732421875;198,88999938964844;180,13172912597656;1176300
2018-05-25;198,88999938964844;200,22000122070312;197,82000732421875;198,36000061035156;179,65164184570312;1331000
2018-05-29;198,10000610351562;198,83999633789062;196,0;196,74000549316406;178,1844940185547;2298100
2018-05-30;198,16000366210938;200,52999877929688;197,75;199,63999938964844;180,81092834472656;2390900
2018-05-31;200,22000122070312;200,6999969482422;197,6999969482422;198,24000549316406;179,54296875;4822800
2018-06-01;195,4499969482422;198,99000549316406;195,0;197,1300048828125;178,53770446777344;4056400
2018-06-04;197,32000732421875;199,0399932861328;197,25;198,6199951171875;179,88714599609375;1870600
2018-06-05;199,22000122070312;199,35000610351562;196,99000549316406;197,83999633789062;179,1807098388672;1868500
2018-06-06;198,00999450683594;198,39999389648438;196,6999969482422;197,66000366210938;179,0177001953125;2066900
2018-06-07;200,5;202,8800048828125;199,41000366210938;202,57000732421875;183,464599609375;2735000
2018-06-08;201,50999450683594;204,00999450683594;201,0;203,75999450683594;184,54237365722656;2052500
2018-06-11;203,75999450683594;204,88999938964844;203,4199981689453;204,5;185,2125244140625;1684800
2018-06-12;204,25;205,0800018310547;203,22999572753906;204,8800048828125;185,55673217773438;1384800
2018-06-13;204,9199981689453;205,8300018310547;203,2100067138672;204,11000061035156;184,859375;1665800
2018-06-14;204,8699951171875;205,72999572753906;204,2899932861328;205,1199951171875;185,7740936279297;1685000
2018-06-15;205,39999389648438;207,6699981689453;204,57000732421875;207,32000732421875;187,76658630371094;3879600
2018-06-18;206,0;208,11000061035156;205,14999389648438;206,2100067138672;186,76132202148438;1975000
2018-06-19;204,89999389648438;207,80999755859375;204,6199951171875;207,52999877929688;187,95677185058594;1940600
2018-06-20;207,75999450683594;208,58999633789062;206,9600067138672;207,97999572753906;188,36434936523438;1527700
2018-06-21;208,1699981689453;211,11000061035156;208,0;209,9600067138672;190,1575927734375;1825800
2018-06-22;210,3699951171875;211,77000427246094;210,02000427246094;211,10000610351562;191,1901092529297;1738600
2018-06-25;210,00999450683594;212,0800018310547;209,97000122070312;211,75;191,77877807617188;2398600
2018-06-26;212,3800048828125;212,4600067138672;209,97000122070312;210,08999633789062;190,2753448486328;2276700
2018-06-27;210,5;212,4199981689453;209,61000061035156;210,02999877929688;190,2209930419922;2211700
2018-06-28;210,0;211,19000244140625;208,0500030517578;208,7100067138672;189,0255126953125;1826700
2018-06-29;209,66000366210938;210,52999877929688;208,32000732421875;208,97999572753906;189,27008056640625;2164600
2018-07-02;208,4199981689453;208,82000732421875;206,0500030517578;207,99000549316406;188,37339782714844;1876100
2018-07-03;208,52999877929688;209,91000366210938;206,89999389648438;207,1199951171875;187,58546447753906;842100
2018-07-05;208,1999969482422;209,2899932861328;207,5500030517578;209,13999938964844;189,41490173339844;1436700
2018-07-06;207,13999938964844;210,38999938964844;206,66000366210938;209,6199951171875;189,84967041015625;1523200
2018-07-09;210,52000427246094;211,7899932861328;210,0;210,94000244140625;191,04518127441406;1738300
2018-07-10;210,99000549316406;212,6999969482422;210,8300018310547;211,6999969482422;191,7334747314453;1687800
2018-07-11;211,2100067138672;211,77999877929688;209,97000122070312;210,9499969482422;191,05419921875;1472800
2018-07-12;212,5399932861328;214,1699981689453;212,22000122070312;214,02000427246094;193,83473205566406;2222000
2018-07-13;214,0;216,63999938964844;213,7100067138672;216,5399932861328;196,11700439453125;1951200
2018-07-16;216,63999938964844;217,1300048828125;213,89999389648438;214,85000610351562;194,58641052246094;2078200
2018-07-17;214,05999755859375;216,16000366210938;214,0;215,0;194,7222442626953;2064800
2018-07-18;215,33999633789062;215,8800048828125;213,60000610351562;214,97000122070312;194,69508361816406;1869500
2018-07-19;214,4600067138672;218,1999969482422;214,02999877929688;217,5399932861328;197,02267456054688;2790800
2018-07-20;216,97999572753906;218,94000244140625;216,24000549316406;218,69000244140625;198,06427001953125;1793900
2018-07-23;219,8800048828125;220,4600067138672;218,1999969482422;218,83999633789062;198,20010375976562;1394300
2018-07-24;219,41000366210938;220,67999267578125;217,58999633789062;218,5800018310547;197,9646453857422;1453900
2018-07-25;217,61000061035156;220,82000732421875;217,3699951171875;220,6999969482422;199,88467407226562;1560200
2018-07-26;222,0;224,6199951171875;220,82000732421875;221,72000122070312;200,80844116210938;1820000
2018-07-27;222,30999755859375;222,5;218,75999450683594;219,64999389648438;198,93368530273438;1596800
2018-07-30;219,0399932861328;220,1199951171875;218,61000061035156;219,11000061035156;198,4446258544922;1292700
2018-07-31;219,69000244140625;220,07000732421875;218,3300018310547;218,7100067138672;198,0823974609375;1888500
2018-08-01;218,64999389648438;219,10000610351562;216,25;217,1300048828125;196,65135192871094;1841300
2018-08-02;215,00999450683594;221,39999389648438;215,00999450683594;221,1199951171875;200,26507568359375;1904800
2018-08-03;221,0;222,6199951171875;221,0;222,02999877929688;201,08920288085938;1195700
2018-08-06;221,42999267578125;223,27000427246094;221,00999450683594;222,72000122070312;201,71414184570312;1285500
2018-08-07;223,24000549316406;225,47999572753906;222,97999572753906;223,86000061035156;202,7466583251953;1428100
2018-08-08;222,86000061035156;224,8800048828125;222,24000549316406;224,5800018310547;203,398681640625;2010700
2018-08-09;221,6199951171875;222,35000610351562;216,91000366210938;218,24000549316406;197,65673828125;3637100
2018-08-10;218,13999938964844;221,72000122070312;217,75;220,30999755859375;199,5314178466797;2830800
2018-08-13;221,02999877929688;221,5800018310547;219,05999755859375;219,55999755859375;198,8521270751953;1518900
2018-08-14;220,00999450683594;222,55999755859375;219,86000061035156;222,0;201,0620574951172;1450600
2018-08-15;220,72000122070312;222,11000061035156;218,77000427246094;221,6699981689453;200,76319885253906;1844100
2018-08-16;223,4499969482422;224,25999450683594;222,13999938964844;223,19000244140625;202,1398468017578;1657700
2018-08-17;222,3300018310547;225,8800048828125;222,14999389648438;225,67999267578125;204,3949737548828;1980900
2018-08-20;226,0;228,22000122070312;225,97000122070312;227,35000610351562;205,90748596191406;1783700
2018-08-21;229,49000549316406;230,10000610351562;227,6999969482422;228,5399932861328;206,98524475097656;2066700
2018-08-22;228,47999572753906;230,22999572753906;228,3800048828125;229,2100067138672;207,592041015625;1267900
2018-08-23;229,0;230,35000610351562;228,57000732421875;229,50999450683594;207,86373901367188;1337900
2018-08-24;230,0;232,05999755859375;229,60000610351562;231,27999877929688;209,46685791015625;1453200
2018-08-27;232,74000549316406;232,86000061035156;228,10000610351562;230,02999877929688;208,33470153808594;1904100
2018-08-28;230,94000244140625;231,8300018310547;229,83999633789062;230,25999450683594;208,54299926757812;1882100
2018-08-29;231,7899932861328;232,0;228,72999572753906;230,19000244140625;208,4795684814453;1793600
2018-08-30;229,6199951171875;231,16000366210938;229,44000244140625;230,8300018310547;209,57821655273438;1272000
2018-08-31;230,2100067138672;233,52000427246094;230,2100067138672;233,1300048828125;211,66647338867188;1881300
2018-09-04;233,13999938964844;234,91000366210938;233,13999938964844;234,67999267578125;213,07376098632812;1858400
2018-09-05;234,57000732421875;236,1699981689453;233,1999969482422;235,61000061035156;213,9181365966797;2126000
2018-09-06;235,47000122070312;236,77000427246094;235,05999755859375;236,67999267578125;214,8896484375;1853200
2018-09-07;237,30999755859375;242,9499969482422;237,1999969482422;241,4600067138672;219,2295379638672;2722400
2018-09-10;243,0;243,8000030517578;242,1199951171875;243,17999267578125;220,79119873046875;2817300
2018-09-11;243,92999267578125;245,16000366210938;243,1699981689453;244,2100067138672;221,7263946533203;2185700
2018-09-12;245,0;245,1199951171875;242,22999572753906;242,44000244140625;220,11932373046875;1912000
2018-09-13;242,5;243,99000549316406;241,0500030517578;241,27000427246094;219,05703735351562;2078200
2018-09-14;239,0;239,0;234,47000122070312;235,3800048828125;213,7092742919922;3875300
2018-09-17;234,05999755859375;234,58999633789062;231,50999450683594;232,0;210,6405029296875;2884600
2018-09-18;231,97999572753906;235,47000122070312;231,6999969482422;234,35000610351562;212,7740936279297;2000200
2018-09-19;234,6199951171875;234,74000549316406;232,4199981689453;233,85000610351562;212,32017517089844;1581400
2018-09-20;234,60000610351562;235,0;232,32000732421875;233,9199981689453;212,3837127685547;1910100
2018-09-21;234,3699951171875;235,83999633789062;234,00999450683594;234,75999450683594;213,1463623046875;3717800
2018-09-24;234,19000244140625;234,85000610351562;232,89999389648438;233,33999633789062;211,85711669921875;1530400
2018-09-25;234,02999877929688;234,66000366210938;232,72999572753906;232,92999267578125;211,48487854003906;1889700
2018-09-26;233,57000732421875;235,66000366210938;233,4499969482422;233,80999755859375;212,2838592529297;2008500
2018-09-27;233,6999969482422;235,6699981689453;232,33999633789062;234,0;212,4563751220703;1421400
2018-09-28;233,86000061035156;235,47000122070312;233,7899932861328;234,8800048828125;213,2553253173828;1602800
2018-10-01;235,80999755859375;236,52999877929688;234,42999267578125;234,64999389648438;213,04652404785156;1673100
2018-10-02;234,10000610351562;237,57000732421875;233,8699951171875;236,35000610351562;214,59002685546875;1647600
2018-10-03;236,6199951171875;237,30999755859375;232,72999572753906;233,1999969482422;211,72998046875;2322300
2018-10-04;233,25999450683594;234,0;230,66000366210938;231,67999267578125;210,3499755859375;2862800
2018-10-05;225,0;227,05999755859375;217,7899932861328;218,82000732421875;198,67393493652344;7379000
2018-10-08;219,33999633789062;224,5;219,25999450683594;223,92999267578125;203,3134307861328;3863500
2018-10-09;224,14999389648438;225,14999389648438;222,55999755859375;224,1699981689453;203,53140258789062;2502800
2018-10-10;224,10000610351562;225,0;221,0399932861328;221,0500030517578;200,6986083984375;3021400
2018-10-11;222,91000366210938;225,32000732421875;220,92999267578125;221,82000732421875;201,39768981933594;3650900
2018-10-12;225,1999969482422;227,6199951171875;223,38999938964844;226,9499969482422;206,0553741455078;3130500
2018-10-15;226,25;226,94000244140625;224,25;224,50999450683594;203,840087890625;2441900
2018-10-16;224,8699951171875;228,25999450683594;224,32000732421875;227,67999267578125;206,7182159423828;2541800
2018-10-17;228,4499969482422;228,8800048828125;225,50999450683594;228,49000549316406;207,45362854003906;2129300
2018-10-18;228,5399932861328;230,64999389648438;226,25;228,5800018310547;207,53533935546875;2624600
2018-10-19;228,89999389648438;230,6300048828125;228,72000122070312;229,6699981689453;208,52500915527344;2099800
2018-10-22;229,8800048828125;230,25;227,27000427246094;229,05999755859375;207,9712371826172;2007300
2018-10-23;227,07000732421875;229,25999450683594;223,82000732421875;228,75;207,68972778320312;2656700
2018-10-24;225,92999267578125;231,08999633789062;223,08999633789062;223,75999450683594;203,1591339111328;3100200
2018-10-25;224,05999755859375;227,58999633789062;222,83999633789062;226,39999389648438;205,55601501464844;2218900
2018-10-26;222,30999755859375;225,0;217,0;218,19000244140625;198,10195922851562;3995400
2018-10-29;219,75;224,88999938964844;218,75;222,4199981689453;201,9425048828125;3801400
2018-10-30;223,10000610351562;228,2100067138672;223,00999450683594;227,9199981689453;206,93612670898438;2410500
2018-10-31;228,64999389648438;230,55999755859375;225,55999755859375;228,6300048828125;207,5807342529297;2674600
2018-11-01;228,17999267578125;230,8000030517578;227,5399932861328;229,60000610351562;208,46145629882812;2095000
2018-11-02;229,80999755859375;232,22999572753906;227,17999267578125;230,16000366210938;208,9698944091797;2167200
2018-11-05;230,7100067138672;234,88999938964844;229,8000030517578;234,4499969482422;212,8649139404297;2513900
2018-11-06;235,0;237,49000549316406;234,17999267578125;236,7100067138672;214,91688537597656;2101300
2018-11-07;238,75;240,8800048828125;236,94000244140625;240,3699951171875;218,23988342285156;2603600
2018-11-08;238,50999450683594;239,8000030517578;237,02999877929688;238,6999969482422;217,2388153076172;2140600
2018-11-09;237,97000122070312;240,25999450683594;237,07000732421875;237,74000549316406;216,36512756347656;2256700
2018-11-12;237,63999938964844;239,1999969482422;234,1300048828125;234,47999572753906;213,398193359375;2301400
2018-11-13;234,75;236,4199981689453;232,77000427246094;234,13999938964844;213,08877563476562;1548100
2018-11-14;237,1199951171875;237,1199951171875;231,7100067138672;233,30999755859375;212,33346557617188;1896500
2018-11-15;232,32000732421875;232,64999389648438;227,0;229,94000244140625;209,26638793945312;2722300
2018-11-16;229,3000030517578;231,1199951171875;226,52000427246094;231,02000427246094;210,249267578125;2822400
2018-11-19;231,61000061035156;233,5;227,80999755859375;228,74000549316406;208,17428588867188;1949500
2018-11-20;224,9199981689453;225,0;218,0500030517578;219,30999755859375;199,59213256835938;3704800
2018-11-21;220,55999755859375;222,02999877929688;217,4499969482422;218,57000732421875;198,91871643066406;2036500
2018-11-23;218,10000610351562;221,17999267578125;217,66000366210938;220,05999755859375;200,27468872070312;1007500
2018-11-26;222,85000610351562;223,47999572753906;218,89999389648438;219,4499969482422;199,71954345703125;2205600
2018-11-27;219,3699951171875;223,1199951171875;218,3800048828125;223,00999450683594;202,95945739746094;2369800
2018-11-28;222,77999877929688;230,4600067138672;222,19000244140625;230,33999633789062;209,63040161132812;2765600
2018-11-29;229,0;231,58999633789062;228,36000061035156;231,0;210,2311248779297;1478700
2018-11-30;231,69000244140625;233,38999938964844;229,6999969482422;231,27999877929688;210,48594665527344;2764000
2018-12-03;230,72000122070312;232,1999969482422;228,2100067138672;232,0800018310547;211,21400451660156;2481500
2018-12-04;232,11000061035156;233,3000030517578;225,55999755859375;226,35000610351562;205,9991912841797;3418600
2018-12-06;227,94000244140625;233,86000061035156;226,60000610351562;233,1999969482422;212,23326110839844;4029800
2018-12-07;233,14999389648438;233,80999755859375;223,02999877929688;224,86000061035156;204,64317321777344;2881900
2018-12-10;224,5399932861328;225,1999969482422;219,11000061035156;222,66000366210938;202,64093017578125;2650000
2018-12-11;225,1199951171875;227,25;224,0;226,5;206,1357421875;2466800
2018-12-12;228,35000610351562;230,4499969482422;227,07000732421875;227,8000030517578;207,3188018798828;2891400
2018-12-13;228,83999633789062;229,6199951171875;225,47999572753906;226,50999450683594;206,144775390625;2170200
2018-12-14;218,0;219,0;205,50999450683594;207,05999755859375;188,44351196289062;8822300
2018-12-17;206,67999267578125;208,0;200,66000366210938;202,22999572753906;184,04774475097656;4739400
2018-12-18;203,08999633789062;204,6699981689453;201,57000732421875;202,99000549316406;184,7394561767578;3308500
2018-12-19;203,5;207,0;199,86000061035156;201,41000366210938;183,301513671875;3369600
2018-12-20;200,3300018310547;200,6999969482422;193,67999267578125;197,1300048828125;179,4063262939453;4250900
2018-12-21;197,16000366210938;200,6999969482422;194,32000732421875;194,52000427246094;177,031005859375;5080200
2018-12-24;193,89999389648438;195,3300018310547;189,8000030517578;189,99000549316406;172,90826416015625;2031700
2018-12-26;190,82000732421875;198,77999877929688;189,50999450683594;198,6300048828125;180,7714385986328;3268800
2018-12-27;196,9600067138672;201,1300048828125;193,9600067138672;201,0800018310547;183,00115966796875;2705900
2018-12-28;201,82000732421875;204,9499969482422;199,58999633789062;202,0399932861328;183,87486267089844;2037800
2018-12-31;203,3800048828125;204,38999938964844;201,3800048828125;203,7100067138672;185,39471435546875;1729400
2019-01-02;200,5;205,10000610351562;199,85000610351562;204,75999450683594;186,35035705566406;2143100
2019-01-03;203,6999969482422;205,94000244140625;200,0399932861328;200,4199981689453;182,40052795410156;2877700
2019-01-04;203,0800018310547;207,92999267578125;201,4499969482422;206,24000549316406;187,69725036621094;2761600
2019-01-07;205,52000427246094;209,1199951171875;203,5399932861328;207,0;188,38890075683594;2226600
2019-01-08;208,64999389648438;209,0800018310547;204,17999267578125;208,5500030517578;189,799560546875;2366500
2019-01-09;209,14999389648438;211,22000122070312;207,9199981689453;209,89999389648438;191,0281524658203;1862900
2019-01-10;208,14999389648438;210,89999389648438;206,0;210,63999938964844;191,70162963867188;2340700
2019-01-11;210,0399932861328;211,25;209,30999755859375;210,50999450683594;191,5832977294922;1861100
2019-01-14;209,47000122070312;210,64999389648438;208,16000366210938;209,0;190,20907592773438;1523100
2019-01-15;210,0399932861328;211,33999633789062;209,0800018310547;211,02999877929688;192,0565643310547;1681900
2019-01-16;211,4600067138672;211,4600067138672;209,5;210,17999267578125;191,2830047607422;1455000
2019-01-17;209,8699951171875;211,64999389648438;209,64999389648438;211,4600067138672;192,44789123535156;1517100
2019-01-18;212,55999755859375;214,16000366210938;211,77000427246094;213,58999633789062;194,38636779785156;2115400
2019-01-22;213,0;215,55999755859375;210,8000030517578;212,39999389648438;193,30340576171875;3310800
2019-01-23;213,0;214,85000610351562;210,0;212,08999633789062;193,021240234375;2220200
2019-01-24;212,38999938964844;212,38999938964844;208,89999389648438;210,30999755859375;191,40130615234375;1994400
2019-01-25;212,02999877929688;212,32000732421875;208,74000549316406;209,07000732421875;190,2728271484375;2252300
2019-01-28;208,67999267578125;210,7899932861328;207,30999755859375;210,77000427246094;191,81996154785156;1999400
2019-01-29;210,32000732421875;210,5399932861328;208,57000732421875;210,30999755859375;191,40130615234375;1636500
2019-01-30;210,47999572753906;212,1699981689453;209,32000732421875;211,35000610351562;192,3478240966797;1589800
2019-01-31;211,13999938964844;214,8800048828125;209,72000122070312;214,6300048828125;195,3329315185547;4341100
2019-02-01;214,0;215,0;209,3699951171875;210,27000427246094;191,36489868164062;3453700
2019-02-04;210,6999969482422;211,19000244140625;207,89999389648438;211,17999267578125;192,19308471679688;1630300
2019-02-05;211,49000549316406;212,52000427246094;209,63999938964844;211,61000061035156;192,5844268798828;2074500
2019-02-06;212,25999450683594;212,25999450683594;210,47999572753906;211,60000610351562;192,57534790039062;1618800
2019-02-07;210,07000732421875;210,10000610351562;206,27000427246094;209,0500030517578;190,7685089111328;2526600
2019-02-08;207,8300018310547;208,49000549316406;205,75;207,75;189,58218383789062;2013700
2019-02-11;208,64999389648438;208,9199981689453;206,75999450683594;208,72000122070312;190,4673309326172;2376600
2019-02-12;210,05999755859375;212,75;209,25999450683594;211,89999389648438;193,36924743652344;2091200
2019-02-13;212,22999572753906;213,50999450683594;211,3000030517578;212,8000030517578;194,1905517578125;1703000
2019-02-14;212,0;214,5500030517578;211,13999938964844;213,83999633789062;195,1395721435547;1411100
2019-02-15;215,14999389648438;217,25;214,0399932861328;216,47000122070312;197,53961181640625;2635500
2019-02-19;216,6699981689453;219,60000610351562;216,50999450683594;218,1199951171875;199,04531860351562;1938100
2019-02-20;218,22999572753906;219,07000732421875;215,05999755859375;217,11000061035156;198,12362670898438;1785600
2019-02-21;216,60000610351562;216,72000122070312;214,3300018310547;215,22999572753906;196,40802001953125;1615300
2019-02-22;215,1699981689453;216,58999633789062;214,25;216,2899932861328;197,37533569335938;1542500
2019-02-25;217,3699951171875;219,08999633789062;216,5500030517578;217,0500030517578;198,06887817382812;1794000
2019-02-26;216,88999938964844;218,91000366210938;216,1300048828125;217,61000061035156;198,5799102783203;1884100
2019-02-27;216,50999450683594;218,86000061035156;216,4499969482422;218,0500030517578;198,98141479492188;1482700
2019-02-28;218,49000549316406;219,69000244140625;217,52000427246094;218,74000549316406;199,61109924316406;2055600
2019-03-01;219,75999450683594;220,57000732421875;215,77000427246094;219,44000244140625;200,24986267089844;2178200
2019-03-04;220,42999267578125;221,0800018310547;215,8699951171875;218,41000366210938;199,30995178222656;2444700
2019-03-05;218,91000366210938;221,61000061035156;218,89999389648438;219,82000732421875;200,5966339111328;2160200
2019-03-06;220,5;221,91000366210938;218,22999572753906;219,22999572753906;200,05821228027344;1985300
2019-03-07;218,1300048828125;219,38999938964844;216,22000122070312;216,7899932861328;197,83157348632812;3279100
2019-03-08;225,47999572753906;228,6999969482422;223,77000427246094;227,82000732421875;207,89703369140625;6782700
2019-03-11;227,52999877929688;229,91000366210938;227,05999755859375;229,69000244140625;209,60350036621094;3748400
2019-03-12;230,32000732421875;233,39999389648438;229,89999389648438;232,9600067138672;212,58758544921875;2647100
2019-03-13;234,25;237,4499969482422;232,9499969482422;236,3800048828125;215,70851135253906;2421200
2019-03-14;236,1300048828125;236,3800048828125;233,27999877929688;233,83999633789062;213,39060974121094;2300300
2019-03-15;234,1699981689453;235,64999389648438;233,17999267578125;233,60000610351562;213,17156982421875;5075400
2019-03-18;233,5800018310547;236,67999267578125;233,49000549316406;236,58999633789062;215,9001007080078;1735400
2019-03-19;237,52000427246094;238,0500030517578;236,2899932861328;237,0500030517578;216,31983947753906;1852300
2019-03-20;237,02999877929688;238,49000549316406;235,77999877929688;236,97999572753906;216,25599670410156;1499500
2019-03-21;236,67999267578125;239,85000610351562;236,5500030517578;239,5399932861328;218,59213256835938;1617000
2019-03-22;239,75;240,33999633789062;236,89999389648438;237,55999755859375;216,78524780273438;1873600
2019-03-25;236,92999267578125;238,0800018310547;235,7899932861328;236,97000122070312;216,24685668945312;1357100
2019-03-26;238,0;240,25;237,36000061035156;239,07000732421875;218,16323852539062;1193000
2019-03-27;238,7100067138672;240,2100067138672;238,16000366210938;239,41000366210938;218,4734344482422;1351200
2019-03-28;239,97999572753906;241,9499969482422;239,5800018310547;241,22000122070312;220,1251678466797;1396700
2019-03-29;241,66000366210938;242,44000244140625;240,77000427246094;242,13999938964844;220,96473693847656;1968000
2019-04-01;243,07000732421875;244,41000366210938;242,5800018310547;244,19000244140625;222,83546447753906;1610200
2019-04-02;244,0;244,19000244140625;240,30999755859375;240,5;219,46820068359375;1574300
2019-04-03;241,69000244140625;243,5500030517578;241,02000427246094;242,47999572753906;221,27500915527344;1663600
2019-04-04;242,1699981689453;244,75999450683594;241,25;244,39999389648438;223,02713012695312;1319700
2019-04-05;244,9600067138672;247,08999633789062;244,00999450683594;245,8699951171875;224,3685760498047;1616200
2019-04-08;245,99000549316406;246,8300018310547;245,1999969482422;246,52000427246094;224,96170043945312;1244200
2019-04-09;245,11000061035156;245,67999267578125;244,00999450683594;244,91000366210938;223,49253845214844;1450200
2019-04-10;245,27999877929688;246,6699981689453;244,7100067138672;245,61000061035156;224,13131713867188;1556600
2019-04-11;243,6199951171875;244,17999267578125;240,9199981689453;241,24000549316406;220,14344787597656;2719800
2019-04-12;241,50999450683594;242,72000122070312;240,89999389648438;241,9499969482422;220,7913360595703;2187600
2019-04-15;242,3699951171875;246,75;241,9600067138672;246,3300018310547;224,788330078125;1859700
2019-04-16;246,64999389648438;246,82000732421875;244,25;245,33999633789062;223,88491821289062;1360500
2019-04-17;246,3000030517578;246,4600067138672;244,32000732421875;245,55999755859375;224,08566284179688;1363000
2019-04-18;246,7899932861328;247,25;244,6999969482422;245,80999755859375;224,31381225585938;1365000
2019-04-22;245,19000244140625;245,77000427246094;242,55999755859375;243,4199981689453;222,1328125;1300000
2019-04-23;244,64999389648438;246,52999877929688;242,2100067138672;245,5800018310547;224,1039581298828;1524600
2019-04-24;245,67999267578125;248,6999969482422;245,60000610351562;247,9600067138672;226,27574157714844;1156400
2019-04-25;246,2100067138672;247,14999389648438;243,94000244140625;245,60000610351562;224,12217712402344;1278200
2019-04-26;245,6199951171875;245,88999938964844;242,05999755859375;243,82000732421875;222,49786376953125;1842900
2019-04-29;245,0;245,75;243,49000549316406;244,27999877929688;222,9176025390625;1429700
2019-04-30;244,77000427246094;245,7899932861328;243,02000427246094;245,52999877929688;224,0582733154297;1427600
2019-05-01;245,33999633789062;245,4600067138672;241,5500030517578;241,58999633789062;220,46279907226562;1350400
2019-05-02;241,75999450683594;242,88999938964844;240,4199981689453;242,69000244140625;221,46664428710938;1237600
2019-05-03;243,27000427246094;244,8800048828125;242,72000122070312;244,6199951171875;223,22789001464844;905900
2019-05-06;242,85000610351562;244,8300018310547;242,05999755859375;244,22999572753906;222,87196350097656;1194900
2019-05-07;241,72000122070312;242,74000549316406;238,22000122070312;240,17999267578125;219,17608642578125;1775200
2019-05-08;239,55999755859375;243,0500030517578;238,19000244140625;241,33999633789062;220,23468017578125;1611900
2019-05-09;240,66000366210938;244,05999755859375;240,16000366210938;243,47000122070312;222,77842712402344;1919300
2019-05-10;242,94000244140625;248,5500030517578;240,02999877929688;247,02000427246094;226,02674865722656;2036500
2019-05-13;244,1199951171875;244,92999267578125;240,6699981689453;241,9199981689453;221,36019897460938;1962800
2019-05-14;242,2899932861328;245,08999633789062;241,80999755859375;242,72999572753906;222,10130310058594;1635100
2019-05-15;242,11000061035156;245,39999389648438;241,22999572753906;244,6699981689453;223,87646484375;1194800
2019-05-16;245,6300048828125;249,72999572753906;245,2100067138672;247,44000244140625;226,41104125976562;1800600
2019-05-17;245,8800048828125;250,0500030517578;245,58999633789062;248,35000610351562;227,24363708496094;1672000
2019-05-20;247,14999389648438;249,94000244140625;247,14999389648438;248,89999389648438;227,74697875976562;1600500
2019-05-21;249,11000061035156;250,8300018310547;248,10000610351562;249,92999267578125;228,6893768310547;1504200
2019-05-22;251,00999450683594;251,00999450683594;249,13999938964844;249,50999450683594;228,30514526367188;1242300
2019-05-23;248,6300048828125;249,9199981689453;247,17999267578125;248,52999877929688;227,40841674804688;1822800
2019-05-24;249,11000061035156;249,55999755859375;246,77000427246094;247,3000030517578;226,282958984375;1340200
2019-05-28;248,5800018310547;250,1999969482422;246,13999938964844;246,30999755859375;225,37709045410156;3164100
2019-05-29;244,1300048828125;244,77000427246094;238,91000366210938;240,69000244140625;220,23468017578125;2594900
2019-05-30;242,14999389648438;243,5800018310547;240,75;241,5399932861328;221,01248168945312;2030300
2019-05-31;238,97999572753906;240,66000366210938;233,0500030517578;239,5800018310547;219,21900939941406;4058100
2019-06-03;239,77999877929688;241,5399932861328;238,0800018310547;241,07000732421875;220,58238220214844;2512500
2019-06-04;243,0;245,82000732421875;242,5;245,61000061035156;224,73660278320312;1761500
2019-06-05;246,10000610351562;248,75999450683594;245,02000427246094;247,9600067138672;226,88685607910156;1825500
2019-06-06;248,0;251,94000244140625;247,74000549316406;251,2100067138672;229,8606414794922;1487800
2019-06-07;251,16000366210938;256,6000061035156;251,02000427246094;256,010009765625;234,25270080566406;2270200
2019-06-10;256,3999938964844;258,8299865722656;256,1099853515625;256,8500061035156;235,02134704589844;1839500
2019-06-11;258,9100036621094;259,6199951171875;256,2099914550781;257,1099853515625;235,2592010498047;1613500
2019-06-12;257,5799865722656;258,75;255,77000427246094;257,2300109863281;235,36900329589844;1071700
2019-06-13;257,7099914550781;259,8699951171875;257,54998779296875;259,7099914550781;237,6382293701172;1228500
2019-06-14;260,0;261,20001220703125;258,9100036621094;260,1499938964844;238,04087829589844;1287800
2019-06-17;261,1300048828125;262,25;260,42999267578125;261,42999267578125;239,2121124267578;1191900
2019-06-18;263,6099853515625;264,20001220703125;262,04998779296875;262,739990234375;240,4107208251953;2763200
2019-06-19;262,30999755859375;264,1000061035156;260,94000244140625;263,6600036621094;241,25257873535156;1628400
2019-06-20;265,0;267,7900085449219;264,54998779296875;267,3500061035156;244,62892150878906;1745100
2019-06-21;266,7699890136719;268,94000244140625;265,989990234375;266,1300048828125;243,51271057128906;2964000
2019-06-24;267,30999755859375;267,9700012207031;266,5199890136719;266,7699890136719;244,09823608398438;1586100
2019-06-25;266,7099914550781;267,0799865722656;265,3599853515625;266,3599853515625;243,7230987548828;1182400
2019-06-26;266,45001220703125;266,82000732421875;264,3399963378906;264,4100036621094;241,93882751464844;1334400
2019-06-27;264,8999938964844;266,4800109863281;262,989990234375;265,5799865722656;243,00938415527344;1122900
2019-06-28;265,5;266,3900146484375;263,3599853515625;264,260009765625;241,80157470703125;1952500
2019-07-01;266,42999267578125;267,0;261,8399963378906;263,54998779296875;241,15191650390625;1955800
2019-07-02;263,9200134277344;265,57000732421875;261,6700134277344;265,4700012207031;242,90872192382812;1201300
2019-07-03;265,1400146484375;269,1600036621094;265,1400146484375;269,1400146484375;246,26686096191406;986500
2019-07-05;268,20001220703125;268,6099853515625;266,2699890136719;268,25;245,45248413085938;1081500
2019-07-08;268,3299865722656;269,69000244140625;267,3500061035156;269,3999938964844;246,50479125976562;1236000
2019-07-09;269,3599853515625;270,7799987792969;268,489990234375;269,9700012207031;247,0263671875;1400300
2019-07-10;270,04998779296875;271,5299987792969;269,3399963378906;271,4200134277344;248,35311889648438;1257000
2019-07-11;272,3299865722656;276,7699890136719;271,80999755859375;276,5400085449219;253,03794860839844;1985600
2019-07-12;276,5;280,0;276,010009765625;279,44000244140625;255,69151306152344;2046400
2019-07-15;279,94000244140625;280,70001220703125;278,8999938964844;280,5799865722656;256,7346496582031;1568000
2019-07-16;281,0;281,3699951171875;279,7799987792969;280,6499938964844;256,79864501953125;1379200
2019-07-17;281,04998779296875;282,8500061035156;280,2200012207031;281,55999755859375;257,6313171386719;1716600
2019-07-18;282,20001220703125;283,05999755859375;279,19000244140625;282,9100036621094;258,8665466308594;1696100
2019-07-19;283,07000732421875;284,30999755859375;281,3500061035156;281,510009765625;257,5856018066406;1607600
2019-07-22;281,2200012207031;282,32000732421875;279,32000732421875;280,1700134277344;256,35943603515625;1459100
2019-07-23;281,8500061035156;282,0799865722656;279,0199890136719;280,1000061035156;256,2953796386719;1117800
2019-07-24;279,8299865722656;281,239990234375;279,010009765625;280,8299865722656;256,9633483886719;1257100
2019-07-25;281,20001220703125;281,94000244140625;279,3399963378906;279,79998779296875;256,0209045410156;1600200
2019-07-26;279,79998779296875;281,7699890136719;279,1199951171875;281,3699951171875;257,45745849609375;1447700
2019-07-29;281,010009765625;281,29998779296875;279,5400085449219;280,1300048828125;256,3228454589844;1257400
2019-07-30;280,2699890136719;280,57000732421875;279,1000061035156;279,5;255,7463836669922;978200
2019-07-31;279,0199890136719;279,7200012207031;272,6300048828125;275,6300048828125;252,20533752441406;1886900
2019-08-01;275,75;280,92999267578125;274,30999755859375;274,57000732421875;251,23538208007812;2634300
2019-08-02;274,29998779296875;274,94000244140625;270,5;272,5;249,3412628173828;1969200
2019-08-05;270,0899963378906;270,54998779296875;262,7099914550781;265,1000061035156;242,5702362060547;3329800
2019-08-06;266,4700012207031;270,2300109863281;264,04998779296875;269,30999755859375;246,42239379882812;2383000
2019-08-07;268,17999267578125;274,8599853515625;263,5899963378906;274,29998779296875;250,9883270263672;3037500
2019-08-08;273,0400085449219;274,8399963378906;271,0;274,79998779296875;251,44577026367188;2046700
2019-08-09;274,5799865722656;275,4700012207031;271,9100036621094;273,94000244140625;250,65892028808594;1284300
2019-08-12;274,0299987792969;274,9800109863281;269,29998779296875;271,30999755859375;248,2523956298828;1638600
2019-08-13;271,17999267578125;278,1600036621094;270,010009765625;276,260009765625;252,7816925048828;1724600
2019-08-14;274,0;275,3599853515625;268,0;268,1499938964844;245,36097717285156;2122100
2019-08-15;270,5299987792969;272,9700012207031;268,7699890136719;271,5199890136719;248,44454956054688;1623200
2019-08-16;274,1000061035156;276,07000732421875;273,44000244140625;274,1000061035156;250,80538940429688;1230800
2019-08-19;276,4100036621094;277,3800048828125;274,54998779296875;275,6099853515625;252,18702697753906;1313400
2019-08-20;276,2799987792969;276,3599853515625;272,8500061035156;272,9700012207031;249,7714080810547;1390600
2019-08-21;275,4100036621094;276,5400085449219;274,70001220703125;275,67999267578125;252,25103759765625;1682300
2019-08-22;277,010009765625;280,989990234375;276,8699951171875;279,9200134277344;256,1307067871094;2345500
2019-08-23;278,2099914550781;280,1300048828125;272,70001220703125;274,010009765625;250,72296142578125;1984300
2019-08-26;275,75;278,5299987792969;275,69000244140625;278,4599914550781;254,79476928710938;1426400
2019-08-27;281,0;293,44000244140625;280,3399963378906;292,3800048828125;267,53179931640625;5169000
2019-08-28;293,75;299,95001220703125;292,4200134277344;294,489990234375;269,46246337890625;5162100
2019-08-29;297,4800109863281;297,7300109863281;292,760009765625;296,57000732421875;271,9659423828125;2613100
2019-08-30;298,0;298,2799987792969;292,8299865722656;294,760009765625;270,30609130859375;1801000
2019-09-03;292,57000732421875;294,0;290,4599914550781;292,04998779296875;267,8209228515625;1842900
2019-09-04;294,0;296,29998779296875;293,7699890136719;296,1199951171875;271,5533142089844;1375700
2019-09-05;298,42999267578125;299,7099914550781;296,67999267578125;296,9700012207031;272,332763671875;1865300
2019-09-06;299,20001220703125;304,6400146484375;298,2900085449219;303,760009765625;278,5594787597656;3018100
2019-09-09;304,5;307,3399963378906;298,2099914550781;299,0;274,1944580078125;3397200
2019-09-10;297,3800048828125;298,25;294,5799865722656;297,0;272,3603515625;2725000
2019-09-11;294,29998779296875;295,739990234375;287,80999755859375;290,69000244140625;266,5736999511719;4754700
2019-09-12;290,3399963378906;292,75;288,67999267578125;289,8900146484375;265,8401794433594;2942600
2019-09-13;290,20001220703125;294,07000732421875;289,8500061035156;291,8999938964844;267,6833801269531;2306300
2019-09-16;290,57000732421875;291,3800048828125;288,3399963378906;288,69000244140625;264,73974609375;1508900
2019-09-17;289,55999755859375;291,7900085449219;288,69000244140625;291,4100036621094;267,2340393066406;1758900
