Date;Open;High;Low;Close;Volume;Evento
2016-04-29;58,400001525878906;58,93999862670898;58,0099983215332;58,790000915527344;2691000;0
2016-05-02;59,0;59,97999954223633;58,93000030517578;59,97999954223633;3067300;0
2016-05-03;59,7400016784668;59,97999954223633;59,470001220703125;59,84000015258789;2558700;0
2016-05-04;59,84000015258789;60,459999084472656;59,43999862670898;60,40999984741211;2219700;0
2016-05-05;60,68000030517578;60,95000076293945;60,220001220703125;60,29999923706055;2954900;0
2016-05-06;60,290000915527344;60,709999084472656;60,130001068115234;60,68999862670898;2979700;0
2016-05-09;60,70000076293945;61,27000045776367;60,52000045776367;61,20000076293945;2992100;0
2016-05-10;61,220001220703125;61,4900016784668;61,02999877929688;61,34999847412109;1499500;0
2016-05-11;61,29999923706055;61,54999923706055;61,06999969482422;61,310001373291016;1533600;0
2016-05-12;61,29999923706055;61,86000061035156;61,130001068115234;61,77999877929688;1548100;0
2016-05-13;61,65999984741211;62,04999923706055;61,2599983215332;61,459999084472656;1842600;0
2016-05-16;61,25;61,630001068115234;61,0;61,45000076293945;1463500;0
2016-05-17;61,27000045776367;61,68999862670898;60,560001373291016;60,72999954223633;1572200;0
2016-05-18;60,7599983215332;61,220001220703125;60,40999984741211;60,79999923706055;1391800;0
2016-05-19;60,630001068115234;60,84000015258789;60,470001220703125;60,7599983215332;1626900;0
2016-05-20;61,06999969482422;61,2400016784668;60,560001373291016;60,72999954223633;1630700;0
2016-05-23;60,72999954223633;60,790000915527344;60,41999816894531;60,4900016784668;1140700;0
2016-05-24;60,959999084472656;61,27999877929688;60,880001068115234;61,040000915527344;2209800;0
2016-05-25;61,04999923706055;61,18999862670898;60,54999923706055;60,63999938964844;2277000;0
2016-05-26;60,68999862670898;61,22999954223633;60,63999938964844;61,11000061035156;2179100;0
2016-05-27;61,119998931884766;61,45000076293945;61,040000915527344;61,33000183105469;1540200;0
2016-05-31;61,34000015258789;61,630001068115234;60,59999847412109;60,95000076293945;3144100;0
2016-06-01;60,61000061035156;61,09999847412109;60,59000015258789;60,97999954223633;1926300;0
2016-06-02;61,0;61,40999984741211;60,95000076293945;61,40999984741211;1385400;0
2016-06-03;61,400001525878906;61,650001525878906;61,04999923706055;61,470001220703125;1308100;0
2016-06-06;61,40999984741211;61,90999984741211;61,40999984741211;61,83000183105469;1323500;0
2016-06-07;61,63999938964844;62,15999984741211;61,63999938964844;62,06999969482422;2157100;0
2016-06-08;62,16999816894531;62,2400016784668;62,02000045776367;62,220001220703125;1173100;0
2016-06-09;62,040000915527344;62,63999938964844;62,02000045776367;62,619998931884766;1903100;0
2016-06-10;62,619998931884766;62,91999816894531;62,400001525878906;62,619998931884766;1225400;0
2016-06-13;62,63999938964844;62,93000030517578;62,540000915527344;62,560001373291016;1767100;0
2016-06-14;62,470001220703125;63,02000045776367;62,25;62,97999954223633;1574200;0
2016-06-15;63,130001068115234;63,20000076293945;62,709999084472656;62,79999923706055;1316000;0
2016-06-16;62,77000045776367;63,4900016784668;62,72999954223633;63,40999984741211;1936500;0
2016-06-17;63,380001068115234;63,41999816894531;62,52000045776367;62,650001525878906;2359600;0
2016-06-20;62,900001525878906;62,91999816894531;62,52999877929688;62,56999969482422;1803100;0
2016-06-21;62,91999816894531;63,0099983215332;62,59999847412109;62,72999954223633;1207900;0
2016-06-22;62,95000076293945;63,34999847412109;62,88999938964844;63,060001373291016;1189600;0
2016-06-23;63,40999984741211;63,52000045776367;63,22999954223633;63,45000076293945;1063600;0
2016-06-24;61,970001220703125;64,0;61,720001220703125;63,70000076293945;6874100;0
2016-06-27;63,5;63,790000915527344;63,04999923706055;63,650001525878906;2809500;0
2016-06-28;63,75;64,26000213623047;63,369998931884766;64,19999694824219;2111500;0
2016-06-29;64,5;64,9800033569336;64,47000122070312;64,77999877929688;2089400;0
2016-06-30;64,87000274658203;66,2699966430664;64,86000061035156;66,2699966430664;2335900;0
2016-07-01;66,1500015258789;66,61000061035156;66,0;66,47000122070312;2482800;0
2016-07-05;66,33000183105469;70,5;66,16000366210938;67,06999969482422;4079600;0
2016-07-06;67,1500015258789;67,37000274658203;66,25;67,20999908447266;2866500;0
2016-07-07;67,30000305175781;67,62999725341797;66,87999725341797;67,29000091552734;1610000;0
2016-07-08;67,44000244140625;67,97000122070312;67,3499984741211;67,61000061035156;2039200;0
2016-07-11;67,61000061035156;67,87000274658203;67,4800033569336;67,70999908447266;1708300;0
2016-07-12;67,98999786376953;68,18000030517578;67,29000091552734;67,47000122070312;2502300;0
2016-07-13;67,61000061035156;67,94999694824219;67,1500015258789;67,80999755859375;3187200;0
2016-07-14;68,12000274658203;68,47000122070312;67,69000244140625;67,9000015258789;2414800;0
2016-07-15;68,05999755859375;68,08999633789062;67,19000244140625;67,44999694824219;2303600;0
2016-07-18;67,77999877929688;67,87999725341797;67,12000274658203;67,2300033569336;1471100;0
2016-07-19;67,29000091552734;67,66000366210938;67,19999694824219;67,62000274658203;1535700;0
2016-07-20;67,55999755859375;67,83000183105469;67,51000213623047;67,7699966430664;1116200;0
2016-07-21;67,62999725341797;67,75;67,08000183105469;67,18000030517578;1640200;0
2016-07-22;67,27999877929688;67,5;67,04000091552734;67,19999694824219;2397600;0
2016-07-25;67,06999969482422;67,33999633789062;66,91000366210938;67,22000122070312;2276900;0
2016-07-26;67,29000091552734;67,4000015258789;66,80999755859375;67,3499984741211;2161000;0
2016-07-27;67,81999969482422;68,30999755859375;65,6500015258789;66,0999984741211;3907200;0
2016-07-28;66,41999816894531;66,8499984741211;66,18000030517578;66,36000061035156;2133100;0
2016-07-29;66,36000061035156;66,4000015258789;65,8499984741211;66,12000274658203;2079300;0
2016-08-01;66,25;66,63999938964844;66,13999938964844;66,4800033569336;1725700;0
2016-08-02;66,30999755859375;66,47000122070312;65,77999877929688;66,11000061035156;2130700;0
2016-08-03;66,0199966430664;66,2300033569336;65,62000274658203;65,81999969482422;1597800;0
2016-08-04;66,0;66,2699966430664;65,68000030517578;65,77999877929688;1331200;0
2016-08-05;66,05000305175781;66,29000091552734;65,8499984741211;65,97000122070312;1952100;0
2016-08-08;65,9800033569336;66,18000030517578;65,5;65,51000213623047;1653300;0
2016-08-09;65,76000213623047;66,12000274658203;65,66000366210938;65,76000213623047;2189800;0
2016-08-10;65,93000030517578;66,58000183105469;65,73999786376953;66,55000305175781;1686600;0
2016-08-11;66,66999816894531;67,23999786376953;66,54000091552734;66,81999969482422;1698400;0
2016-08-12;66,45999908447266;66,94999694824219;66,45999908447266;66,66999816894531;1101100;0
2016-08-15;66,6500015258789;66,88999938964844;66,22000122070312;66,2300033569336;1352000;0
2016-08-16;65,98999786376953;65,98999786376953;64,87000274658203;64,97000122070312;2238600;0
2016-08-17;65,19000244140625;65,43000030517578;64,86000061035156;65,41000366210938;2417600;0
2016-08-18;65,26000213623047;65,33000183105469;64,69000244140625;64,91999816894531;2111300;0
2016-08-19;64,77999877929688;65,08000183105469;64,69000244140625;64,97000122070312;1525400;0
2016-08-22;65,0;65,69000244140625;64,91000366210938;65,51000213623047;2194400;0
2016-08-23;65,51000213623047;65,62999725341797;65,12999725341797;65,27999877929688;1380400;0
2016-08-24;65,22000122070312;65,41999816894531;65,05999755859375;65,29000091552734;1297700;0
2016-08-25;65,33999633789062;65,62999725341797;65,1500015258789;65,20999908447266;1592500;0
2016-08-26;64,98999786376953;65,31999969482422;63,77000045776367;63,970001220703125;2609500;0
2016-08-29;64,0999984741211;64,55999755859375;63,97999954223633;64,37000274658203;2233500;0
2016-08-30;64,5199966430664;64,5199966430664;63,84000015258789;64,05000305175781;1671400;0
2016-08-31;63,880001068115234;64,04000091552734;63,61000061035156;63,93999862670898;1520300;0
2016-09-01;63,97999954223633;64,12999725341797;63,66999816894531;64,0;2225300;0
2016-09-02;64,31999969482422;64,62000274658203;64,08000183105469;64,3499984741211;1514000;0
2016-09-06;64,51000213623047;64,83999633789062;64,19999694824219;64,6500015258789;2494100;0
2016-09-07;64,19999694824219;64,30000305175781;63,83000183105469;64,11000061035156;2023100;0
2016-09-08;63,95000076293945;64,44000244140625;63,86000061035156;64,30999755859375;1790100;0
2016-09-09;63,869998931884766;63,869998931884766;62,7400016784668;62,75;2536500;0
2016-09-12;62,88999938964844;63,560001373291016;62,630001068115234;63,34000015258789;3803200;0
2016-09-13;63,0;63,220001220703125;62,59999847412109;62,68999862670898;3682900;0
2016-09-14;62,77999877929688;62,93999862670898;62,40999984741211;62,650001525878906;1964900;0
2016-09-15;62,58000183105469;63,13999938964844;62,45000076293945;62,83000183105469;2712600;0
2016-09-16;62,5099983215332;62,900001525878906;62,47999954223633;62,810001373291016;2975500;0
2016-09-19;62,65999984741211;63,16999816894531;62,56999969482422;62,9900016784668;2500800;0
2016-09-20;63,47999954223633;63,70000076293945;63,16999816894531;63,220001220703125;3085300;0
2016-09-21;63,36000061035156;64,05000305175781;63,25;64,0;2558200;0
2016-09-22;64,19999694824219;64,25;63,70000076293945;64,01000213623047;5233200;0
2016-09-23;63,119998931884766;63,7400016784668;63,119998931884766;63,36000061035156;1922500;0
2016-09-26;63,310001373291016;63,66999816894531;63,09000015258789;63,5;1450100;0
2016-09-27;63,709999084472656;64,02999877929688;63,709999084472656;63,88999938964844;2660600;0
2016-09-28;63,959999084472656;64,16000366210938;63,720001220703125;63,84999847412109;1455700;0
2016-09-29;63,72999954223633;63,77999877929688;63,209999084472656;63,27000045776367;1650800;0
2016-09-30;63,4900016784668;64,04000091552734;63,400001525878906;63,7599983215332;2471700;0
2016-10-03;63,70000076293945;63,7599983215332;63,380001068115234;63,459999084472656;1230600;0
2016-10-04;63,470001220703125;63,58000183105469;62,380001068115234;62,650001525878906;1813900;0
2016-10-05;62,81999969482422;62,959999084472656;62,2599983215332;62,40999984741211;1665500;0
2016-10-06;62,369998931884766;63,0;62,060001373291016;62,77999877929688;2706100;0
2016-10-07;62,72999954223633;62,84999847412109;62,27999877929688;62,27999877929688;2323000;0
2016-10-10;62,34000015258789;62,86000061035156;62,34000015258789;62,77999877929688;2356800;0
2016-10-11;62,61000061035156;62,84999847412109;62,220001220703125;62,43000030517578;1440900;0
2016-10-12;62,540000915527344;63,13999938964844;62,36000061035156;62,81999969482422;1826000;0
2016-10-13;62,09999847412109;62,220001220703125;61,08000183105469;61,70000076293945;2567400;0
2016-10-14;61,84999847412109;62,459999084472656;61,7400016784668;61,880001068115234;1869100;0
2016-10-17;61,869998931884766;62,81999969482422;61,810001373291016;62,63999938964844;1733100;0
2016-10-18;63,04999923706055;63,150001525878906;62,45000076293945;62,540000915527344;941100;0
2016-10-19;62,54999923706055;62,59000015258789;61,97999954223633;62,43000030517578;1394700;0
2016-10-20;62,400001525878906;62,59000015258789;62,16999816894531;62,43999862670898;979500;0
2016-10-21;62,02000045776367;62,25;61,59000015258789;62,209999084472656;1158400;0
2016-10-24;62,400001525878906;62,709999084472656;62,400001525878906;62,58000183105469;1263500;0
2016-10-25;62,47999954223633;63,38999938964844;62,33000183105469;62,7400016784668;2363200;0
2016-10-26;64,04000091552734;64,25;62,959999084472656;63,970001220703125;2276500;0
2016-10-27;64,19000244140625;64,44000244140625;63,220001220703125;63,36000061035156;2113000;0
2016-10-28;63,5099983215332;64,43000030517578;63,5099983215332;63,97999954223633;2556300;0
2016-10-31;64,93000030517578;65,87000274658203;64,91999816894531;65,66000366210938;3529600;0
2016-11-01;64,91999816894531;65,0;63,790000915527344;63,95000076293945;2696000;0
2016-11-02;64,06999969482422;64,27999877929688;63,5;63,63999938964844;1853500;0
2016-11-03;63,63999938964844;63,63999938964844;63,18999862670898;63,40999984741211;1069700;0
2016-11-04;63,40999984741211;63,720001220703125;63,34999847412109;63,369998931884766;1136600;0
2016-11-07;64,26000213623047;64,75;64,04000091552734;64,69999694824219;1905000;0
2016-11-08;64,68000030517578;65,58000183105469;64,5199966430664;65,30000305175781;1704000;0
2016-11-09;64,68000030517578;66,0999984741211;64,31999969482422;65,95999908447266;2532900;0
2016-11-10;66,0;66,66000366210938;65,55999755859375;66,54000091552734;2748500;0
2016-11-11;66,4000015258789;67,87000274658203;66,4000015258789;67,61000061035156;2424900;0
2016-11-14;67,6500015258789;68,0;67,13999938964844;67,72000122070312;1956900;0
2016-11-15;67,83999633789062;68,68000030517578;67,75;68,6500015258789;2988200;0
2016-11-16;68,66000366210938;69,44999694824219;68,30000305175781;68,70999908447266;2564500;0
2016-11-17;68,58000183105469;68,91000366210938;68,41999816894531;68,7699966430664;1864000;0
2016-11-18;68,76000213623047;68,97000122070312;68,5199966430664;68,9000015258789;2078900;0
2016-11-21;68,98999786376953;69,58000183105469;68,80999755859375;69,52999877929688;1635200;0
2016-11-22;69,66999816894531;69,9000015258789;69,48999786376953;69,56999969482422;1591100;0
2016-11-23;69,54000091552734;69,91999816894531;69,37000274658203;69,54000091552734;1422100;0
2016-11-25;69,58999633789062;70,12999725341797;69,52999877929688;70,02999877929688;750500;0
2016-11-28;70,0;70,36000061035156;69,76000213623047;70,2300033569336;1514700;0
2016-11-29;70,0199966430664;70,66999816894531;69,9000015258789;70,38999938964844;2391200;0
2016-11-30;70,36000061035156;70,36000061035156;69,5199966430664;69,5199966430664;2896700;0
2016-12-01;69,62000274658203;69,80999755859375;68,93000030517578;69,29000091552734;2392900;0
2016-12-02;69,58000183105469;70,41000366210938;69,41000366210938;69,87000274658203;1834600;0
2016-12-05;69,9000015258789;70,22000122070312;68,87999725341797;69,0;2621300;0
2016-12-06;68,88999938964844;69,52999877929688;68,83999633789062;69,51000213623047;2257400;0
2016-12-07;69,45999908447266;69,94999694824219;68,97000122070312;69,94000244140625;2539200;0
2016-12-08;69,91000366210938;70,27999877929688;69,79000091552734;70,05999755859375;1385200;0
2016-12-09;70,06999969482422;70,2300033569336;69,76000213623047;70,0199966430664;1628100;0
2016-12-12;69,94000244140625;70,7699966430664;69,87000274658203;70,69999694824219;1402100;0
2016-12-13;70,76000213623047;71,16999816894531;70,38999938964844;70,83000183105469;1788000;0
2016-12-14;71,02999877929688;71,0999984741211;69,98999786376953;70,04000091552734;2384200;0
2016-12-15;69,88999938964844;70,41000366210938;69,87000274658203;70,0999984741211;3199700;0
2016-12-16;70,33000183105469;70,80999755859375;70,0;70,08000183105469;3669900;0
2016-12-19;70,73999786376953;71,36000061035156;70,66000366210938;71,08999633789062;2249700;0
2016-12-20;71,25;71,77999877929688;71,0999984741211;71,13999938964844;1460800;0
2016-12-21;71,0999984741211;71,3499984741211;70,68000030517578;70,69000244140625;1440700;0
2016-12-22;70,69000244140625;70,93000030517578;70,61000061035156;70,79000091552734;1608700;0
2016-12-23;70,95999908447266;71,11000061035156;70,76000213623047;70,91999816894531;910700;0
2016-12-27;70,95999908447266;71,11000061035156;70,8499984741211;70,95999908447266;708400;0
2016-12-28;71,0;71,4000015258789;70,9000015258789;70,95999908447266;1098800;0
2016-12-29;71,0;71,23999786376953;70,93000030517578;71,01000213623047;871200;0
2016-12-30;71,2699966430664;71,5;70,75;70,91000366210938;1230600;0
2017-01-03;71,0;71,27999877929688;70,19000244140625;70,5199966430664;1744000;0
2017-01-04;70,75;71,18000030517578;70,31999969482422;70,31999969482422;1606300;0
2017-01-05;70,37000274658203;71,0999984741211;70,29000091552734;70,58999633789062;2464200;0
2017-01-06;70,41000366210938;70,80000305175781;70,18000030517578;70,19000244140625;1570600;0
2017-01-09;70,3499984741211;70,4800033569336;69,66999816894531;69,77999877929688;2262500;0
2017-01-10;69,58000183105469;69,9800033569336;69,18000030517578;69,48999786376953;2089900;0
2017-01-11;69,45999908447266;70,2699966430664;69,3499984741211;70,12999725341797;1731900;0
2017-01-12;69,95999908447266;70,11000061035156;69,38999938964844;69,88999938964844;1337800;0
2017-01-13;70,11000061035156;70,29000091552734;69,72000122070312;69,79000091552734;1611500;0
2017-01-17;69,54000091552734;69,72000122070312;69,37999725341797;69,4800033569336;1795000;0
2017-01-18;69,43000030517578;69,66999816894531;69,43000030517578;69,58999633789062;1422300;0
2017-01-19;69,37000274658203;69,69000244140625;69,25;69,56999969482422;1162100;0
2017-01-20;69,72000122070312;69,83000183105469;69,44999694824219;69,66000366210938;1331300;0
2017-01-23;69,69000244140625;69,87000274658203;69,2300033569336;69,33999633789062;1005000;0
2017-01-24;69,3499984741211;69,62000274658203;69,0;69,55999755859375;1090900;0
2017-01-25;69,55999755859375;69,9800033569336;69,55999755859375;69,66999816894531;1931800;0
2017-01-26;69,69000244140625;69,8499984741211;69,5999984741211;69,7300033569336;1137000;0
2017-01-27;69,8499984741211;69,8499984741211;69,54000091552734;69,63999938964844;1134600;0
2017-01-30;69,69000244140625;69,69000244140625;69,37000274658203;69,5999984741211;1146200;0
2017-01-31;69,70999908447266;69,9800033569336;69,33999633789062;69,5;1374100;0
2017-02-01;69,31999969482422;69,61000061035156;69,0;69,18000030517578;1719000;0
2017-02-02;69,1500015258789;69,69999694824219;69,05999755859375;69,63999938964844;1613200;0
2017-02-03;69,77999877929688;69,98999786376953;69,58000183105469;69,6500015258789;1351300;0
2017-02-06;69,80999755859375;69,93000030517578;69,30999755859375;69,41999816894531;1006200;0
2017-02-07;69,4800033569336;70,08999633789062;69,45999908447266;69,9000015258789;1554800;0
2017-02-08;69,8499984741211;70,12999725341797;69,75;70,01000213623047;1604200;0
2017-02-09;70,01000213623047;70,30999755859375;69,73999786376953;70,25;1512100;0
2017-02-10;70,16000366210938;70,83000183105469;70,04000091552734;70,54000091552734;1617300;0
2017-02-13;70,58999633789062;70,98999786376953;70,51000213623047;70,83999633789062;1548800;0
2017-02-14;70,79000091552734;71,05000305175781;70,72000122070312;70,86000061035156;1230100;0
2017-02-15;70,63999938964844;71,44000244140625;70,5;71,3499984741211;1499000;0
2017-02-16;69,63999938964844;71,2300033569336;69,55000305175781;71,18000030517578;2252600;0
2017-02-17;71,16999816894531;72,47000122070312;71,1500015258789;72,44999694824219;2436500;0
2017-02-21;72,3499984741211;73,19999694824219;72,20999908447266;72,81999969482422;1717000;0
2017-02-22;72,8499984741211;73,20999908447266;72,56999969482422;73,01000213623047;1319200;0
2017-02-23;73,13999938964844;73,30000305175781;72,58999633789062;72,91000366210938;1490200;0
2017-02-24;72,9800033569336;73,1500015258789;72,76000213623047;73,1500015258789;1150600;0
2017-02-27;73,06999969482422;73,44999694824219;73,0;73,23999786376953;1144200;0
2017-02-28;73,20999908447266;73,52999877929688;73,12999725341797;73,31999969482422;2115300;0
2017-03-01;73,3499984741211;73,6500015258789;72,8499984741211;73,37000274658203;1746800;0
2017-03-02;73,1500015258789;73,55000305175781;73,05999755859375;73,27999877929688;1108200;0
2017-03-03;73,2699966430664;73,29000091552734;72,68000030517578;72,83000183105469;2133800;0
2017-03-06;72,58000183105469;73,08000183105469;72,43000030517578;73,01000213623047;1994600;0
2017-03-07;72,8499984741211;73,26000213623047;72,68000030517578;72,69999694824219;1762500;0
2017-03-08;72,20999908447266;72,58000183105469;72,01000213623047;72,19000244140625;1517300;0
2017-03-09;72,20999908447266;72,41000366210938;71,94000244140625;72,30000305175781;1568300;0
2017-03-10;72,54000091552734;73,0999984741211;72,51000213623047;73,0;1638900;0
2017-03-13;72,87000274658203;73,1500015258789;72,66999816894531;73,0999984741211;1359600;0
2017-03-14;73,08999633789062;73,22000122070312;72,72000122070312;72,9800033569336;1070100;0
2017-03-15;73,02999877929688;73,86000061035156;72,86000061035156;73,77999877929688;1575600;0
2017-03-16;73,6500015258789;73,9000015258789;72,94000244140625;73,11000061035156;1462400;0
2017-03-17;73,36000061035156;73,79000091552734;73,16999816894531;73,54000091552734;3203300;0
2017-03-20;73,58000183105469;73,61000061035156;73,06999969482422;73,11000061035156;1444800;0
2017-03-21;73,3499984741211;73,37000274658203;72,41000366210938;72,5199966430664;2194400;0
2017-03-22;72,77999877929688;72,94999694824219;72,54000091552734;72,6500015258789;1399200;0
2017-03-23;72,55999755859375;72,88999938964844;72,47000122070312;72,55999755859375;1213500;0
2017-03-24;72,5999984741211;72,87000274658203;72,1500015258789;72,31999969482422;1578000;0
2017-03-27;72,18000030517578;72,18000030517578;71,55999755859375;71,87999725341797;1624200;0
2017-03-28;71,62000274658203;72,45999908447266;71,52999877929688;72,33999633789062;1619800;0
2017-03-29;71,8499984741211;72,43000030517578;71,81999969482422;72,1500015258789;1768500;0
2017-03-30;72,19000244140625;72,94000244140625;72,1500015258789;72,93000030517578;1351800;0
2017-03-31;72,72000122070312;73,13999938964844;72,68000030517578;72,91999816894531;1331000;0
2017-04-03;73,08000183105469;73,08999633789062;72,5;72,58999633789062;1528700;0
2017-04-04;72,66999816894531;72,91999816894531;72,43000030517578;72,52999877929688;2316300;0
2017-04-05;72,77999877929688;73,7300033569336;72,77999877929688;73,2699966430664;1559200;0
2017-04-06;73,1500015258789;73,26000213623047;72,73999786376953;73,08999633789062;1257100;0
2017-04-07;73,19000244140625;73,5199966430664;73,05000305175781;73,20999908447266;1175000;0
2017-04-10;73,11000061035156;73,23999786376953;72,76000213623047;72,88999938964844;1226900;0
2017-04-11;72,87999725341797;72,97000122070312;72,51000213623047;72,87000274658203;1212100;0
2017-04-12;72,70999908447266;72,81999969482422;72,1500015258789;72,30000305175781;1551500;0
2017-04-13;72,12000274658203;72,38999938964844;71,91000366210938;72,0199966430664;1927500;0
2017-04-17;72,22000122070312;72,70999908447266;72,22000122070312;72,5;1241100;0
2017-04-18;72,4000015258789;72,55000305175781;72,2300033569336;72,44999694824219;1322100;0
2017-04-19;72,61000061035156;72,8499984741211;72,48999786376953;72,70999908447266;1429600;0
2017-04-20;72,87000274658203;72,97000122070312;72,69999694824219;72,83999633789062;1138300;0
2017-04-21;72,9000015258789;73,56999969482422;72,8499984741211;73,37999725341797;1356100;0
2017-04-24;73,81999969482422;74,19999694824219;73,72000122070312;74,0999984741211;1407800;0
2017-04-25;74,19999694824219;74,58000183105469;74,12999725341797;74,2300033569336;1616200;0
2017-04-26;74,08000183105469;74,2699966430664;72,16000366210938;72,30000305175781;2914700;0
2017-04-27;72,83999633789062;73,62000274658203;72,61000061035156;72,83999633789062;1663400;0
2017-04-28;72,77999877929688;73,0999984741211;72,55999755859375;72,77999877929688;1501000;2
2017-05-01;73,08000183105469;73,11000061035156;72,2699966430664;73,01000213623047;1721000;0
2017-05-02;73,20999908447266;73,29000091552734;72,55999755859375;72,86000061035156;1256300;0
2017-05-03;72,83000183105469;72,94999694824219;72,5;72,87999725341797;1351600;0
2017-05-04;73,05000305175781;73,12999725341797;72,62999725341797;72,94999694824219;1367400;0
2017-05-05;73,02999877929688;73,43000030517578;72,93000030517578;73,38999938964844;904000;0
2017-05-08;73,44000244140625;73,62000274658203;73,11000061035156;73,26000213623047;1210400;0
2017-05-09;73,11000061035156;73,44000244140625;72,52999877929688;72,76000213623047;1316500;0
2017-05-10;72,62999725341797;73,23999786376953;72,52999877929688;73,08999633789062;1457800;0
2017-05-11;72,8499984741211;72,91000366210938;72,41000366210938;72,55000305175781;1429100;0
2017-05-12;72,7699966430664;72,7699966430664;71,87000274658203;71,95999908447266;1223800;0
2017-05-15;71,8499984741211;72,2699966430664;71,58000183105469;72,16999816894531;1334700;2
2017-05-16;72,18000030517578;72,30000305175781;71,16000366210938;71,25;1898200;0
2017-05-17;71,25;71,25;70,68000030517578;70,7300033569336;1644700;0
2017-05-18;70,66000366210938;71,19000244140625;70,25;70,95999908447266;2235700;0
2017-05-19;70,87999725341797;70,98999786376953;70,08000183105469;70,5;3271900;0
2017-05-22;70,68000030517578;71,0999984741211;70,61000061035156;70,97000122070312;2345500;0
2017-05-23;71,12999725341797;71,5;70,72000122070312;71,0199966430664;1603200;0
2017-05-24;71,30000305175781;71,47000122070312;71,0999984741211;71,37999725341797;1521500;0
2017-05-25;71,48999786376953;71,73999786376953;71,33999633789062;71,56999969482422;1291900;0
2017-05-26;71,37000274658203;71,93000030517578;71,27999877929688;71,83999633789062;1076300;0
2017-05-30;71,77999877929688;72,25;71,62000274658203;72,13999938964844;1365800;0
2017-05-31;72,1500015258789;72,98999786376953;72,11000061035156;72,91000366210938;2364200;0
2017-06-01;72,95999908447266;73,5;72,72000122070312;73,45999908447266;1630000;0
2017-06-02;73,70999908447266;74,41999816894531;73,58999633789062;74,25;1856800;0
2017-06-05;74,02999877929688;74,5;73,7300033569336;73,91000366210938;1523900;0
2017-06-06;73,95999908447266;74,08999633789062;73,25;73,41000366210938;1775000;0
2017-06-07;73,19999694824219;73,5;73,11000061035156;73,33000183105469;1633800;0
2017-06-08;73,33000183105469;73,5199966430664;72,30999755859375;72,54000091552734;2232600;0
2017-06-09;72,47000122070312;72,7699966430664;72,23999786376953;72,6500015258789;2025000;0
2017-06-12;72,6500015258789;73,0;72,5;72,87999725341797;1961500;0
2017-06-13;72,87999725341797;73,62000274658203;72,76000213623047;73,37000274658203;1431800;0
2017-06-14;73,62999725341797;73,87999725341797;73,2699966430664;73,41999816894531;1492600;0
2017-06-15;73,1500015258789;74,16999816894531;73,1500015258789;74,05000305175781;2523300;0
2017-06-16;74,19999694824219;74,4800033569336;73,94000244140625;74,13999938964844;2601600;0
2017-06-19;74,19000244140625;74,5199966430664;73,91000366210938;74,18000030517578;2244600;0
2017-06-20;74,06999969482422;74,44000244140625;73,7699966430664;73,7699966430664;1275300;0
2017-06-21;73,7699966430664;74,02999877929688;73,12000274658203;73,4000015258789;2568100;0
2017-06-22;73,33999633789062;73,55999755859375;73,0199966430664;73,36000061035156;1062800;0
2017-06-23;73,2699966430664;73,58999633789062;73,19999694824219;73,43000030517578;1649200;0
2017-06-26;73,5999984741211;73,80000305175781;73,33000183105469;73,45999908447266;1233900;0
2017-06-27;73,2300033569336;73,54000091552734;73,11000061035156;73,11000061035156;1033800;0
2017-06-28;73,52999877929688;74,1500015258789;73,44999694824219;73,5199966430664;1289900;0
2017-06-29;73,48999786376953;73,69999694824219;72,58000183105469;73,0199966430664;2280900;0
2017-06-30;73,37999725341797;73,6500015258789;73,22000122070312;73,3499984741211;1460900;0
2017-07-03;73,44000244140625;73,83999633789062;73,31999969482422;73,4000015258789;758200;0
2017-07-05;73,80000305175781;73,8499984741211;73,4000015258789;73,72000122070312;1413900;1
2017-07-06;73,41000366210938;73,58000183105469;73,18000030517578;73,38999938964844;1552200;0
2017-07-07;73,55000305175781;74,19000244140625;73,48999786376953;73,98999786376953;1468300;0
2017-07-10;73,97000122070312;74,29000091552734;73,76000213623047;73,9800033569336;1399300;0
2017-07-11;73,9800033569336;74,19999694824219;73,73999786376953;73,86000061035156;1202900;0
2017-07-12;74,22000122070312;74,52999877929688;74,16000366210938;74,16999816894531;1167300;0
2017-07-13;74,16999816894531;74,22000122070312;73,7300033569336;73,98999786376953;1012700;0
2017-07-14;74,08999633789062;74,30000305175781;74,01000213623047;74,2699966430664;773500;0
2017-07-17;74,20999908447266;74,62000274658203;74,02999877929688;74,5;1162000;0
2017-07-18;74,5999984741211;74,97000122070312;74,4000015258789;74,79000091552734;1383600;0
2017-07-19;74,81999969482422;75,06999969482422;74,72000122070312;74,91999816894531;2227400;0
2017-07-20;74,80999755859375;75,27999877929688;74,6500015258789;75,0;2184800;1
2017-07-21;74,88999938964844;75,41999816894531;74,86000061035156;75,37000274658203;1385600;1
2017-07-24;75,30000305175781;75,45999908447266;75,02999877929688;75,08999633789062;1516900;0
2017-07-25;75,2699966430664;75,97000122070312;75,12000274658203;75,63999938964844;2202100;0
2017-07-26;76,0;76,0;73,4800033569336;74,66000366210938;3670400;0
2017-07-27;74,94999694824219;75,48999786376953;74,48999786376953;75,44999694824219;1882000;0
2017-07-28;75,45999908447266;75,63999938964844;74,61000061035156;74,80000305175781;1494300;0
2017-07-31;74,94000244140625;75,33999633789062;74,80999755859375;75,1500015258789;1362600;0
2017-08-01;75,33000183105469;75,5;75,1500015258789;75,22000122070312;1485700;0
2017-08-02;74,98999786376953;75,41999816894531;74,81999969482422;75,25;1311700;0
2017-08-03;75,37999725341797;75,7300033569336;75,23999786376953;75,62000274658203;1889700;0
2017-08-04;75,66000366210938;75,94999694824219;75,37999725341797;75,5199966430664;1519400;0
2017-08-07;75,5199966430664;75,68000030517578;75,2699966430664;75,38999938964844;868200;0
2017-08-08;75,2699966430664;75,54000091552734;75,16999816894531;75,33999633789062;1325300;0
2017-08-09;75,23999786376953;75,45999908447266;75,12999725341797;75,2300033569336;1454600;0
2017-08-10;75,05999755859375;75,41999816894531;74,76000213623047;74,80999755859375;1628100;0
2017-08-11;74,95999908447266;75,22000122070312;74,61000061035156;74,61000061035156;958400;0
2017-08-14;75,12999725341797;75,66999816894531;75,08999633789062;75,55000305175781;1091500;0
2017-08-15;75,55000305175781;75,87000274658203;75,47000122070312;75,69999694824219;1161800;0
2017-08-16;75,8499984741211;76,25;75,7300033569336;76,0;1663700;0
2017-08-17;76,0;76,33000183105469;75,48999786376953;75,52999877929688;1476700;0
2017-08-18;75,43000030517578;75,66000366210938;75,19999694824219;75,25;1555100;0
2017-08-21;75,29000091552734;75,87999725341797;75,27999877929688;75,54000091552734;1819900;0
2017-08-22;75,72000122070312;76,19999694824219;75,72000122070312;76,19999694824219;1526400;0
2017-08-23;75,87999725341797;76,16000366210938;75,80999755859375;76,02999877929688;1067300;0
2017-08-24;76,16999816894531;76,25;75,5999984741211;75,6500015258789;864400;0
2017-08-25;75,94999694824219;76,31999969482422;75,87999725341797;75,88999938964844;972500;0
2017-08-28;76,01000213623047;76,36000061035156;75,77999877929688;76,26000213623047;1986100;0
2017-08-29;76,12000274658203;76,8499984741211;76,0;76,75;1407500;0
2017-08-30;76,72000122070312;76,95999908447266;76,37000274658203;76,94999694824219;1847300;0
2017-08-31;77,02999877929688;77,18000030517578;76,75;77,11000061035156;2115500;0
2017-09-01;77,23999786376953;77,5199966430664;77,12999725341797;77,19000244140625;1782400;0
2017-09-05;77,18000030517578;77,19000244140625;75,83000183105469;75,94000244140625;2792100;0
2017-09-06;76,02999877929688;76,29000091552734;75,95999908447266;76,12999725341797;1857200;0
2017-09-07;75,94000244140625;76,11000061035156;75,72000122070312;76,08000183105469;1836000;0
2017-09-08;75,98999786376953;77,25;75,7699966430664;77,12000274658203;2240600;0
2017-09-11;77,5999984741211;77,80999755859375;77,29000091552734;77,72000122070312;2340800;0
2017-09-12;77,58999633789062;78,37999725341797;77,5;78,31999969482422;1470000;0
2017-09-13;78,30999755859375;78,38999938964844;77,69999694824219;77,80999755859375;1697300;0
2017-09-14;77,73999786376953;78,0;77,62000274658203;77,83999633789062;1630300;0
2017-09-15;77,80999755859375;78,04000091552734;77,3499984741211;78,0;2335800;0
2017-09-18;78,0999984741211;78,3499984741211;77,97000122070312;78,18000030517578;1233600;0
2017-09-19;78,20999908447266;78,33000183105469;77,91999816894531;78,26000213623047;1137900;0
2017-09-20;78,37000274658203;78,70999908447266;78,2699966430664;78,38999938964844;1625700;0
2017-09-21;78,4800033569336;78,55999755859375;77,77999877929688;78,27999877929688;1737900;0
2017-09-22;78,23999786376953;78,55000305175781;78,19000244140625;78,19999694824219;1003500;0
2017-09-25;78,44000244140625;78,5999984741211;78,25;78,5999984741211;1463600;0
2017-09-26;78,62000274658203;78,79000091552734;78,4000015258789;78,62000274658203;1266200;0
2017-09-27;78,63999938964844;78,81999969482422;78,19000244140625;78,31999969482422;1817100;0
2017-09-28;78,0999984741211;78,47000122070312;77,79000091552734;78,41000366210938;2376800;0
2017-09-29;78,36000061035156;78,52999877929688;78,05999755859375;78,2699966430664;1917400;0
2017-10-02;78,5;78,7699966430664;78,30000305175781;78,7699966430664;1775500;0
2017-10-03;78,76000213623047;79,27999877929688;78,44000244140625;79,27999877929688;1922200;0
2017-10-04;77,87999725341797;77,98999786376953;75,86000061035156;76,33000183105469;5727700;0
2017-10-05;76,26000213623047;76,9000015258789;76,12999725341797;76,66999816894531;2500700;0
2017-10-06;76,41000366210938;76,55000305175781;75,97000122070312;76,27999877929688;2530600;0
2017-10-09;76,44000244140625;76,87999725341797;76,38999938964844;76,79000091552734;1124000;0
2017-10-10;77,05999755859375;77,18000030517578;76,62999725341797;76,73999786376953;1870400;0
2017-10-11;76,98999786376953;77,30000305175781;76,80000305175781;77,08000183105469;2337400;0
2017-10-12;77,0;77,20999908447266;76,86000061035156;76,91999816894531;2592300;0
2017-10-13;77,16999816894531;77,5;76,93000030517578;77,0199966430664;2086800;0
2017-10-16;77,0;77,19999694824219;76,61000061035156;76,69000244140625;1549000;0
2017-10-17;76,5999984741211;77,01000213623047;76,55000305175781;76,83999633789062;1793500;0
2017-10-18;77,0;77,1500015258789;76,8499984741211;76,94000244140625;1444500;0
2017-10-19;76,8499984741211;77,48999786376953;76,83999633789062;77,37000274658203;1285900;0
2017-10-20;77,6500015258789;77,87999725341797;77,55000305175781;77,7300033569336;1357500;0
2017-10-23;77,26000213623047;77,94000244140625;77,13999938964844;77,72000122070312;1716500;0
2017-10-24;77,94999694824219;78,1500015258789;77,83999633789062;77,94999694824219;1320500;0
2017-10-25;77,93000030517578;77,93000030517578;77,37999725341797;77,51000213623047;1849800;0
2017-10-26;78,58000183105469;81,43000030517578;78,0;81,30999755859375;3795100;0
2017-10-27;81,66999816894531;82,69999694824219;81,37000274658203;82,30999755859375;2767400;0
2017-10-30;82,30999755859375;82,87000274658203;81,58999633789062;81,87000274658203;2005700;0
2017-10-31;81,75;82,27999877929688;81,61000061035156;82,16999816894531;2000500;0
2017-11-01;82,20999908447266;82,44999694824219;80,86000061035156;81,0999984741211;2754700;0
2017-11-02;81,25;82,04000091552734;81,25;81,6500015258789;2629500;0
2017-11-03;81,87000274658203;82,62999725341797;81,69999694824219;81,69999694824219;2001000;0
2017-11-06;81,62999725341797;81,70999908447266;81,23999786376953;81,23999786376953;1313300;0
2017-11-07;81,27999877929688;81,70999908447266;81,20999908447266;81,62999725341797;2088600;0
2017-11-08;81,54000091552734;82,20999908447266;81,52999877929688;81,83999633789062;1301600;0
2017-11-09;81,55000305175781;81,76000213623047;81,01000213623047;81,4000015258789;1213100;0
2017-11-10;81,20999908447266;81,52999877929688;81,06999969482422;81,31999969482422;1815600;0
2017-11-13;81,31999969482422;82,19000244140625;81,2699966430664;82,13999938964844;1902800;0
2017-11-14;81,70999908447266;82,5;81,52999877929688;82,37999725341797;1438800;0
2017-11-15;82,19999694824219;82,25;78,33000183105469;81,7300033569336;1129900;0
2017-11-16;81,8499984741211;82,25;81,52999877929688;81,69999694824219;2141200;2
2017-11-17;81,61000061035156;81,72000122070312;80,54000091552734;80,6500015258789;2157800;0
2017-11-20;80,87999725341797;81,30999755859375;80,69000244140625;80,91999816894531;1963800;0
2017-11-21;81,0199966430664;81,16999816894531;80,6500015258789;80,87000274658203;1371700;0
2017-11-22;80,87000274658203;80,87999725341797;80,23999786376953;80,26000213623047;2363700;0
2017-11-24;80,33000183105469;80,5;79,76000213623047;80,37999725341797;540700;0
2017-11-27;80,5;81,05000305175781;80,36000061035156;80,8499984741211;996500;0
2017-11-28;81,04000091552734;81,6500015258789;80,86000061035156;81,61000061035156;877500;0
2017-11-29;81,48999786376953;82,97000122070312;81,33999633789062;82,62000274658203;1930900;0
2017-11-30;82,44000244140625;82,87999725341797;81,98999786376953;82,25;3620200;0
2017-12-01;82,38999938964844;82,6500015258789;80,81999969482422;81,80999755859375;2383800;0
2017-12-04;82,37999725341797;83,93000030517578;82,29000091552734;83,1500015258789;2263400;0
2017-12-05;83,4000015258789;83,9000015258789;83,06999969482422;83,31999969482422;2469500;0
2017-12-06;83,43000030517578;83,69000244140625;83,12000274658203;83,5;1431100;0
2017-12-07;83,80999755859375;83,94999694824219;83,29000091552734;83,91000366210938;1171200;0
2017-12-08;84,0;84,56999969482422;83,68000030517578;84,56999969482422;1668400;0
2017-12-11;85,87000274658203;85,87000274658203;84,98999786376953;85,37000274658203;2861500;0
2017-12-12;85,12999725341797;85,48999786376953;84,52999877929688;84,63999938964844;2223700;1
2017-12-13;84,58000183105469;85,51000213623047;84,1500015258789;85,33999633789062;2069900;0
2017-12-14;85,51000213623047;85,56999969482422;84,66000366210938;84,66000366210938;1509000;0
2017-12-15;86,05000305175781;86,81999969482422;85,44000244140625;85,87000274658203;4166500;0
2017-12-18;86,1500015258789;86,5199966430664;85,81999969482422;86,12000274658203;2561700;0
2017-12-19;86,44000244140625;86,5;85,44999694824219;85,6500015258789;1891900;0
2017-12-20;85,75;86,44000244140625;85,70999908447266;85,79000091552734;1299900;0
2017-12-21;86,04000091552734;86,16000366210938;85,56999969482422;85,79000091552734;1726400;0
2017-12-22;85,95999908447266;86,25;85,72000122070312;85,91000366210938;791400;0
2017-12-26;85,91999816894531;86,33999633789062;85,66000366210938;85,87999725341797;529100;0
2017-12-27;85,9800033569336;86,1500015258789;85,72000122070312;86,11000061035156;678000;0
2017-12-28;86,19999694824219;86,30999755859375;85,69999694824219;86,29000091552734;745800;0
2017-12-29;86,56999969482422;86,88999938964844;86,30000305175781;86,30000305175781;1133900;0
2018-01-02;86,1500015258789;86,48999786376953;85,55000305175781;86,0999984741211;1885600;0
2018-01-03;87,51000213623047;87,54000091552734;86,66999816894531;87,3499984741211;2104800;0
2018-01-04;87,69000244140625;88,41000366210938;87,58000183105469;88,0999984741211;2539400;0
2018-01-05;88,30999755859375;88,3499984741211;87,44999694824219;87,98999786376953;1606400;0
2018-01-08;87,69999694824219;88,1500015258789;87,55000305175781;88,05000305175781;1529200;0
2018-01-09;88,1500015258789;88,30999755859375;87,62999725341797;87,69000244140625;1259000;0
2018-01-10;87,5;87,5999984741211;87,12000274658203;87,2699966430664;1079300;0
2018-01-11;87,2699966430664;88,20999908447266;87,23999786376953;88,18000030517578;1605000;0
2018-01-12;88,19999694824219;88,66000366210938;87,6500015258789;88,2699966430664;1986400;0
2018-01-16;88,44000244140625;88,7300033569336;88,13999938964844;88,16000366210938;1559900;0
2018-01-17;88,0999984741211;88,6500015258789;87,9000015258789;88,52999877929688;1497200;0
2018-01-18;88,4000015258789;88,41999816894531;87,88999938964844;87,95999908447266;1587800;0
2018-01-19;88,26000213623047;88,41999816894531;87,66000366210938;88,05999755859375;2069000;0
2018-01-22;88,2300033569336;88,72000122070312;88,08999633789062;88,66000366210938;1534100;0
2018-01-23;88,47000122070312;88,7300033569336;88,01000213623047;88,5999984741211;1284700;0
2018-01-24;88,8499984741211;89,12999725341797;88,22000122070312;88,5;1035500;0
2018-01-25;88,66000366210938;88,77999877929688;88,11000061035156;88,55999755859375;1378300;0
2018-01-26;88,83000183105469;89,7300033569336;88,56999969482422;89,70999908447266;2162800;0
2018-01-29;89,2699966430664;89,37999725341797;88,22000122070312;88,22000122070312;1519900;0
2018-01-30;87,76000213623047;88,55000305175781;87,66000366210938;87,94999694824219;1538400;0
2018-01-31;88,05000305175781;88,9000015258789;87,87999725341797;88,43000030517578;1709400;0
2018-02-01;88,47000122070312;88,63999938964844;87,41999816894531;87,8499984741211;1628400;2
2018-02-02;87,26000213623047;88,04000091552734;86,48999786376953;86,52999877929688;2057100;2
2018-02-05;86,0999984741211;86,20999908447266;81,48999786376953;81,75;4412400;0
2018-02-06;80,91000366210938;82,97000122070312;78,87000274658203;81,80000305175781;5892400;0
2018-02-07;81,87999725341797;83,47000122070312;81,62999725341797;81,7300033569336;2842200;0
2018-02-08;81,87999725341797;82,2300033569336;79,06999969482422;79,12000274658203;3974200;0
2018-02-09;79,91000366210938;80,5;78,38999938964844;80,0999984741211;4948500;0
2018-02-12;80,80000305175781;81,2300033569336;79,86000061035156;80,56999969482422;3791300;0
2018-02-13;80,12999725341797;81,06999969482422;80,0;80,79000091552734;2719900;0
2018-02-14;80,48999786376953;82,5999984741211;80,30000305175781;82,5999984741211;3196700;0
2018-02-15;87,12999725341797;88,0;82,77999877929688;84,0199966430664;6370600;0
2018-02-16;84,12999725341797;85,75;83,69999694824219;85,1500015258789;3362800;0
2018-02-20;84,62999725341797;86,16999816894531;84,51000213623047;84,87000274658203;2650900;0
2018-02-21;84,93000030517578;85,55000305175781;84,05999755859375;84,08999633789062;2062100;0
2018-02-22;84,37000274658203;85,30000305175781;84,13999938964844;84,5;2473500;0
2018-02-23;84,91000366210938;85,48999786376953;84,33000183105469;85,48999786376953;1555800;0
2018-02-26;85,72000122070312;86,62999725341797;85,61000061035156;86,58999633789062;2189800;0
2018-02-27;86,66000366210938;87,62000274658203;86,66000366210938;86,94999694824219;3129400;0
2018-02-28;87,37999725341797;88,26000213623047;86,26000213623047;86,31999969482422;3692800;0
2018-03-01;86,48999786376953;87,19000244140625;85,06999969482422;85,3499984741211;3090800;0
2018-03-02;84,7699966430664;85,73999786376953;84,5;85,5199966430664;2396800;0
2018-03-05;85,37000274658203;85,9000015258789;84,70999908447266;85,69000244140625;2516200;0
2018-03-06;85,9000015258789;85,9000015258789;85,27999877929688;85,81999969482422;1983400;0
2018-03-07;85,26000213623047;85,68000030517578;84,94999694824219;85,30000305175781;2268500;0
2018-03-08;85,12000274658203;85,69000244140625;84,93000030517578;85,23999786376953;3401700;0
2018-03-09;85,75;87,26000213623047;85,69999694824219;87,20999908447266;3039900;0
2018-03-12;87,37999725341797;87,37999725341797;86,33000183105469;86,66999816894531;2256400;0
2018-03-13;86,88999938964844;87,33999633789062;86,47000122070312;86,66000366210938;1477900;0
2018-03-14;87,19999694824219;87,37000274658203;86,26000213623047;86,41000366210938;2236800;0
2018-03-15;86,45999908447266;86,63999938964844;85,41999816894531;86,25;1502100;2
2018-03-16;86,31999969482422;86,86000061035156;85,86000061035156;86,38999938964844;3659200;0
2018-03-19;86,27999877929688;86,83999633789062;85,68000030517578;85,80000305175781;2191400;0
2018-03-20;85,91999816894531;86,51000213623047;85,81999969482422;86,2699966430664;1629700;0
2018-03-21;86,41000366210938;86,70999908447266;85,87000274658203;85,91999816894531;1475900;0
2018-03-22;85,30000305175781;85,86000061035156;84,08999633789062;84,23999786376953;2174000;0
2018-03-23;84,56999969482422;85,08999633789062;82,88999938964844;82,9000015258789;2951300;0
2018-03-26;83,83000183105469;84,4800033569336;83,12000274658203;84,12999725341797;2150600;0
2018-03-27;84,47000122070312;84,68000030517578;82,72000122070312;83,29000091552734;2162000;0
2018-03-28;83,41000366210938;84,0999984741211;82,91999816894531;83,18000030517578;1958800;0
2018-03-29;83,62000274658203;84,66000366210938;83,4800033569336;84,12000274658203;1676200;0
2018-04-02;84,0;84,69999694824219;82,70999908447266;83,58000183105469;2054600;0
2018-04-03;83,83999633789062;84,98999786376953;83,77999877929688;84,91999816894531;1784400;0
2018-04-04;84,1500015258789;85,58999633789062;83,83000183105469;85,4800033569336;2770000;0
2018-04-05;85,80000305175781;86,33000183105469;85,4800033569336;86,0199966430664;2401200;0
2018-04-06;85,12999725341797;85,66000366210938;83,73999786376953;84,20999908447266;2135500;0
2018-04-09;84,73999786376953;84,95999908447266;83,47000122070312;83,58999633789062;1993300;0
2018-04-10;84,72000122070312;84,83000183105469;83,87999725341797;84,25;2066600;0
2018-04-11;83,72000122070312;83,86000061035156;82,54000091552734;82,69000244140625;2549800;0
2018-04-12;82,98999786376953;83,69000244140625;82,93000030517578;83,0199966430664;2662500;0
2018-04-13;83,30999755859375;83,43000030517578;82,5999984741211;83,06999969482422;2495900;0
2018-04-16;83,5;83,58000183105469;82,83000183105469;83,37999725341797;2365300;0
2018-04-17;83,83999633789062;83,94999694824219;83,12999725341797;83,5199966430664;2379500;0
2018-04-18;83,5;83,86000061035156;83,19999694824219;83,6500015258789;2068400;0
2018-04-19;83,5199966430664;83,66000366210938;82,55000305175781;82,62000274658203;3652800;0
2018-04-20;83,58000183105469;84,0999984741211;82,06999969482422;82,4800033569336;3184100;0
2018-04-23;82,5199966430664;83,62999725341797;82,45999908447266;82,5;2317500;0
2018-04-24;82,87999725341797;82,87999725341797;81,05999755859375;81,4000015258789;2889100;2
2018-04-25;81,19000244140625;81,73999786376953;80,91000366210938;81,25;2306700;0
2018-04-26;81,41999816894531;82,31999969482422;81,08000183105469;81,75;2519300;0
2018-04-27;81,7699966430664;82,6500015258789;81,7699966430664;82,30000305175781;1897000;0
2018-04-30;82,37999725341797;82,69999694824219;81,26000213623047;81,29000091552734;3229000;0
2018-05-01;81,3499984741211;81,62999725341797;80,66999816894531;81,25;2211500;0
2018-05-02;81,33999633789062;81,5;80,72000122070312;80,83999633789062;2240200;0
2018-05-03;80,88999938964844;83,08999633789062;80,88999938964844;82,94000244140625;2773600;0
2018-05-04;82,55000305175781;84,23999786376953;82,52999877929688;84,05000305175781;1494400;0
2018-05-07;83,83000183105469;84,0;83,02999877929688;83,22000122070312;2313500;0
2018-05-08;82,95999908447266;83,45999908447266;82,73999786376953;83,06999969482422;1486400;0
2018-05-09;83,12999725341797;83,30000305175781;82,69000244140625;83,01000213623047;1320300;0
2018-05-10;83,33000183105469;83,58000183105469;83,12999725341797;83,31999969482422;1097600;0
2018-05-11;83,55000305175781;83,69999694824219;82,83000183105469;82,97000122070312;2145500;0
2018-05-14;83,0;83,20999908447266;82,45999908447266;82,62999725341797;1839200;0
2018-05-15;82,05999755859375;82,47000122070312;81,80999755859375;82,18000030517578;2501400;0
2018-05-16;82,18000030517578;82,5199966430664;81,51000213623047;81,62000274658203;1369200;0
2018-05-17;81,62999725341797;81,95999908447266;81,25;81,4800033569336;1370800;0
2018-05-18;81,5;81,81999969482422;81,41999816894531;81,4800033569336;1710000;0
2018-05-21;81,66999816894531;82,44000244140625;81,48999786376953;82,33999633789062;1623600;0
2018-05-22;82,22000122070312;82,76000213623047;81,72000122070312;81,79000091552734;2266200;0
2018-05-23;81,5999984741211;82,94000244140625;81,5999984741211;82,83000183105469;2363700;0
2018-05-24;82,77999877929688;83,11000061035156;82,43000030517578;82,93000030517578;1376500;0
2018-05-25;82,80000305175781;83,30000305175781;82,75;82,95999908447266;1545700;0
2018-05-29;82,41999816894531;82,81999969482422;82,05999755859375;82,6500015258789;3621700;0
2018-05-30;82,80000305175781;84,0199966430664;82,69999694824219;83,8499984741211;1867100;0
2018-05-31;83,91000366210938;84,4000015258789;82,70999908447266;82,70999908447266;3413900;0
2018-06-01;83,18000030517578;83,68000030517578;82,91999816894531;83,62999725341797;1541200;0
2018-06-04;83,81999969482422;84,05000305175781;83,62000274658203;83,66999816894531;1949500;0
2018-06-05;83,72000122070312;84,11000061035156;83,37999725341797;83,48999786376953;1706600;0
2018-06-06;83,33999633789062;83,91999816894531;83,33999633789062;83,77999877929688;1559300;0
2018-06-07;83,62000274658203;83,77999877929688;83,13999938964844;83,31999969482422;1490900;0
2018-06-08;83,33000183105469;83,91000366210938;83,30000305175781;83,58999633789062;1775600;0
2018-06-11;83,73999786376953;83,87000274658203;83,06999969482422;83,55999755859375;2196000;0
2018-06-12;83,79000091552734;84,04000091552734;83,3499984741211;83,9000015258789;1912200;0
2018-06-13;84,0;84,13999938964844;83,02999877929688;83,12000274658203;2323600;0
2018-06-14;83,13999938964844;83,62000274658203;82,55999755859375;83,56999969482422;1682700;0
2018-06-15;83,41000366210938;84,43000030517578;83,12000274658203;84,33000183105469;3064200;0
2018-06-18;83,72000122070312;83,77999877929688;83,16000366210938;83,2699966430664;1486500;0
2018-06-19;82,95999908447266;83,29000091552734;82,16000366210938;82,68000030517578;2359000;0
2018-06-20;82,69000244140625;82,75;81,88999938964844;81,91999816894531;1918700;0
2018-06-21;81,91999816894531;82,04000091552734;81,12000274658203;81,2699966430664;3166000;0
2018-06-22;81,55000305175781;82,19999694824219;81,41999816894531;81,87999725341797;2316800;0
2018-06-25;81,72000122070312;81,87000274658203;81,29000091552734;81,69999694824219;2799600;0
2018-06-26;81,79000091552734;82,12999725341797;81,31999969482422;81,58999633789062;2593400;0
2018-06-27;81,56999969482422;81,91999816894531;79,95999908447266;80,0;2870300;0
2018-06-28;80,13999938964844;81,01000213623047;79,97000122070312;80,7699966430664;2398300;1
2018-06-29;80,91000366210938;81,7300033569336;80,7300033569336;81,33999633789062;2484400;0
2018-07-02;80,91000366210938;81,91999816894531;80,87999725341797;81,86000061035156;1270600;0
2018-07-03;82,02999877929688;82,19000244140625;81,37999725341797;81,58999633789062;658100;1
2018-07-05;82,0;82,30999755859375;81,7699966430664;82,29000091552734;1582300;0
2018-07-06;82,0;82,63999938964844;81,80000305175781;82,29000091552734;1566400;0
2018-07-09;82,44999694824219;82,87999725341797;82,2699966430664;82,44999694824219;1329500;0
2018-07-10;82,88999938964844;83,5;82,68000030517578;83,41000366210938;1693500;0
2018-07-11;83,08999633789062;84,08000183105469;83,08000183105469;83,70999908447266;2384800;0
2018-07-12;84,05999755859375;84,55000305175781;83,87999725341797;84,25;1819700;0
2018-07-13;84,29000091552734;84,66000366210938;84,16000366210938;84,37000274658203;1120000;0
2018-07-16;84,37999725341797;84,37999725341797;83,62000274658203;83,7699966430664;1399000;0
2018-07-17;83,81999969482422;84,08000183105469;83,47000122070312;83,69999694824219;1635500;0
2018-07-18;83,66999816894531;83,69999694824219;82,58999633789062;82,66000366210938;1511800;0
2018-07-19;82,56999969482422;82,94000244140625;82,54000091552734;82,6500015258789;1140000;0
2018-07-20;82,38999938964844;82,86000061035156;82,30000305175781;82,69000244140625;1060800;0
2018-07-23;82,4800033569336;82,62000274658203;81,6500015258789;82,23999786376953;1511300;0
2018-07-24;82,19999694824219;82,3499984741211;81,01000213623047;81,48999786376953;2733700;0
2018-07-25;82,66999816894531;88,11000061035156;82,55000305175781;87,83999633789062;4727800;1
2018-07-26;88,20999908447266;89,13999938964844;88,06999969482422;88,5199966430664;3170300;0
2018-07-27;88,54000091552734;89,79000091552734;88,54000091552734;89,6500015258789;2488500;0
2018-07-30;89,5999984741211;89,87000274658203;88,79000091552734;88,87000274658203;2039200;0
2018-07-31;89,16999816894531;90,0999984741211;88,81999969482422;90,0;2171500;0
2018-08-01;90,16000366210938;90,70999908447266;89,7300033569336;89,87000274658203;2279200;0
2018-08-02;90,06999969482422;90,37999725341795;89,61000061035156;90,11000061035156;2159100;0
2018-08-03;90,0;90,0;88,54000091552734;89,55999755859375;1885400;0
2018-08-06;89,4000015258789;89,91000366210938;89,2300033569336;89,81999969482422;1779100;0
2018-08-07;90,12999725341795;90,3000030517578;89,66999816894531;89,91000366210938;1708200;0
2018-08-08;90,23999786376952;90,62000274658205;89,7699966430664;90,02999877929688;934000;0
2018-08-09;90,16000366210938;90,2699966430664;89,79000091552734;90,13999938964844;1139500;0
2018-08-10;90,1500015258789;90,4499969482422;89,69000244140625;89,94000244140625;2084500;0
2018-08-13;89,95999908447266;90,52999877929688;89,6500015258789;90,01000213623047;2755600;0
2018-08-14;90,16999816894533;90,73999786376952;89,86000061035156;90,1500015258789;2062200;0
2018-08-15;89,94000244140625;90,79000091552734;89,51000213623047;90,66000366210938;1597900;0
2018-08-16;90,95999908447266;91,1500015258789;90,31999969482422;90,8499984741211;1294700;0
2018-08-17;90,9499969482422;91,4800033569336;90,70999908447266;91,33999633789062;1654900;0
2018-08-20;91,58999633789062;91,63999938964844;91,13999938964844;91,16999816894533;1803100;0
2018-08-21;91,33000183105467;91,5199966430664;90,52999877929688;90,87999725341795;1527000;0
2018-08-22;90,94000244140624;90,94000244140624;90,52999877929688;90,5999984741211;1283900;0
2018-08-23;90,5;90,9000015258789;90,30999755859376;90,62999725341795;956500;0
2018-08-24;90,72000122070312;91,0;90,36000061035156;90,6999969482422;1151100;0
2018-08-27;90,9800033569336;91,0999984741211;90,47000122070312;90,66999816894533;1463600;0
2018-08-28;90,72000122070312;90,83000183105467;90,16999816894533;90,44000244140624;1263500;0
2018-08-29;90,61000061035156;90,8000030517578;90,1999969482422;90,62999725341795;1072400;0
2018-08-30;90,5199966430664;90,81999969482422;90,3000030517578;90,76000213623048;1309200;0
2018-08-31;90,8000030517578;91,0;90,51000213623048;90,9000015258789;1528900;0
2018-09-04;90,8000030517578;91,16999816894533;90,63999938964844;91,12000274658205;1359600;0
2018-09-05;91,0199966430664;91,62999725341795;90,66000366210938;91,54000091552734;1805300;1
2018-09-06;91,05999755859376;91,91999816894533;91,05999755859376;91,87999725341795;1736600;0
2018-09-07;91,80999755859376;92,36000061035156;91,5999984741211;91,80999755859376;2015500;0
2018-09-10;92,0199966430664;92,2699966430664;91,86000061035156;91,94000244140624;2633400;0
2018-09-11;91,73999786376952;92,66999816894533;91,73999786376952;92,33999633789062;1699100;0
2018-09-12;92,36000061035156;92,41000366210938;91,68000030517578;91,75;2235200;0
2018-09-13;92,01000213623048;92,11000061035156;91,47000122070312;92,02999877929688;1065400;0
2018-09-14;91,95999908447266;92,1500015258789;91,48999786376952;92,02999877929688;1106300;0
2018-09-17;92,12999725341795;92,31999969482422;91,62000274658205;92,11000061035156;789700;0
2018-09-18;92,31999969482422;92,8499984741211;92,11000061035156;92,51000213623048;1697800;0
2018-09-19;92,12000274658205;92,23999786376952;91,05999755859376;91,20999908447266;1511900;0
2018-09-20;91,47000122070312;91,95999908447266;91,27999877929688;91,72000122070312;1163400;0
2018-09-21;92,04000091552734;92,04000091552734;91,4000015258789;91,41999816894533;2244900;0
2018-09-24;91,41999816894533;91,47000122070312;90,33000183105467;90,51000213623048;1204700;0
2018-09-25;90,76000213623048;90,91000366210938;90,22000122070312;90,37999725341795;1448700;0
2018-09-26;90,3499984741211;90,48999786376952;89,66000366210938;89,7699966430664;1601000;0
2018-09-27;89,88999938964844;90,55999755859376;89,6500015258789;89,8499984741211;1446100;0
2018-09-28;89,80000305175781;90,44000244140624;89,7300033569336;90,36000061035156;2213600;0
2018-10-01;90,7699966430664;90,81999969482422;90,08000183105467;90,16999816894533;910800;0
2018-10-02;90,19000244140624;90,36000061035156;89,73999786376953;89,93000030517578;1101200;2
2018-10-03;90,12000274658205;90,41000366210938;89,23999786376953;89,51000213623047;1167800;0
2018-10-04;89,19999694824219;89,44999694824219;88,47000122070312;89,02999877929688;1235500;0
2018-10-05;89,31999969482422;90,29000091552734;89,0999984741211;89,95999908447266;1833900;0
2018-10-08;89,9000015258789;91,0500030517578;89,87000274658203;90,87999725341795;2166900;0
2018-10-09;90,81999969482422;91,66000366210938;90,48999786376952;91,2699966430664;2248800;0
2018-10-10;90,8000030517578;91,41000366210938;90,18000030517578;90,3000030517578;4325200;0
2018-10-11;90,29000091552734;90,7300033569336;88,01000213623047;88,04000091552734;2726400;0
2018-10-12;88,81999969482422;89,0;87,79000091552734;88,55000305175781;2728100;0
2018-10-15;88,37999725341797;89,12000274658203;88,30999755859375;88,43000030517578;2259000;0
2018-10-16;88,79000091552734;90,31999969482422;88,61000061035156;90,25;1195900;0
2018-10-17;90,25;90,69000244140624;89,30000305175781;90,13999938964844;1160500;0
2018-10-18;90,3499984741211;90,70999908447266;89,66999816894531;90,11000061035156;1482100;0
2018-10-19;90,05999755859375;90,79000091552734;90,05999755859375;90,44000244140624;1376100;0
2018-10-22;90,83999633789062;90,87000274658205;89,63999938964844;89,91999816894531;2180800;0
2018-10-23;89,0199966430664;89,29000091552734;87,58000183105469;88,37999725341797;1785300;0
2018-10-24;88,05000305175781;88,30999755859375;86,94000244140625;87,22000122070312;2050500;0
2018-10-25;87,19999694824219;87,91999816894531;83,22000122070312;84,83999633789062;2942400;0
2018-10-26;84,23999786376953;85,3499984741211;83,27999877929688;84,93000030517578;3062700;0
2018-10-29;85,80000305175781;87,37000274658203;85,58000183105469;86,41000366210938;3035200;0
2018-10-30;86,75;88,95999908447266;86,56999969482422;88,81999969482422;2636600;0
2018-10-31;89,11000061035156;90,12999725341795;88,2699966430664;89,47000122070312;2025000;0
2018-11-01;89,66000366210938;89,93000030517578;88,06999969482422;88,08999633789062;2732400;0
2018-11-02;88,26000213623047;88,26000213623047;86,37000274658203;87,0;2377800;0
2018-11-05;87,33000183105469;88,36000061035156;87,19999694824219;87,77999877929688;2522600;0
2018-11-06;87,94000244140625;88,19000244140625;86,61000061035156;87,83000183105469;2049800;0
2018-11-07;88,30000305175781;89,44999694824219;87,8499984741211;89,43000030517578;2581700;0
2018-11-08;89,48999786376953;90,29000091552734;89,2300033569336;89,88999938964844;2532100;0
2018-11-09;89,7300033569336;90,72000122070312;89,7300033569336;90,45999908447266;1709500;0
2018-11-12;90,5999984741211;91,81999969482422;90,45999908447266;90,86000061035156;1858600;0
2018-11-13;91,08999633789062;91,48999786376952;90,27999877929688;90,77999877929688;1612600;0
2018-11-14;90,91000366210938;91,63999938964844;90,44000244140624;91,01000213623048;2470500;0
2018-11-15;90,41999816894533;92,05999755859376;89,69999694824219;91,9800033569336;1994800;0
2018-11-16;91,7699966430664;92,77999877929688;91,7300033569336;92,62000274658205;2351800;0
2018-11-19;92,62000274658205;93,29000091552734;92,1999969482422;92,6500015258789;1930300;0
2018-11-20;92,43000030517578;92,80999755859376;91,33000183105467;91,4499969482422;1788400;0
2018-11-21;91,62999725341795;91,62999725341795;90,86000061035156;91,11000061035156;2296600;0
2018-11-23;90,94000244140624;91,5;90,26000213623048;90,83999633789062;431200;0
2018-11-26;91,30999755859376;91,87000274658205;90,79000091552734;91,44000244140624;1093900;0
2018-11-27;91,25;91,5500030517578;90,62000274658205;91,41000366210938;1600100;0
2018-11-28;91,66000366210938;92,95999908447266;91,41000366210938;92,80999755859376;1584600;0
2018-11-29;92,4000015258789;93,16000366210938;92,12000274658205;92,72000122070312;1118600;0
2018-11-30;93,08999633789062;94,08000183105467;92,88999938964844;93,75;2505000;0
2018-12-03;94,4000015258789;94,5;92,29000091552734;93,08000183105467;3700400;0
2018-12-04;94,25;95,48999786376952;92,4499969482422;92,62000274658205;4166700;0
2018-12-06;92,22000122070312;92,86000061035156;90,37000274658205;92,86000061035156;2898800;0
2018-12-07;92,70999908447266;93,52999877929688;90,88999938964844;91,20999908447266;1824600;0
2018-12-10;91,44000244140624;91,48999786376952;90,0199966430664;91,2699966430664;1721800;0
2018-12-11;92,19000244140624;92,4800033569336;91,16000366210938;91,47000122070312;1710500;0
2018-12-12;92,06999969482422;92,5999984741211;90,80999755859376;90,88999938964844;2229600;0
2018-12-13;90,81999969482422;91,56999969482422;90,58999633789062;91,37999725341795;1644300;0
2018-12-14;90,86000061035156;91,7300033569336;90,69000244140624;91,13999938964844;1823100;0
2018-12-17;91,1500015258789;91,22000122070312;88,62000274658203;89,05000305175781;3171700;0
2018-12-18;89,63999938964844;90,02999877929688;88,69999694824219;89,19000244140625;2340700;0
2018-12-19;88,9800033569336;89,62999725341797;87,3499984741211;87,91999816894531;2733600;0
2018-12-20;87,77999877929688;88,33000183105469;86,69000244140625;87,94999694824219;2975000;0
2018-12-21;87,98999786376953;89,12999725341797;87,55000305175781;88,01000213623047;4580000;0
2018-12-24;87,58999633789062;87,58999633789062;83,68000030517578;83,69999694824219;1441500;0
2018-12-26;84,0;86,94000244140625;83,48999786376953;86,94000244140625;1480300;0
2018-12-27;86,30000305175781;88,12999725341797;85,30000305175781;88,0999984741211;2007300;0
2018-12-28;88,5;89,37000274658203;87,5;87,94999694824219;1642600;0
2018-12-31;88,31999969482422;89,01000213623047;88,02999877929688;88,98999786376953;1281100;0
2019-01-02;88,0999984741211;88,76000213623047;87,43000030517578;88,72000122070312;1919100;0
2019-01-03;88,23999786376953;88,83999633789062;87,31999969482422;88,4800033569336;3343700;1
2019-01-04;89,0;90,86000061035156;89,0;90,83000183105467;2433700;0
2019-01-07;90,61000061035156;91,76000213623048;90,4499969482422;91,0500030517578;2859400;0
2019-01-08;91,44000244140624;92,47000122070312;90,9800033569336;92,33999633789062;2164000;0
2019-01-09;92,16000366210938;92,45999908447266;91,19000244140624;91,87000274658205;1938900;0
2019-01-10;92,5500030517578;93,25;91,6999969482422;93,19000244140624;1771500;0
2019-01-11;93,26000213623048;93,66000366210938;92,87999725341795;93,6500015258789;1785100;0
2019-01-14;93,08000183105467;93,70999908447266;92,56999969482422;93,11000061035156;1771200;0
2019-01-15;93,2300033569336;93,87999725341795;93,18000030517578;93,77999877929688;1087400;0
2019-01-16;93,83000183105467;93,8499984741211;92,4800033569336;92,6999969482422;1950600;0
2019-01-17;92,5;93,33000183105467;92,48999786376952;93,31999969482422;1741400;0
2019-01-18;93,56999969482422;94,77999877929688;93,08000183105467;94,47000122070312;2284200;0
2019-01-22;94,31999969482422;95,1999969482422;93,83999633789062;94,87999725341795;2202500;0
2019-01-23;94,97000122070312;95,1500015258789;94,47000122070312;94,91000366210938;1297500;0
2019-01-24;94,9000015258789;95,08000183105467;94,20999908447266;94,41000366210938;1649200;0
2019-01-25;94,87000274658205;95,5;94,54000091552734;94,9000015258789;1878900;0
2019-01-28;94,43000030517578;94,88999938964844;93,8499984741211;94,5;1332300;0
2019-01-29;94,55999755859376;95,6500015258789;94,33999633789062;94,76000213623048;1527300;0
2019-01-30;95,08000183105467;95,2300033569336;93,9800033569336;94,94000244140624;2596600;0
2019-01-31;95,0999984741211;96,1500015258789;94,4800033569336;95,66999816894533;3409700;0
2019-02-01;96,0;96,25;95,08999633789062;95,47000122070312;1937300;0
2019-02-04;95,3499984741211;96,0;94,87999725341795;96,0;1508500;0
2019-02-05;96,2699966430664;97,22000122070312;96,22000122070312;97,20999908447266;2099400;0
2019-02-06;97,04000091552734;97,04000091552734;96,2300033569336;96,66000366210938;1624700;0
2019-02-07;96,0199966430664;96,91999816894533;95,98999786376952;96,88999938964844;1433600;0
2019-02-08;96,48999786376952;97,41999816894533;95,93000030517578;97,41999816894533;1862600;0
2019-02-11;97,66999816894533;98,54000091552734;97,08000183105467;97,37000274658205;1722200;0
2019-02-12;97,68000030517578;98,69000244140624;97,4800033569336;98,6500015258789;1515400;0
2019-02-13;98,63999938964844;98,98999786376952;97,9800033569336;98,55999755859376;1968000;0
2019-02-14;97,5;100,0;97,22000122070312;98,83999633789062;2285000;0
2019-02-15;99,9000015258789;100,16000366210938;98,62000274658205;99,05999755859376;2412100;0
2019-02-19;99,0;99,22000122070312;98,58000183105467;99,08000183105467;2185100;1
2019-02-20;99,2300033569336;99,25;98,7300033569336;99,18000030517578;1793800;0
2019-02-21;99,23999786376952;99,5;98,7699966430664;99,31999969482422;1635000;0
2019-02-22;99,31999969482422;99,81999969482422;99,02999877929688;99,7300033569336;1212100;0
2019-02-25;100,0;100,13999938964844;99,23999786376952;99,3000030517578;1295300;0
2019-02-26;99,5199966430664;99,94000244140624;99,23999786376952;99,43000030517578;1316900;0
2019-02-27;99,20999908447266;100,3499984741211;99,20999908447266;100,23999786376952;1284400;0
2019-02-28;100,29000091552734;101,3499984741211;100,20999908447266;101,25;2129800;0
2019-03-01;101,5199966430664;101,77999877929688;100,5500030517578;101,0;1610300;0
2019-03-04;101,51000213623048;101,6500015258789;99,69000244140624;100,23999786376952;1641600;0
2019-03-05;100,1999969482422;100,62000274658205;99,70999908447266;99,70999908447266;1561700;0
2019-03-06;99,8000030517578;100,4000015258789;99,6999969482422;99,80999755859376;1539800;0
2019-03-07;99,2699966430664;99,83000183105467;98,9000015258789;99,6999969482422;1946800;0
2019-03-08;99,11000061035156;99,4499969482422;98,19000244140624;98,9499969482422;1306000;0
2019-03-11;98,91999816894533;99,87999725341795;98,9000015258789;99,8499984741211;1784500;0
2019-03-12;100,0;100,6500015258789;99,55999755859376;100,51000213623048;1693400;0
2019-03-13;100,87000274658205;101,0999984741211;100,47000122070312;101,08000183105467;1255200;0
2019-03-14;101,0999984741211;101,22000122070312;100,5;101,16000366210938;1196900;0
2019-03-15;101,02999877929688;101,4000015258789;100,33999633789062;100,97000122070312;5058700;0
2019-03-18;100,86000061035156;101,4499969482422;100,56999969482422;101,4000015258789;1623300;0
2019-03-19;101,47000122070312;101,9499969482422;100,81999969482422;101,26000213623048;1176600;0
2019-03-20;101,3000030517578;101,5500030517578;100,66999816894533;100,8000030517578;1522800;0
2019-03-21;100,76000213623048;102,0999984741211;100,5999984741211;101,9499969482422;964700;0
2019-03-22;101,7300033569336;102,63999938964844;101,41000366210938;101,9000015258789;1531600;0
2019-03-25;102,12999725341795;103,13999938964844;101,91000366210938;102,18000030517578;1459300;0
2019-03-26;102,6999969482422;103,52999877929688;102,47000122070312;103,48999786376952;1490400;0
2019-03-27;103,41000366210938;103,94000244140624;102,61000061035156;102,9499969482422;1371200;0
2019-03-28;103,12999725341795;103,66999816894533;102,9800033569336;103,43000030517578;968600;0
2019-03-29;103,88999938964844;104,0;103,33000183105467;103,91000366210938;1977000;0
2019-04-01;104,58000183105467;104,8000030517578;103,01000213623048;104,0199966430664;1419100;0
2019-04-02;104,02999877929688;104,33999633789062;103,4800033569336;104,0;1150700;0
2019-04-03;104,06999969482422;104,51000213623048;103,41000366210938;104,0199966430664;1986600;0
2019-04-04;102,97000122070312;103,5500030517578;101,94000244140624;102,0;1670000;2
2019-04-05;102,1500015258789;102,41000366210938;101,94000244140624;102,1999969482422;2490100;0
2019-04-08;102,19000244140624;102,23999786376952;100,93000030517578;102,08999633789062;2834800;0
2019-04-09;101,95999908447266;102,12999725341795;101,33999633789062;101,63999938964844;1345800;0
2019-04-10;102,37999725341795;103,0999984741211;101,75;102,93000030517578;1882000;0
2019-04-11;100,16000366210938;100,80999755859376;97,5500030517578;100,56999969482422;3433500;0
2019-04-12;101,04000091552734;101,81999969482422;100,47000122070312;101,79000091552734;1232800;0
2019-04-15;105,29000091552734;105,68000030517578;103,13999938964844;104,26000213623048;2907600;0
2019-04-16;104,68000030517578;104,87000274658205;103,97000122070312;104,44000244140624;1373400;0
2019-04-17;104,91000366210938;105,61000061035156;104,5;105,1500015258789;1717700;0
2019-04-18;105,26000213623048;106,01000213623048;104,81999969482422;105,77999877929688;2195400;0
2019-04-22;105,48999786376952;106,0500030517578;105,1500015258789;105,75;1292300;0
2019-04-23;105,66999816894533;106,2699966430664;105,06999969482422;106,22000122070312;1560500;0
2019-04-24;106,18000030517578;106,79000091552734;105,79000091552734;106,11000061035156;1703700;0
2019-04-25;107,0;107,25;105,36000061035156;105,5199966430664;1600400;0
2019-04-26;105,7699966430664;106,37000274658205;105,41999816894533;105,81999969482422;1067400;0
2019-04-29;105,9000015258789;106,70999908447266;105,9000015258789;106,4499969482422;1294700;0
2019-04-30;106,76000213623048;107,4499969482422;106,04000091552734;107,33999633789062;1410000;0
2019-05-01;107,25;107,26000213623048;105,97000122070312;106,0500030517578;964000;0
2019-05-02;105,9000015258789;106,33999633789062;105,33000183105467;106,16999816894533;1323600;0
2019-05-03;106,47000122070312;106,62000274658205;105,81999969482422;106,4000015258789;1677400;0
2019-05-06;105,33000183105467;106,06999969482422;105,13999938964844;105,88999938964844;1377700;0
2019-05-07;105,27999877929688;105,55999755859376;104,0500030517578;104,72000122070312;1330000;0
2019-05-08;104,58999633789062;105,4499969482422;104,3000030517578;104,81999969482422;1079800;0
2019-05-09;104,4000015258789;105,23999786376952;103,83999633789062;105,22000122070312;1011100;0
2019-05-10;105,08000183105467;107,2300033569336;104,5999984741211;106,98999786376952;1565500;0
2019-05-13;105,76000213623048;106,6999969482422;105,27999877929688;106,5;1543400;0
2019-05-14;106,88999938964844;107,4800033569336;106,22000122070312;106,26000213623048;1586400;0
2019-05-15;106,22000122070312;107,54000091552734;105,75;107,29000091552734;1277600;0
2019-05-16;107,7300033569336;108,75;107,31999969482422;108,0;1210000;0
2019-05-17;107,37000274658205;108,91000366210938;107,33999633789062;108,12999725341795;1362400;0
2019-05-20;107,87999725341795;108,91999816894533;107,6999969482422;108,4000015258789;1372600;0
2019-05-21;109,0999984741211;109,5999984741211;108,83000183105467;109,29000091552734;1338100;0
2019-05-22;109,26000213623048;109,66000366210938;108,83999633789062;109,43000030517578;1447500;0
2019-05-23;109,0999984741211;109,63999938964844;108,72000122070312;109,58999633789062;1412100;0
2019-05-24;109,72000122070312;109,98999786376952;108,33999633789062;108,43000030517578;1200100;0
2019-05-28;108,81999969482422;109,0;107,75;108,16999816894533;3224300;0
2019-05-29;107,70999908447266;107,9499969482422;106,69000244140624;107,23999786376952;2009600;0
2019-05-30;107,25;108,70999908447266;107,0;108,41000366210938;2161900;0
2019-05-31;107,91000366210938;109,52999877929688;107,8000030517578;109,3499984741211;2413100;0
2019-06-03;110,62999725341795;111,83000183105467;110,25;111,37000274658205;2752100;0
2019-06-04;111,5500030517578;111,87999725341795;110,37000274658205;111,4499969482422;2366200;0
2019-06-05;111,41000366210938;113,5;111,33000183105467;113,44000244140624;2220000;0
2019-06-06;113,13999938964844;113,83999633789062;112,62000274658205;113,56999969482422;1974200;0
2019-06-07;114,23999786376952;115,41999816894533;114,0500030517578;114,36000061035156;1566400;0
2019-06-10;114,38999938964844;114,77999877929688;113,5199966430664;113,81999969482422;1458700;0
2019-06-11;114,2300033569336;114,4800033569336;112,55999755859376;113,13999938964844;1398100;0
2019-06-12;113,23999786376952;114,37999725341795;113,1500015258789;114,16000366210938;1259800;0
2019-06-13;114,41000366210938;114,5999984741211;113,2699966430664;113,6500015258789;1309500;0
2019-06-14;113,7699966430664;114,80999755859376;113,11000061035156;114,58000183105467;1345600;0
2019-06-17;114,91000366210938;114,98999786376952;113,94000244140624;113,97000122070312;978700;0
2019-06-18;114,19000244140624;114,66999816894533;113,87999725341795;113,9000015258789;1286300;0
2019-06-19;113,9000015258789;114,7300033569336;113,52999877929688;114,41999816894533;1413600;0
2019-06-20;114,81999969482422;116,29000091552734;114,72000122070312;116,05999755859376;2456900;1
2019-06-21;116,44000244140624;116,80999755859376;115,73999786376952;115,83999633789062;2675600;0
2019-06-24;116,1999969482422;117,13999938964844;115,91999816894533;116,97000122070312;1520400;0
2019-06-25;117,2699966430664;117,33999633789062;116,41000366210938;116,41999816894533;1447500;0
2019-06-26;116,08999633789062;116,4499969482422;114,30999755859376;114,58999633789062;1949800;0
2019-06-27;114,7699966430664;116,01000213623048;114,62999725341795;115,83999633789062;1055300;0
2019-06-28;115,87999725341795;116,33000183105467;115,3499984741211;115,37000274658205;2462500;0
2019-07-01;116,0999984741211;116,30999755859376;114,44000244140624;115,29000091552734;1939000;0
2019-07-02;115,66000366210938;116,11000061035156;115,29000091552734;115,88999938964844;1906900;0
2019-07-03;116,43000030517578;117,2699966430664;116,27999877929688;117,20999908447266;1311100;0
2019-07-05;117,01000213623048;117,20999908447266;116,01000213623048;116,4800033569336;1088800;0
2019-07-08;116,5999984741211;116,98999786376952;116,12000274658205;116,88999938964844;2160000;0
2019-07-09;116,8499984741211;117,1999969482422;116,41000366210938;117,01000213623048;1432300;0
2019-07-10;117,01000213623048;118,11000061035156;116,98999786376952;117,79000091552734;1616400;0
2019-07-11;117,61000061035156;118,0199966430664;116,9499969482422;117,25;1997600;0
2019-07-12;117,77999877929688;118,08999633789062;116,79000091552734;117,91000366210938;1323600;0
2019-07-15;117,95999908447266;118,1500015258789;117,4800033569336;118,02999877929688;1236000;0
2019-07-16;118,0;118,70999908447266;117,7699966430664;118,16999816894533;1433800;0
2019-07-17;118,5;118,88999938964844;118,19000244140624;118,19000244140624;1291400;0
2019-07-18;117,18000030517578;117,98999786376952;116,4499969482422;117,97000122070312;1548900;0
2019-07-19;117,9800033569336;118,02999877929688;116,66000366210938;116,79000091552734;1214600;0
2019-07-22;116,9000015258789;117,41000366210938;116,37000274658205;117,12999725341795;1183200;0
2019-07-23;117,79000091552734;117,97000122070312;116,56999969482422;117,19000244140624;1473900;0
2019-07-24;116,83999633789062;117,0;115,23999786376952;115,8000030517578;2279500;0
2019-07-25;115,8000030517578;117,73999786376952;115,5;116,72000122070312;2341600;0
2019-07-26;116,8000030517578;118,70999908447266;116,4800033569336;118,5;1845600;0
2019-07-29;118,4000015258789;118,63999938964844;117,4800033569336;117,95999908447266;1308500;0
2019-07-30;117,72000122070312;118,66999816894533;117,56999969482422;118,01000213623048;1244000;0
2019-07-31;118,05999755859376;118,4499969482422;115,94000244140624;117,0;1438300;0
2019-08-01;116,98999786376952;118,12999725341795;116,0999984741211;116,25;1717000;0
2019-08-02;116,4000015258789;117,61000061035156;115,9800033569336;116,7300033569336;1612600;0
2019-08-05;115,66000366210938;116,37999725341795;112,87000274658205;113,7699966430664;2909600;0
2019-08-06;114,0;116,22000122070312;113,51000213623048;116,0999984741211;1868800;0
2019-08-07;115,08999633789062;117,45999908447266;114,37000274658205;116,8499984741211;1523100;0
2019-08-08;117,08000183105467;118,66999816894533;116,56999969482422;118,47000122070312;1459100;0
2019-08-09;118,73999786376952;119,55999755859376;118,02999877929688;119,05999755859376;2242400;0
2019-08-12;119,05999755859376;119,20999908447266;117,27999877929688;117,7300033569336;1044000;0
2019-08-13;117,23999786376952;119,4499969482422;117,23999786376952;119,0199966430664;1979800;2
2019-08-14;118,52999877929688;118,80999755859376;115,95999908447266;116,0;3009300;0
2019-08-15;116,3000030517578;118,54000091552734;116,0500030517578;118,1999969482422;2133900;0
2019-08-16;118,66999816894533;119,51000213623048;118,4499969482422;119,12000274658205;1613400;0
2019-08-19;119,54000091552734;120,58000183105467;119,25;120,0199966430664;2770600;0
2019-08-20;119,68000030517578;119,98999786376952;118,04000091552734;118,11000061035156;1566300;0
2019-08-21;118,63999938964844;119,23999786376952;118,27999877929688;118,70999908447266;1479800;0
2019-08-22;118,63999938964844;119,01000213623048;117,8000030517578;118,06999969482422;1358400;0
2019-08-23;117,86000061035156;118,44000244140624;115,36000061035156;115,93000030517578;1987900;0
2019-08-26;116,4000015258789;117,08999633789062;115,80999755859376;117,0500030517578;1586700;0
2019-08-27;117,80999755859376;118,5999984741211;117,41000366210938;117,75;1148300;0
2019-08-28;117,51000213623048;118,4800033569336;116,8000030517578;118,25;1109800;0
2019-08-29;119,0;119,44000244140624;118,06999969482422;119,31999969482422;1132200;0
2019-08-30;120,08999633789062;120,48999786376952;118,95999908447266;119,3499984741211;1149600;0
2019-09-03;119,61000061035156;120,23999786376952;119,0999984741211;119,52999877929688;1204300;0
2019-09-04;120,0;120,73999786376952;119,66999816894533;120,6500015258789;1213800;0
2019-09-05;121,23999786376952;121,7699966430664;118,9000015258789;119,08999633789062;1671100;0
2019-09-06;119,08000183105467;119,68000030517578;118,83999633789062;119,33000183105467;941500;0
2019-09-09;119,33999633789062;119,5;117,37999725341795;117,62000274658205;1427900;0
2019-09-10;116,86000061035156;117,04000091552734;112,16000366210938;113,68000030517578;3654400;2
2019-09-11;113,80999755859376;114,37999725341795;111,12999725341795;112,22000122070312;2830500;0
2019-09-12;112,69000244140624;113,87999725341795;112,51000213623048;113,06999969482422;1726700;0
2019-09-13;113,4800033569336;114,3499984741211;111,79000091552734;111,9499969482422;1661200;0
2019-09-16;111,55999755859376;112,01000213623048;111,0999984741211;111,9000015258789;2077800;0
2019-09-17;112,44000244140624;114,18000030517578;112,1999969482422;113,86000061035156;2547500;0
