;Date;Equity;DrawdownPct;DrawdownDuration
0;2008-01-02;10000000,0;0,0;
1;2008-01-03;10000000,0;0,0;
2;2008-01-04;10000000,0;0,0;
3;2008-01-07;10000000,0;0,0;
4;2008-01-08;10000000,0;0,0;
5;2008-01-09;10000000,0;0,0;
6;2008-01-10;10000000,0;0,0;
7;2008-01-11;10000000,0;0,0;
8;2008-01-14;10000000,0;0,0;
9;2008-01-15;10000000,0;0,0;
10;2008-01-16;10000000,0;0,0;
11;2008-01-17;10000000,0;0,0;
12;2008-01-18;10000000,0;0,0;
13;2008-01-22;10000000,0;0,0;
14;2008-01-23;10000000,0;0,0;
15;2008-01-24;10000000,0;0,0;
16;2008-01-25;10000000,0;0,0;
17;2008-01-28;10000000,0;0,0;
18;2008-01-29;10000000,0;0,0;
19;2008-01-30;10000000,0;0,0;
20;2008-01-31;10000000,0;0,0;
21;2008-02-01;10000000,0;0,0;
22;2008-02-04;10000000,0;0,0;
23;2008-02-05;10000000,0;0,0;
24;2008-02-06;10000000,0;0,0;
25;2008-02-07;10000000,0;0,0;
26;2008-02-08;10000000,0;0,0;
27;2008-02-11;10000000,0;0,0;
28;2008-02-12;10000000,0;0,0;
29;2008-02-13;10000000,0;0,0;
30;2008-02-14;10000000,0;0,0;
31;2008-02-15;10000000,0;0,0;
32;2008-02-19;10000000,0;0,0;
33;2008-02-20;10000000,0;0,0;
34;2008-02-21;10000000,0;0,0;
35;2008-02-22;10000000,0;0,0;
36;2008-02-25;10000000,0;0,0;
37;2008-02-26;10000000,0;0,0;
38;2008-02-27;10000000,0;0,0;
39;2008-02-28;10000000,0;0,0;
40;2008-02-29;10000000,0;0,0;
41;2008-03-03;10000000,0;0,0;
42;2008-03-04;10000000,0;0,0;
43;2008-03-05;10000000,0;0,0;
44;2008-03-06;10000000,0;0,0;
45;2008-03-07;10000000,0;0,0;
46;2008-03-10;10000000,0;0,0;
47;2008-03-11;10000000,0;0,0;
48;2008-03-12;10000000,0;0,0;
49;2008-03-13;10000000,0;0,0;
50;2008-03-14;10000000,0;0,0;
51;2008-03-17;10000000,0;0,0;
52;2008-03-18;10000000,0;0,0;
53;2008-03-19;10000000,0;0,0;
54;2008-03-20;10000000,0;0,0;
55;2008-03-24;10000000,0;0,0;
56;2008-03-25;10000000,0;0,0;
57;2008-03-26;10000000,0;0,0;
58;2008-03-27;10000000,0;0,0;
59;2008-03-28;10000000,0;0,0;
60;2008-03-31;10000000,0;0,0;
61;2008-04-01;10000000,0;0,0;
62;2008-04-02;10000000,0;0,0;
63;2008-04-03;10000000,0;0,0;
64;2008-04-04;10000000,0;0,0;
65;2008-04-07;10000000,0;0,0;
66;2008-04-08;10000000,0;0,0;
67;2008-04-09;10000000,0;0,0;
68;2008-04-10;10000000,0;0,0;
69;2008-04-11;10000000,0;0,0;
70;2008-04-14;10000000,0;0,0;
71;2008-04-15;10000000,0;0,0;
72;2008-04-16;10000000,0;0,0;
73;2008-04-17;10000000,0;0,0;
74;2008-04-18;10000000,0;0,0;
75;2008-04-21;10000000,0;0,0;
76;2008-04-22;10000000,0;0,0;
77;2008-04-23;10000000,0;0,0;
78;2008-04-24;10000000,0;0,0;
79;2008-04-25;10000000,0;0,0;
80;2008-04-28;10000000,0;0,0;
81;2008-04-29;10000000,0;0,0;
82;2008-04-30;10000000,0;0,0;
83;2008-05-01;10000000,0;0,0;
84;2008-05-02;10000000,0;0,0;
85;2008-05-05;10000000,0;0,0;
86;2008-05-06;10000000,0;0,0;
87;2008-05-07;10000000,0;0,0;
88;2008-05-08;10000000,0;0,0;
89;2008-05-09;10000000,0;0,0;
90;2008-05-12;10000000,0;0,0;
91;2008-05-13;10000000,0;0,0;
92;2008-05-14;10000000,0;0,0;
93;2008-05-15;10000000,0;0,0;
94;2008-05-16;10000000,0;0,0;
95;2008-05-19;10000000,0;0,0;
96;2008-05-20;10000000,0;0,0;
97;2008-05-21;10000000,0;0,0;
98;2008-05-22;10000000,0;0,0;
99;2008-05-23;10000000,0;0,0;
100;2008-05-27;10000000,0;0,0;
101;2008-05-28;10000000,0;0,0;
102;2008-05-29;10000000,0;0,0;
103;2008-05-30;10000000,0;0,0;
104;2008-06-02;10000000,0;0,0;
105;2008-06-03;10000000,0;0,0;
106;2008-06-04;10000000,0;0,0;
107;2008-06-05;10000000,0;0,0;
108;2008-06-06;10000000,0;0,0;
109;2008-06-09;10000000,0;0,0;
110;2008-06-10;10000000,0;0,0;
111;2008-06-11;10000000,0;0,0;
112;2008-06-12;10000000,0;0,0;
113;2008-06-13;10000000,0;0,0;
114;2008-06-16;10000000,0;0,0;
115;2008-06-17;10000000,0;0,0;
116;2008-06-18;10000000,0;0,0;
117;2008-06-19;10000000,0;0,0;
118;2008-06-20;10000000,0;0,0;
119;2008-06-23;10000000,0;0,0;
120;2008-06-24;10000000,0;0,0;
121;2008-06-25;10000000,0;0,0;
122;2008-06-26;10000000,0;0,0;
123;2008-06-27;10000000,0;0,0;
124;2008-06-30;10000000,0;0,0;
125;2008-07-01;10000000,0;0,0;
126;2008-07-02;10000000,0;0,0;
127;2008-07-03;10000000,0;0,0;
128;2008-07-07;10000000,0;0,0;
129;2008-07-08;10000000,0;0,0;
130;2008-07-09;10000000,0;0,0;
131;2008-07-10;10000000,0;0,0;
132;2008-07-11;10000000,0;0,0;
133;2008-07-14;10000000,0;0,0;
134;2008-07-15;10000000,0;0,0;
135;2008-07-16;10000000,0;0,0;
136;2008-07-17;10000000,0;0,0;
137;2008-07-18;10000000,0;0,0;
138;2008-07-21;10000000,0;0,0;
139;2008-07-22;10000000,0;0,0;
140;2008-07-23;10000000,0;0,0;
141;2008-07-24;10000000,0;0,0;
142;2008-07-25;10000000,0;0,0;
143;2008-07-28;10000000,0;0,0;
144;2008-07-29;10000000,0;0,0;
145;2008-07-30;10000000,0;0,0;
146;2008-07-31;10000000,0;0,0;
147;2008-08-01;10000000,0;0,0;
148;2008-08-04;10000000,0;0,0;
149;2008-08-05;10000000,0;0,0;
150;2008-08-06;10000000,0;0,0;
151;2008-08-07;10000000,0;0,0;
152;2008-08-08;10000000,0;0,0;
153;2008-08-11;10000000,0;0,0;
154;2008-08-12;10000000,0;0,0;
155;2008-08-13;10000000,0;0,0;
156;2008-08-14;10000000,0;0,0;
157;2008-08-15;10000000,0;0,0;
158;2008-08-18;10000000,0;0,0;
159;2008-08-19;10000000,0;0,0;
160;2008-08-20;10000000,0;0,0;
161;2008-08-21;10000000,0;0,0;
162;2008-08-22;10000000,0;0,0;
163;2008-08-25;10000000,0;0,0;
164;2008-08-26;10000000,0;0,0;
165;2008-08-27;10000000,0;0,0;
166;2008-08-28;10000000,0;0,0;
167;2008-08-29;10000000,0;0,0;
168;2008-09-02;10000000,0;0,0;
169;2008-09-03;10000000,0;0,0;
170;2008-09-04;10000000,0;0,0;
171;2008-09-05;10000000,0;0,0;
172;2008-09-08;10000000,0;0,0;
173;2008-09-09;10000000,0;0,0;
174;2008-09-10;10000000,0;0,0;
175;2008-09-11;10000000,0;0,0;
176;2008-09-12;10000000,0;0,0;
177;2008-09-15;10000000,0;0,0;
178;2008-09-16;10000000,0;0,0;
179;2008-09-17;10000000,0;0,0;
180;2008-09-18;10000000,0;0,0;
181;2008-09-19;10000000,0;0,0;
182;2008-09-22;10000000,0;0,0;
183;2008-09-23;10000000,0;0,0;
184;2008-09-24;10000000,0;0,0;
185;2008-09-25;10000000,0;0,0;
186;2008-09-26;10000000,0;0,0;
187;2008-09-29;10000000,0;0,0;
188;2008-09-30;10000000,0;0,0;
189;2008-10-01;10000000,0;0,0;
190;2008-10-02;10000000,0;0,0;
191;2008-10-03;10000000,0;0,0;
192;2008-10-06;10000000,0;0,0;
193;2008-10-07;10000000,0;0,0;
194;2008-10-08;10000000,0;0,0;
195;2008-10-09;10000000,0;0,0;
196;2008-10-10;10000000,0;0,0;
197;2008-10-13;10000000,0;0,0;
198;2008-10-14;10000000,0;0,0;
199;2008-10-15;10000000,0;0,0;
200;2008-10-16;10000000,0;0,0;
201;2008-10-17;10000000,0;0,0;
202;2008-10-20;10000000,0;0,0;
203;2008-10-21;10000000,0;0,0;
204;2008-10-22;10000000,0;0,0;
205;2008-10-23;10000000,0;0,0;
206;2008-10-24;10000000,0;0,0;
207;2008-10-27;10000000,0;0,0;
208;2008-10-28;10000000,0;0,0;
209;2008-10-29;10000000,0;0,0;
210;2008-10-30;10000000,0;0,0;
211;2008-10-31;10000000,0;0,0;
212;2008-11-03;10000000,0;0,0;
213;2008-11-04;10000000,0;0,0;
214;2008-11-05;10000000,0;0,0;
215;2008-11-06;10000000,0;0,0;
216;2008-11-07;10000000,0;0,0;
217;2008-11-10;10000000,0;0,0;
218;2008-11-11;10000000,0;0,0;
219;2008-11-12;10000000,0;0,0;
220;2008-11-13;10000000,0;0,0;
221;2008-11-14;10000000,0;0,0;
222;2008-11-17;10000000,0;0,0;
223;2008-11-18;10000000,0;0,0;
224;2008-11-19;10000000,0;0,0;
225;2008-11-20;10000000,0;0,0;
226;2008-11-21;10000000,0;0,0;
227;2008-11-24;10000000,0;0,0;
228;2008-11-25;10000000,0;0,0;
229;2008-11-26;10000000,0;0,0;
230;2008-11-28;10000000,0;0,0;
231;2008-12-01;10000000,0;0,0;
232;2008-12-02;10000000,0;0,0;
233;2008-12-03;10000000,0;0,0;
234;2008-12-04;10000000,0;0,0;
235;2008-12-05;10000000,0;0,0;
236;2008-12-08;10433677,45;0,0;
237;2008-12-09;10228028,357707214;0,019710125531318345;
238;2008-12-10;10228028,357707214;0,019710125531318345;
239;2008-12-11;10228028,357707214;0,019710125531318345;
240;2008-12-12;10228028,357707214;0,019710125531318345;
241;2008-12-15;10228028,357707214;0,019710125531318345;
242;2008-12-16;10228028,357707214;0,019710125531318345;
243;2008-12-17;10228028,357707214;0,019710125531318345;
244;2008-12-18;10228028,357707214;0,019710125531318345;
245;2008-12-19;10228028,357707214;0,019710125531318345;
246;2008-12-22;10228028,357707214;0,019710125531318345;
247;2008-12-23;10228028,357707214;0,019710125531318345;
248;2008-12-24;10228028,357707214;0,019710125531318345;
249;2008-12-26;10228028,357707214;0,019710125531318345;
250;2008-12-29;10228028,357707214;0,019710125531318345;
251;2008-12-30;10228028,357707214;0,019710125531318345;
252;2008-12-31;10228028,357707214;0,019710125531318345;
253;2009-01-02;10228028,357707214;0,019710125531318345;
254;2009-01-05;10228028,357707214;0,019710125531318345;
255;2009-01-06;10228028,357707214;0,019710125531318345;
256;2009-01-07;10228028,357707214;0,019710125531318345;
257;2009-01-08;10228028,357707214;0,019710125531318345;
258;2009-01-09;10228028,357707214;0,019710125531318345;
259;2009-01-12;10228028,357707214;0,019710125531318345;
260;2009-01-13;10228028,357707214;0,019710125531318345;
261;2009-01-14;10228028,357707214;0,019710125531318345;
262;2009-01-15;10228028,357707214;0,019710125531318345;
263;2009-01-16;10228028,357707214;0,019710125531318345;
264;2009-01-20;10228028,357707214;0,019710125531318345;
265;2009-01-21;10228028,357707214;0,019710125531318345;
266;2009-01-22;10228028,357707214;0,019710125531318345;
267;2009-01-23;10228028,357707214;0,019710125531318345;
268;2009-01-26;10228028,357707214;0,019710125531318345;
269;2009-01-27;10228028,357707214;0,019710125531318345;
270;2009-01-28;10228028,357707214;0,019710125531318345;
271;2009-01-29;10228028,357707214;0,019710125531318345;
272;2009-01-30;10228028,357707214;0,019710125531318345;
273;2009-02-02;10228028,357707214;0,019710125531318345;
274;2009-02-03;10228028,357707214;0,019710125531318345;
275;2009-02-04;10228028,357707214;0,019710125531318345;
276;2009-02-05;10228028,357707214;0,019710125531318345;
277;2009-02-06;10228028,357707214;0,019710125531318345;
278;2009-02-09;10228028,357707214;0,019710125531318345;
279;2009-02-10;10228028,357707214;0,019710125531318345;
280;2009-02-11;10228028,357707214;0,019710125531318345;
281;2009-02-12;10228028,357707214;0,019710125531318345;
282;2009-02-13;10228028,357707214;0,019710125531318345;
283;2009-02-17;10228028,357707214;0,019710125531318345;
284;2009-02-18;10228028,357707214;0,019710125531318345;
285;2009-02-19;10228028,357707214;0,019710125531318345;
286;2009-02-20;10228028,357707214;0,019710125531318345;
287;2009-02-23;10228028,357707214;0,019710125531318345;
288;2009-02-24;10228028,357707214;0,019710125531318345;
289;2009-02-25;10228028,357707214;0,019710125531318345;
290;2009-02-26;10228028,357707214;0,019710125531318345;
291;2009-02-27;10228028,357707214;0,019710125531318345;
292;2009-03-02;10228028,357707214;0,019710125531318345;
293;2009-03-03;10228028,357707214;0,019710125531318345;
294;2009-03-04;10228028,357707214;0,019710125531318345;
295;2009-03-05;10228028,357707214;0,019710125531318345;
296;2009-03-06;10228028,357707214;0,019710125531318345;
297;2009-03-09;10228028,357707214;0,019710125531318345;
298;2009-03-10;10228028,357707214;0,019710125531318345;
299;2009-03-11;10228028,357707214;0,019710125531318345;
300;2009-03-12;10228028,357707214;0,019710125531318345;
301;2009-03-13;10228028,357707214;0,019710125531318345;
302;2009-03-16;10228028,357707214;0,019710125531318345;
303;2009-03-17;10228028,357707214;0,019710125531318345;
304;2009-03-18;10228028,357707214;0,019710125531318345;
305;2009-03-19;10228028,357707214;0,019710125531318345;
306;2009-03-20;10228028,357707214;0,019710125531318345;
307;2009-03-23;10228028,357707214;0,019710125531318345;
308;2009-03-24;10228028,357707214;0,019710125531318345;
309;2009-03-25;10228028,357707214;0,019710125531318345;
310;2009-03-26;10228028,357707214;0,019710125531318345;
311;2009-03-27;10177591,26781192;0,024544191960628292;
312;2009-03-30;9949420,766465332;0,04641284780513;
313;2009-03-31;9949420,766465332;0,04641284780513;
314;2009-04-01;9949420,766465332;0,04641284780513;
315;2009-04-02;9949420,766465332;0,04641284780513;
316;2009-04-03;9949420,766465332;0,04641284780513;
317;2009-04-06;9949420,766465332;0,04641284780513;
318;2009-04-07;9949420,766465332;0,04641284780513;
319;2009-04-08;9949420,766465332;0,04641284780513;
320;2009-04-09;9949420,766465332;0,04641284780513;
321;2009-04-13;9949420,766465332;0,04641284780513;
322;2009-04-14;9949420,766465332;0,04641284780513;
323;2009-04-15;9949420,766465332;0,04641284780513;
324;2009-04-16;9949420,766465332;0,04641284780513;
325;2009-04-17;9949420,766465332;0,04641284780513;
326;2009-04-20;9949420,766465332;0,04641284780513;
327;2009-04-21;9949420,766465332;0,04641284780513;
328;2009-04-22;9949420,766465332;0,04641284780513;
329;2009-04-23;9949420,766465332;0,04641284780513;
330;2009-04-24;9949420,766465332;0,04641284780513;
331;2009-04-27;9949420,766465332;0,04641284780513;
332;2009-04-28;9949420,766465332;0,04641284780513;
333;2009-04-29;9949420,766465332;0,04641284780513;
334;2009-04-30;9949420,766465332;0,04641284780513;
335;2009-05-01;9949420,766465332;0,04641284780513;
336;2009-05-04;9949420,766465332;0,04641284780513;
337;2009-05-05;9949420,766465332;0,04641284780513;
338;2009-05-06;9949420,766465332;0,04641284780513;
339;2009-05-07;9949420,766465332;0,04641284780513;
340;2009-05-08;9949420,766465332;0,04641284780513;
341;2009-05-11;9949420,766465332;0,04641284780513;
342;2009-05-12;9949420,766465332;0,04641284780513;
343;2009-05-13;9949420,766465332;0,04641284780513;
344;2009-05-14;9918447,683270646;0,049381416015438884;
345;2009-05-15;10012237,91536255;0,04039223338626874;
346;2009-05-18;9570872,736281587;0,08269420996126464;
347;2009-05-19;9576389,932557298;0,08216542264709381;
348;2009-05-20;9576389,932557298;0,08216542264709381;
349;2009-05-21;9576389,932557298;0,08216542264709381;
350;2009-05-22;9576389,932557298;0,08216542264709381;
351;2009-05-26;9576389,932557298;0,08216542264709381;
352;2009-05-27;9576389,932557298;0,08216542264709381;
353;2009-05-28;9576389,932557298;0,08216542264709381;
354;2009-05-29;9576389,932557298;0,08216542264709381;
355;2009-06-01;9576389,932557298;0,08216542264709381;
356;2009-06-02;9576389,932557298;0,08216542264709381;
357;2009-06-03;9576389,932557298;0,08216542264709381;
358;2009-06-04;9576389,932557298;0,08216542264709381;
359;2009-06-05;9576389,932557298;0,08216542264709381;
360;2009-06-08;9576389,932557298;0,08216542264709381;
361;2009-06-09;9576389,932557298;0,08216542264709381;
362;2009-06-10;9576389,932557298;0,08216542264709381;
363;2009-06-11;9576389,932557298;0,08216542264709381;
364;2009-06-12;9576389,932557298;0,08216542264709381;
365;2009-06-15;9576389,932557298;0,08216542264709381;
366;2009-06-16;9576389,932557298;0,08216542264709381;
367;2009-06-17;9576389,932557298;0,08216542264709381;
368;2009-06-18;9576389,932557298;0,08216542264709381;
369;2009-06-19;9576389,932557298;0,08216542264709381;
370;2009-06-22;9576389,932557298;0,08216542264709381;
371;2009-06-23;9576389,932557298;0,08216542264709381;
372;2009-06-24;9576389,932557298;0,08216542264709381;
373;2009-06-25;9576389,932557298;0,08216542264709381;
374;2009-06-26;9576389,932557298;0,08216542264709381;
375;2009-06-29;9576389,932557298;0,08216542264709381;
376;2009-06-30;9576389,932557298;0,08216542264709381;
377;2009-07-01;9576389,932557298;0,08216542264709381;
378;2009-07-02;9576389,932557298;0,08216542264709381;
379;2009-07-06;9576389,932557298;0,08216542264709381;
380;2009-07-07;9576389,932557298;0,08216542264709381;
381;2009-07-08;9576389,932557298;0,08216542264709381;
382;2009-07-09;9576389,932557298;0,08216542264709381;
383;2009-07-10;9576389,932557298;0,08216542264709381;
384;2009-07-13;9576389,932557298;0,08216542264709381;
385;2009-07-14;9576389,932557298;0,08216542264709381;
386;2009-07-15;9576389,932557298;0,08216542264709381;
387;2009-07-16;9576389,932557298;0,08216542264709381;
388;2009-07-17;9576389,932557298;0,08216542264709381;
389;2009-07-20;9576389,932557298;0,08216542264709381;
390;2009-07-21;9576389,932557298;0,08216542264709381;
391;2009-07-22;9576389,932557298;0,08216542264709381;
392;2009-07-23;9576389,932557298;0,08216542264709381;
393;2009-07-24;9576389,932557298;0,08216542264709381;
394;2009-07-27;9576389,932557298;0,08216542264709381;
395;2009-07-28;9576389,932557298;0,08216542264709381;
396;2009-07-29;9576389,932557298;0,08216542264709381;
397;2009-07-30;9576389,932557298;0,08216542264709381;
398;2009-07-31;9576389,932557298;0,08216542264709381;
399;2009-08-03;9576389,932557298;0,08216542264709381;
400;2009-08-04;9576389,932557298;0,08216542264709381;
401;2009-08-05;9576389,932557298;0,08216542264709381;
402;2009-08-06;9576389,932557298;0,08216542264709381;
403;2009-08-07;9576389,932557298;0,08216542264709381;
404;2009-08-10;9576389,932557298;0,08216542264709381;
405;2009-08-11;9576389,932557298;0,08216542264709381;
406;2009-08-12;9576389,932557298;0,08216542264709381;
407;2009-08-13;9576389,932557298;0,08216542264709381;
408;2009-08-14;9576389,932557298;0,08216542264709381;
409;2009-08-17;9576389,932557298;0,08216542264709381;
410;2009-08-18;9576389,932557298;0,08216542264709381;
411;2009-08-19;9576389,932557298;0,08216542264709381;
412;2009-08-20;9576389,932557298;0,08216542264709381;
413;2009-08-21;9576389,932557298;0,08216542264709381;
414;2009-08-24;9576389,932557298;0,08216542264709381;
415;2009-08-25;9576389,932557298;0,08216542264709381;
416;2009-08-26;9576389,932557298;0,08216542264709381;
417;2009-08-27;9576389,932557298;0,08216542264709381;
418;2009-08-28;9576389,932557298;0,08216542264709381;
419;2009-08-31;9576389,932557298;0,08216542264709381;
420;2009-09-01;9576389,932557298;0,08216542264709381;
421;2009-09-02;9576389,932557298;0,08216542264709381;
422;2009-09-03;9576389,932557298;0,08216542264709381;
423;2009-09-04;9576389,932557298;0,08216542264709381;
424;2009-09-08;9576389,932557298;0,08216542264709381;
425;2009-09-09;9576389,932557298;0,08216542264709381;
426;2009-09-10;9576389,932557298;0,08216542264709381;
427;2009-09-11;9576389,932557298;0,08216542264709381;
428;2009-09-14;9576389,932557298;0,08216542264709381;
429;2009-09-15;9576389,932557298;0,08216542264709381;
430;2009-09-16;9576389,932557298;0,08216542264709381;
431;2009-09-17;9576389,932557298;0,08216542264709381;
432;2009-09-18;9576389,932557298;0,08216542264709381;
433;2009-09-21;9576389,932557298;0,08216542264709381;
434;2009-09-22;9576389,932557298;0,08216542264709381;
435;2009-09-23;9576389,932557298;0,08216542264709381;
436;2009-09-24;9576389,932557298;0,08216542264709381;
437;2009-09-25;9576389,932557298;0,08216542264709381;
438;2009-09-28;9576389,932557298;0,08216542264709381;
439;2009-09-29;9576389,932557298;0,08216542264709381;
440;2009-09-30;9576389,932557298;0,08216542264709381;
441;2009-10-01;9576389,932557298;0,08216542264709381;
442;2009-10-02;9576389,932557298;0,08216542264709381;
443;2009-10-05;9576389,932557298;0,08216542264709381;
444;2009-10-06;9576389,932557298;0,08216542264709381;
445;2009-10-07;9576389,932557298;0,08216542264709381;
446;2009-10-08;9576389,932557298;0,08216542264709381;
447;2009-10-09;9576389,932557298;0,08216542264709381;
448;2009-10-12;9576389,932557298;0,08216542264709381;
449;2009-10-13;9576389,932557298;0,08216542264709381;
450;2009-10-14;9576389,932557298;0,08216542264709381;
451;2009-10-15;9576389,932557298;0,08216542264709381;
452;2009-10-16;9576389,932557298;0,08216542264709381;
453;2009-10-19;9576389,932557298;0,08216542264709381;
454;2009-10-20;9576389,932557298;0,08216542264709381;
455;2009-10-21;9576389,932557298;0,08216542264709381;
456;2009-10-22;9576389,932557298;0,08216542264709381;
457;2009-10-23;9576389,932557298;0,08216542264709381;
458;2009-10-26;9576389,932557298;0,08216542264709381;
459;2009-10-27;9576389,932557298;0,08216542264709381;
460;2009-10-28;9576389,932557298;0,08216542264709381;
461;2009-10-29;9576389,932557298;0,08216542264709381;
462;2009-10-30;9576389,932557298;0,08216542264709381;
463;2009-11-02;9576389,932557298;0,08216542264709381;
464;2009-11-03;9576389,932557298;0,08216542264709381;
465;2009-11-04;9576389,932557298;0,08216542264709381;
466;2009-11-05;9576389,932557298;0,08216542264709381;
467;2009-11-06;9576389,932557298;0,08216542264709381;
468;2009-11-09;9576389,932557298;0,08216542264709381;
469;2009-11-10;9576389,932557298;0,08216542264709381;
470;2009-11-11;9576389,932557298;0,08216542264709381;
471;2009-11-12;9576389,932557298;0,08216542264709381;
472;2009-11-13;9576389,932557298;0,08216542264709381;
473;2009-11-16;9576389,932557298;0,08216542264709381;
474;2009-11-17;9576389,932557298;0,08216542264709381;
475;2009-11-18;9576389,932557298;0,08216542264709381;
476;2009-11-19;9576389,932557298;0,08216542264709381;
477;2009-11-20;9576389,932557298;0,08216542264709381;
478;2009-11-23;9576389,932557298;0,08216542264709381;
479;2009-11-24;9576389,932557298;0,08216542264709381;
480;2009-11-25;9576389,932557298;0,08216542264709381;
481;2009-11-27;9576389,932557298;0,08216542264709381;
482;2009-11-30;9576389,932557298;0,08216542264709381;
483;2009-12-01;9576389,932557298;0,08216542264709381;
484;2009-12-02;9576389,932557298;0,08216542264709381;
485;2009-12-03;9576389,932557298;0,08216542264709381;
486;2009-12-04;9576389,932557298;0,08216542264709381;
487;2009-12-07;9576389,932557298;0,08216542264709381;
488;2009-12-08;9576389,932557298;0,08216542264709381;
489;2009-12-09;9576389,932557298;0,08216542264709381;
490;2009-12-10;9576389,932557298;0,08216542264709381;
491;2009-12-11;9576389,932557298;0,08216542264709381;
492;2009-12-14;9576389,932557298;0,08216542264709381;
493;2009-12-15;9576389,932557298;0,08216542264709381;
494;2009-12-16;9576389,932557298;0,08216542264709381;
495;2009-12-17;9576389,932557298;0,08216542264709381;
496;2009-12-18;9576389,932557298;0,08216542264709381;
497;2009-12-21;9576389,932557298;0,08216542264709381;
498;2009-12-22;9576389,932557298;0,08216542264709381;
499;2009-12-23;9576389,932557298;0,08216542264709381;
500;2009-12-24;9576389,932557298;0,08216542264709381;
501;2009-12-28;9576389,932557298;0,08216542264709381;
502;2009-12-29;9585115,831315989;0,08132910210713962;
503;2009-12-30;9616933,560972208;0,07827958003702629;
504;2009-12-31;9521480,37200355;0,0874281462473665;
505;2010-01-04;9819771,87200355;0,05883884957517538;
506;2010-01-05;9776022,209253306;0,0630319696864593;
507;2010-01-06;9712386,749940867;0,06913101382668607;
508;2010-01-07;9756136,41269111;0,06493789371540215;
509;2010-01-08;9807839,938909525;0,05998244761634586;
510;2010-01-11;9779999,520284647;0,06265077033940247;
511;2010-01-12;9624888,183034891;0,07751718134291263;
512;2010-01-13;9799885,316846842;0,06074484631045951;
513;2010-01-14;9923179,683034891;0,04892788467072151;
514;2010-01-15;9704432,127878183;0,06989341252079972;
515;2010-01-19;9883407,331315989;0,052739805434948606;
516;2010-01-20;9708409,438909525;0,0695122131737429;
517;2010-01-21;9537388,857534403;0,08590342156548036;
518;2010-01-22;9135689,546503061;0,12440368314212535;
519;2010-01-25;9187393,831315989;0,11944816433672778;
520;2010-01-26;9187393,831315989;0,11944816433672778;
521;2010-01-27;9187393,831315989;0,11944816433672778;
522;2010-01-28;9187393,831315989;0,11944816433672778;
523;2010-01-29;9187393,831315989;0,11944816433672778;
524;2010-02-01;9187393,831315989;0,11944816433672778;
525;2010-02-02;9187393,831315989;0,11944816433672778;
526;2010-02-03;9187393,831315989;0,11944816433672778;
527;2010-02-04;9187393,831315989;0,11944816433672778;
528;2010-02-05;9187393,831315989;0,11944816433672778;
529;2010-02-08;9187393,831315989;0,11944816433672778;
530;2010-02-09;9187393,831315989;0,11944816433672778;
531;2010-02-10;9187393,831315989;0,11944816433672778;
532;2010-02-11;9187393,831315989;0,11944816433672778;
533;2010-02-12;9187393,831315989;0,11944816433672778;
534;2010-02-16;9187393,831315989;0,11944816433672778;
535;2010-02-17;9187393,831315989;0,11944816433672778;
536;2010-02-18;9187393,831315989;0,11944816433672778;
537;2010-02-19;9187393,831315989;0,11944816433672778;
538;2010-02-22;9187393,831315989;0,11944816433672778;
539;2010-02-23;9187393,831315989;0,11944816433672778;
540;2010-02-24;9187393,831315989;0,11944816433672778;
541;2010-02-25;9187393,831315989;0,11944816433672778;
542;2010-02-26;9187393,831315989;0,11944816433672778;
543;2010-03-01;9187393,831315989;0,11944816433672778;
544;2010-03-02;9187393,831315989;0,11944816433672778;
545;2010-03-03;9187393,831315989;0,11944816433672778;
546;2010-03-04;9187393,831315989;0,11944816433672778;
547;2010-03-05;9187393,831315989;0,11944816433672778;
548;2010-03-08;9187393,831315989;0,11944816433672778;
549;2010-03-09;9187393,831315989;0,11944816433672778;
550;2010-03-10;9187393,831315989;0,11944816433672778;
551;2010-03-11;9187393,831315989;0,11944816433672778;
552;2010-03-12;9187393,831315989;0,11944816433672778;
553;2010-03-15;9187393,831315989;0,11944816433672778;
554;2010-03-16;9187393,831315989;0,11944816433672778;
555;2010-03-17;9187393,831315989;0,11944816433672778;
556;2010-03-18;9187393,831315989;0,11944816433672778;
557;2010-03-19;9187393,831315989;0,11944816433672778;
558;2010-03-22;9187393,831315989;0,11944816433672778;
559;2010-03-23;9187393,831315989;0,11944816433672778;
560;2010-03-24;9187393,831315989;0,11944816433672778;
561;2010-03-25;9187393,831315989;0,11944816433672778;
562;2010-03-26;9187393,831315989;0,11944816433672778;
563;2010-03-29;9187393,831315989;0,11944816433672778;
564;2010-03-30;9187393,831315989;0,11944816433672778;
565;2010-03-31;9187393,831315989;0,11944816433672778;
566;2010-04-01;9187393,831315989;0,11944816433672778;
567;2010-04-05;9187393,831315989;0,11944816433672778;
568;2010-04-06;9187393,831315989;0,11944816433672778;
569;2010-04-07;9187393,831315989;0,11944816433672778;
570;2010-04-08;9187393,831315989;0,11944816433672778;
571;2010-04-09;9187393,831315989;0,11944816433672778;
572;2010-04-12;9187393,831315989;0,11944816433672778;
573;2010-04-13;9187393,831315989;0,11944816433672778;
574;2010-04-14;9187393,831315989;0,11944816433672778;
575;2010-04-15;9187393,831315989;0,11944816433672778;
576;2010-04-16;9187393,831315989;0,11944816433672778;
577;2010-04-19;9187393,831315989;0,11944816433672778;
578;2010-04-20;9187393,831315989;0,11944816433672778;
579;2010-04-21;9187393,831315989;0,11944816433672778;
580;2010-04-22;9187393,831315989;0,11944816433672778;
581;2010-04-23;9187393,831315989;0,11944816433672778;
582;2010-04-26;9187393,831315989;0,11944816433672778;
583;2010-04-27;9187393,831315989;0,11944816433672778;
584;2010-04-28;9187393,831315989;0,11944816433672778;
585;2010-04-29;9187393,831315989;0,11944816433672778;
586;2010-04-30;9187393,831315989;0,11944816433672778;
587;2010-05-03;9187393,831315989;0,11944816433672778;
588;2010-05-04;9187393,831315989;0,11944816433672778;
589;2010-05-05;9187393,831315989;0,11944816433672778;
590;2010-05-06;9187393,831315989;0,11944816433672778;
591;2010-05-07;9187393,831315989;0,11944816433672778;
592;2010-05-10;9187393,831315989;0,11944816433672778;
593;2010-05-11;9187393,831315989;0,11944816433672778;
594;2010-05-12;9187393,831315989;0,11944816433672778;
595;2010-05-13;9187393,831315989;0,11944816433672778;
596;2010-05-14;9187393,831315989;0,11944816433672778;
597;2010-05-17;9187393,831315989;0,11944816433672778;
598;2010-05-18;9187393,831315989;0,11944816433672778;
599;2010-05-19;9187393,831315989;0,11944816433672778;
600;2010-05-20;9187393,831315989;0,11944816433672778;
601;2010-05-21;9187393,831315989;0,11944816433672778;
602;2010-05-24;9187393,831315989;0,11944816433672778;
603;2010-05-25;9187393,831315989;0,11944816433672778;
604;2010-05-26;9187393,831315989;0,11944816433672778;
605;2010-05-27;9187393,831315989;0,11944816433672778;
606;2010-05-28;9187393,831315989;0,11944816433672778;
607;2010-06-01;9187393,831315989;0,11944816433672778;
608;2010-06-02;9187393,831315989;0,11944816433672778;
609;2010-06-03;9187393,831315989;0,11944816433672778;
610;2010-06-04;9187393,831315989;0,11944816433672778;
611;2010-06-07;9187393,831315989;0,11944816433672778;
612;2010-06-08;9187393,831315989;0,11944816433672778;
613;2010-06-09;9187393,831315989;0,11944816433672778;
614;2010-06-10;9187393,831315989;0,11944816433672778;
615;2010-06-11;9187393,831315989;0,11944816433672778;
616;2010-06-14;9187393,831315989;0,11944816433672778;
617;2010-06-15;9187393,831315989;0,11944816433672778;
618;2010-06-16;9187393,831315989;0,11944816433672778;
619;2010-06-17;9187393,831315989;0,11944816433672778;
620;2010-06-18;9187393,831315989;0,11944816433672778;
621;2010-06-21;9187393,831315989;0,11944816433672778;
622;2010-06-22;9187393,831315989;0,11944816433672778;
623;2010-06-23;9187393,831315989;0,11944816433672778;
624;2010-06-24;9187393,831315989;0,11944816433672778;
625;2010-06-25;9187393,831315989;0,11944816433672778;
626;2010-06-28;9187393,831315989;0,11944816433672778;
627;2010-06-29;9187393,831315989;0,11944816433672778;
628;2010-06-30;9187393,831315989;0,11944816433672778;
629;2010-07-01;9187393,831315989;0,11944816433672778;
630;2010-07-02;9187393,831315989;0,11944816433672778;
631;2010-07-06;9187393,831315989;0,11944816433672778;
632;2010-07-07;9187393,831315989;0,11944816433672778;
633;2010-07-08;9187393,831315989;0,11944816433672778;
634;2010-07-09;9187393,831315989;0,11944816433672778;
635;2010-07-12;9187393,831315989;0,11944816433672778;
636;2010-07-13;9187393,831315989;0,11944816433672778;
637;2010-07-14;9187393,831315989;0,11944816433672778;
638;2010-07-15;9187393,831315989;0,11944816433672778;
639;2010-07-16;9187393,831315989;0,11944816433672778;
640;2010-07-19;9187393,831315989;0,11944816433672778;
641;2010-07-20;9187393,831315989;0,11944816433672778;
642;2010-07-21;9187393,831315989;0,11944816433672778;
643;2010-07-22;9187393,831315989;0,11944816433672778;
644;2010-07-23;9244276,954870218;0,11399628758216795;
645;2010-07-26;9347211,045484537;0,10413072569302606;
646;2010-07-27;9224481,501798624;0,1158935527761954;
647;2010-07-28;9260112,56220817;0,11247854780021294;
648;2010-07-29;9188850,441389078;0,11930855775217786;
649;2010-07-30;9133424,683027262;0,12462075554892083;
650;2010-08-02;9422431,501798624;0,0969213350755227;
651;2010-08-03;9430349,683027262;0,09616242899791172;
652;2010-08-04;9557037,56220817;0,08402022124920383;
653;2010-08-05;9568914,834051127;0,08288186213278737;
654;2010-08-06;9529324,683027262;0,08667632014757531;
655;2010-08-09;9806454,985074991;0,060115186417326716;
656;2010-08-10;9683725,441389078;0,07187801350049605;
657;2010-08-11;9683725,441389078;0,07187801350049605;
658;2010-08-12;9683725,441389078;0,07187801350049605;
659;2010-08-13;9683725,441389078;0,07187801350049605;
660;2010-08-16;9683725,441389078;0,07187801350049605;
661;2010-08-17;9683725,441389078;0,07187801350049605;
662;2010-08-18;9683725,441389078;0,07187801350049605;
663;2010-08-19;9683725,441389078;0,07187801350049605;
664;2010-08-20;9683725,441389078;0,07187801350049605;
665;2010-08-23;9683725,441389078;0,07187801350049605;
666;2010-08-24;9683725,441389078;0,07187801350049605;
667;2010-08-25;9683725,441389078;0,07187801350049605;
668;2010-08-26;9683725,441389078;0,07187801350049605;
669;2010-08-27;9683725,441389078;0,07187801350049605;
670;2010-08-30;9888237,074955972;0,052276905976619714;
671;2010-08-31;10042180,719365152;0,03752241072344509;
672;2010-09-01;9916226,58582023;0,049594293733871364;
673;2010-09-02;9794937,519047769;0,0612190604907219;
674;2010-09-03;9552359,385502847;0,08446859400442286;
675;2010-09-07;9766948,008183511;0,06390167273347025;
676;2010-09-08;9738958,497319253;0,0665842849762186;
677;2010-09-09;9752952,807866128;0,06524302149419725;
678;2010-09-10;9748287,741093667;0,06569013774777288;
679;2010-09-13;9449730,58582023;0,09430489574697076;
680;2010-09-14;9403080,807866128;0,09877597300402186;
681;2010-09-15;9403080,807866128;0,09877597300402186;
682;2010-09-16;9403080,807866128;0,09877597300402186;
683;2010-09-17;9403080,807866128;0,09877597300402186;
684;2010-09-20;9290341,242267855;0,10958132578002444;
685;2010-09-21;9243355,361561067;0,11408461629594768;
686;2010-09-22;9256169,914856203;0,11285642485946279;
687;2010-09-23;9196370,29556299;0,11858782872734952;
688;2010-09-24;9435569,587444551;0,09566213517128119;
689;2010-09-27;9444112,622974642;0,09484334088029123;
690;2010-09-28;9337327,122974642;0,1050780352641012;
691;2010-09-29;9341598,640739687;0,10466863811860627;
692;2010-09-30;9354412,379326113;0,10344052476664278;
693;2010-10-01;9358683,897091158;0,10303112762114774;
694;2010-10-04;9294612,7600329;0,10917192863452951;
695;2010-10-05;9392855,22450281;0,0997560285417094;
696;2010-10-06;9525269,01638437;0,08706502936945104;
697;2010-10-07;9563711,861561067;0,08338053314451765;
698;2010-10-08;9602154,706737764;0,07969603691958438;
699;2010-10-11;9597883,188972719;0,0801054340650793;
700;2010-10-12;9661955,140739687;0,07396455496717624;
701;2010-10-13;9901154,432621248;0,051038861411107805;
702;2010-10-14;9935325,7600329;0,04776376233166946;
703;2010-10-15;9935325,7600329;0,04776376233166946;
704;2010-10-18;9935325,7600329;0,04776376233166946;
705;2010-10-19;9935325,7600329;0,04776376233166946;
706;2010-10-20;9935325,7600329;0,04776376233166946;
707;2010-10-21;9935325,7600329;0,04776376233166946;
708;2010-10-22;9935325,7600329;0,04776376233166946;
709;2010-10-25;9935325,7600329;0,04776376233166946;
710;2010-10-26;9935325,7600329;0,04776376233166946;
711;2010-10-27;9935325,7600329;0,04776376233166946;
712;2010-10-28;9935325,7600329;0,04776376233166946;
713;2010-10-29;9935325,7600329;0,04776376233166946;
714;2010-11-01;9935325,7600329;0,04776376233166946;
715;2010-11-02;9935325,7600329;0,04776376233166946;
716;2010-11-03;9935325,7600329;0,04776376233166946;
717;2010-11-04;9935325,7600329;0,04776376233166946;
718;2010-11-05;9935325,7600329;0,04776376233166946;
719;2010-11-08;9935325,7600329;0,04776376233166946;
720;2010-11-09;9935325,7600329;0,04776376233166946;
721;2010-11-10;9935325,7600329;0,04776376233166946;
722;2010-11-11;9935325,7600329;0,04776376233166946;
723;2010-11-12;9935325,7600329;0,04776376233166946;
724;2010-11-15;9935325,7600329;0,04776376233166946;
725;2010-11-16;9935325,7600329;0,04776376233166946;
726;2010-11-17;9935325,7600329;0,04776376233166946;
727;2010-11-18;9935325,7600329;0,04776376233166946;
728;2010-11-19;9935325,7600329;0,04776376233166946;
729;2010-11-22;9935325,7600329;0,04776376233166946;
730;2010-11-23;9935325,7600329;0,04776376233166946;
731;2010-11-24;9848463,931088435;0,056088902663131934;
732;2010-11-26;9833013,157456385;0,057569758641869306;
733;2010-11-29;9858763,464531885;0,055101759492106384;
734;2010-11-30;10002967,738163935;0,04128071946828915;
735;2010-12-01;9920565,576748835;0,04917842972528963;
736;2010-12-02;9972067,173211085;0,04424233727763116;
737;2010-12-03;10049319,076748835;0,03683824568020977;
738;2010-12-06;9863913,722409235;0,0546081408325273;
739;2010-12-07;9884514,753918635;0,05263366619421084;
740;2010-12-08;9905114,803116785;0,050659285704027;
741;2010-12-09;9724859,706654536;0,06793556219676544;
742;2010-12-10;9699109,399579035;0,07040356134652836;
743;2010-12-13;9699109,399579035;0,07040356134652836;
744;2010-12-14;9699109,399579035;0,07040356134652836;
745;2010-12-15;9699109,399579035;0,07040356134652836;
746;2010-12-16;9699109,399579035;0,07040356134652836;
747;2010-12-17;9699109,399579035;0,07040356134652836;
748;2010-12-20;9699109,399579035;0,07040356134652836;
749;2010-12-21;9699109,399579035;0,07040356134652836;
750;2010-12-22;9699109,399579035;0,07040356134652836;
751;2010-12-23;9699109,399579035;0,07040356134652836;
752;2010-12-27;9699109,399579035;0,07040356134652836;
753;2010-12-28;9699109,399579035;0,07040356134652836;
754;2010-12-29;9699109,399579035;0,07040356134652836;
755;2010-12-30;9699109,399579035;0,07040356134652836;
756;2010-12-31;9699109,399579035;0,07040356134652836;
757;2011-01-03;9699109,399579035;0,07040356134652836;
758;2011-01-04;9699109,399579035;0,07040356134652836;
759;2011-01-05;9699109,399579035;0,07040356134652836;
760;2011-01-06;9699109,399579035;0,07040356134652836;
761;2011-01-07;9699109,399579035;0,07040356134652836;
762;2011-01-10;9699109,399579035;0,07040356134652836;
763;2011-01-11;9699109,399579035;0,07040356134652836;
764;2011-01-12;9699109,399579035;0,07040356134652836;
765;2011-01-13;9699109,399579035;0,07040356134652836;
766;2011-01-14;9699109,399579035;0,07040356134652836;
767;2011-01-18;9699109,399579035;0,07040356134652836;
768;2011-01-19;9699109,399579035;0,07040356134652836;
769;2011-01-20;9699109,399579035;0,07040356134652836;
770;2011-01-21;9699109,399579035;0,07040356134652836;
771;2011-01-24;9699109,399579035;0,07040356134652836;
772;2011-01-25;9699109,399579035;0,07040356134652836;
773;2011-01-26;9699109,399579035;0,07040356134652836;
774;2011-01-27;9699109,399579035;0,07040356134652836;
775;2011-01-28;9699109,399579035;0,07040356134652836;
776;2011-01-31;9699109,399579035;0,07040356134652836;
777;2011-02-01;9699109,399579035;0,07040356134652836;
778;2011-02-02;9699109,399579035;0,07040356134652836;
779;2011-02-03;9699109,399579035;0,07040356134652836;
780;2011-02-04;9699109,399579035;0,07040356134652836;
781;2011-02-07;9699109,399579035;0,07040356134652836;
782;2011-02-08;9699109,399579035;0,07040356134652836;
783;2011-02-09;9699109,399579035;0,07040356134652836;
784;2011-02-10;9699109,399579035;0,07040356134652836;
785;2011-02-11;9699109,399579035;0,07040356134652836;
786;2011-02-14;9699109,399579035;0,07040356134652836;
787;2011-02-15;9699109,399579035;0,07040356134652836;
788;2011-02-16;9699109,399579035;0,07040356134652836;
789;2011-02-17;9699109,399579035;0,07040356134652836;
790;2011-02-18;9699109,399579035;0,07040356134652836;
791;2011-02-22;9699109,399579035;0,07040356134652836;
792;2011-02-23;9699109,399579035;0,07040356134652836;
793;2011-02-24;9699109,399579035;0,07040356134652836;
794;2011-02-25;9699109,399579035;0,07040356134652836;
795;2011-02-28;9699109,399579035;0,07040356134652836;
796;2011-03-01;9699109,399579035;0,07040356134652836;
797;2011-03-02;9699109,399579035;0,07040356134652836;
798;2011-03-03;9699109,399579035;0,07040356134652836;
799;2011-03-04;9699109,399579035;0,07040356134652836;
800;2011-03-07;9699109,399579035;0,07040356134652836;
801;2011-03-08;9699109,399579035;0,07040356134652836;
802;2011-03-09;9699109,399579035;0,07040356134652836;
803;2011-03-10;9699109,399579035;0,07040356134652836;
804;2011-03-11;9699109,399579035;0,07040356134652836;
805;2011-03-14;9699109,399579035;0,07040356134652836;
806;2011-03-15;9699109,399579035;0,07040356134652836;
807;2011-03-16;9699109,399579035;0,07040356134652836;
808;2011-03-17;9699109,399579035;0,07040356134652836;
809;2011-03-18;9699109,399579035;0,07040356134652836;
810;2011-03-21;9699109,399579035;0,07040356134652836;
811;2011-03-22;9699109,399579035;0,07040356134652836;
812;2011-03-23;9699109,399579035;0,07040356134652836;
813;2011-03-24;9699109,399579035;0,07040356134652836;
814;2011-03-25;9699109,399579035;0,07040356134652836;
815;2011-03-28;9699109,399579035;0,07040356134652836;
816;2011-03-29;9699109,399579035;0,07040356134652836;
817;2011-03-30;9699109,399579035;0,07040356134652836;
818;2011-03-31;9699109,399579035;0,07040356134652836;
819;2011-04-01;9699109,399579035;0,07040356134652836;
820;2011-04-04;9699109,399579035;0,07040356134652836;
821;2011-04-05;9699109,399579035;0,07040356134652836;
822;2011-04-06;9699109,399579035;0,07040356134652836;
823;2011-04-07;9699109,399579035;0,07040356134652836;
824;2011-04-08;9699109,399579035;0,07040356134652836;
825;2011-04-11;9699109,399579035;0,07040356134652836;
826;2011-04-12;9699109,399579035;0,07040356134652836;
827;2011-04-13;9699109,399579035;0,07040356134652836;
828;2011-04-14;9699109,399579035;0,07040356134652836;
829;2011-04-15;9699109,399579035;0,07040356134652836;
830;2011-04-18;9699109,399579035;0,07040356134652836;
831;2011-04-19;9699109,399579035;0,07040356134652836;
832;2011-04-20;9699109,399579035;0,07040356134652836;
833;2011-04-21;9699109,399579035;0,07040356134652836;
834;2011-04-25;9699109,399579035;0,07040356134652836;
835;2011-04-26;9699109,399579035;0,07040356134652836;
836;2011-04-27;9699109,399579035;0,07040356134652836;
837;2011-04-28;9699109,399579035;0,07040356134652836;
838;2011-04-29;9699109,399579035;0,07040356134652836;
839;2011-05-02;9699109,399579035;0,07040356134652836;
840;2011-05-03;9699109,399579035;0,07040356134652836;
841;2011-05-04;9699109,399579035;0,07040356134652836;
842;2011-05-05;9699109,399579035;0,07040356134652836;
843;2011-05-06;9699109,399579035;0,07040356134652836;
844;2011-05-09;9699109,399579035;0,07040356134652836;
845;2011-05-10;9699109,399579035;0,07040356134652836;
846;2011-05-11;9699109,399579035;0,07040356134652836;
847;2011-05-12;9699109,399579035;0,07040356134652836;
848;2011-05-13;9699109,399579035;0,07040356134652836;
849;2011-05-16;9699109,399579035;0,07040356134652836;
850;2011-05-17;9699109,399579035;0,07040356134652836;
851;2011-05-18;9699109,399579035;0,07040356134652836;
852;2011-05-19;9699109,399579035;0,07040356134652836;
853;2011-05-20;9699109,399579035;0,07040356134652836;
854;2011-05-23;9699109,399579035;0,07040356134652836;
855;2011-05-24;9699109,399579035;0,07040356134652836;
856;2011-05-25;9699109,399579035;0,07040356134652836;
857;2011-05-26;9699109,399579035;0,07040356134652836;
858;2011-05-27;9699109,399579035;0,07040356134652836;
859;2011-05-31;9699109,399579035;0,07040356134652836;
860;2011-06-01;9699109,399579035;0,07040356134652836;
861;2011-06-02;9699109,399579035;0,07040356134652836;
862;2011-06-03;9699109,399579035;0,07040356134652836;
863;2011-06-06;9699109,399579035;0,07040356134652836;
864;2011-06-07;9699109,399579035;0,07040356134652836;
865;2011-06-08;9699109,399579035;0,07040356134652836;
866;2011-06-09;9699109,399579035;0,07040356134652836;
867;2011-06-10;9699109,399579035;0,07040356134652836;
868;2011-06-13;9699109,399579035;0,07040356134652836;
869;2011-06-14;9699109,399579035;0,07040356134652836;
870;2011-06-15;9699109,399579035;0,07040356134652836;
871;2011-06-16;9699109,399579035;0,07040356134652836;
872;2011-06-17;9699109,399579035;0,07040356134652836;
873;2011-06-20;9699109,399579035;0,07040356134652836;
874;2011-06-21;9699109,399579035;0,07040356134652836;
875;2011-06-22;9699109,399579035;0,07040356134652836;
876;2011-06-23;9699109,399579035;0,07040356134652836;
877;2011-06-24;9699109,399579035;0,07040356134652836;
878;2011-06-27;9699109,399579035;0,07040356134652836;
879;2011-06-28;9699109,399579035;0,07040356134652836;
880;2011-06-29;9699109,399579035;0,07040356134652836;
881;2011-06-30;9699109,399579035;0,07040356134652836;
882;2011-07-01;9699109,399579035;0,07040356134652836;
883;2011-07-05;9699109,399579035;0,07040356134652836;
884;2011-07-06;9699109,399579035;0,07040356134652836;
885;2011-07-07;9699109,399579035;0,07040356134652836;
886;2011-07-08;9699109,399579035;0,07040356134652836;
887;2011-07-11;9699109,399579035;0,07040356134652836;
888;2011-07-12;9699109,399579035;0,07040356134652836;
889;2011-07-13;9699109,399579035;0,07040356134652836;
890;2011-07-14;9699109,399579035;0,07040356134652836;
891;2011-07-15;9699109,399579035;0,07040356134652836;
892;2011-07-18;9699109,399579035;0,07040356134652836;
893;2011-07-19;9699109,399579035;0,07040356134652836;
894;2011-07-20;9699109,399579035;0,07040356134652836;
895;2011-07-21;9699109,399579035;0,07040356134652836;
896;2011-07-22;9699109,399579035;0,07040356134652836;
897;2011-07-25;9699109,399579035;0,07040356134652836;
898;2011-07-26;9699109,399579035;0,07040356134652836;
899;2011-07-27;9699109,399579035;0,07040356134652836;
900;2011-07-28;9699109,399579035;0,07040356134652836;
901;2011-07-29;9699109,399579035;0,07040356134652836;
902;2011-08-01;9699109,399579035;0,07040356134652836;
903;2011-08-02;9699109,399579035;0,07040356134652836;
904;2011-08-03;9699109,399579035;0,07040356134652836;
905;2011-08-04;9699109,399579035;0,07040356134652836;
906;2011-08-05;9699109,399579035;0,07040356134652836;
907;2011-08-08;9699109,399579035;0,07040356134652836;
908;2011-08-09;9699109,399579035;0,07040356134652836;
909;2011-08-10;9699109,399579035;0,07040356134652836;
910;2011-08-11;9699109,399579035;0,07040356134652836;
911;2011-08-12;9699109,399579035;0,07040356134652836;
912;2011-08-15;9699109,399579035;0,07040356134652836;
913;2011-08-16;9699109,399579035;0,07040356134652836;
914;2011-08-17;9699109,399579035;0,07040356134652836;
915;2011-08-18;9699109,399579035;0,07040356134652836;
916;2011-08-19;9699109,399579035;0,07040356134652836;
917;2011-08-22;9699109,399579035;0,07040356134652836;
918;2011-08-23;9699109,399579035;0,07040356134652836;
919;2011-08-24;9699109,399579035;0,07040356134652836;
920;2011-08-25;9699109,399579035;0,07040356134652836;
921;2011-08-26;9833804,079879332;0,057493953881109006;
922;2011-08-29;10103399,188851882;0,031655019309430266;
923;2011-08-30;10032791,179228354;0,03842233696534725;
924;2011-08-31;10058466,87474208;0,03596148884762773;
925;2011-09-01;10154750,579879332;0,026733323073991233;
926;2011-09-02;9891574,547824431;0,051957030948428296;
927;2011-09-06;9808128,384365607;0,05995480199882852;
928;2011-09-07;10193264,429228354;0,02304202156178836;
929;2011-09-08;10174007,810632277;0,0248876429822662;
930;2011-09-09;10174007,810632277;0,0248876429822662;
931;2011-09-12;10174007,810632277;0,0248876429822662;
932;2011-09-13;10174007,810632277;0,0248876429822662;
933;2011-09-14;10174007,810632277;0,0248876429822662;
934;2011-09-15;10174007,810632277;0,0248876429822662;
935;2011-09-16;10174007,810632277;0,0248876429822662;
936;2011-09-19;10174007,810632277;0,0248876429822662;
937;2011-09-20;10174007,810632277;0,0248876429822662;
938;2011-09-21;10174007,810632277;0,0248876429822662;
939;2011-09-22;10174007,810632277;0,0248876429822662;
940;2011-09-23;10174007,810632277;0,0248876429822662;
941;2011-09-26;10174007,810632277;0,0248876429822662;
942;2011-09-27;10174007,810632277;0,0248876429822662;
943;2011-09-28;10174007,810632277;0,0248876429822662;
944;2011-09-29;10174007,810632277;0,0248876429822662;
945;2011-09-30;10174007,810632277;0,0248876429822662;
946;2011-10-03;10174007,810632277;0,0248876429822662;
947;2011-10-04;10174007,810632277;0,0248876429822662;
948;2011-10-05;10174007,810632277;0,0248876429822662;
949;2011-10-06;10174007,810632277;0,0248876429822662;
950;2011-10-07;10174007,810632277;0,0248876429822662;
951;2011-10-10;10174007,810632277;0,0248876429822662;
952;2011-10-11;10174007,810632277;0,0248876429822662;
953;2011-10-12;10174007,810632277;0,0248876429822662;
954;2011-10-13;10174007,810632277;0,0248876429822662;
955;2011-10-14;10174007,810632277;0,0248876429822662;
956;2011-10-17;10174007,810632277;0,0248876429822662;
957;2011-10-18;10174007,810632277;0,0248876429822662;
958;2011-10-19;10174007,810632277;0,0248876429822662;
959;2011-10-20;10174007,810632277;0,0248876429822662;
960;2011-10-21;10182995,115733163;0,024026268347679847;
961;2011-10-24;10276740,623852747;0,015041372219844917;
962;2011-10-25;10323612,819151895;0,010548977709494367;
963;2011-10-26;10317753,65504934;0,011110540411679914;
964;2011-10-27;10804053,10034849;0,0;1053 days
965;2011-10-28;10710308,709750192;0,00867677988321558;
966;2011-10-31;10710308,709750192;0,00867677988321558;
967;2011-11-01;10710308,709750192;0,00867677988321558;
968;2011-11-02;10710308,709750192;0,00867677988321558;
969;2011-11-03;10710308,709750192;0,00867677988321558;
970;2011-11-04;10710308,709750192;0,00867677988321558;
971;2011-11-07;10710308,709750192;0,00867677988321558;
972;2011-11-08;10710308,709750192;0,00867677988321558;
973;2011-11-09;10710308,709750192;0,00867677988321558;
974;2011-11-10;10710308,709750192;0,00867677988321558;
975;2011-11-11;10710308,709750192;0,00867677988321558;
976;2011-11-14;10710308,709750192;0,00867677988321558;
977;2011-11-15;10710308,709750192;0,00867677988321558;
978;2011-11-16;10710308,709750192;0,00867677988321558;
979;2011-11-17;10710308,709750192;0,00867677988321558;
980;2011-11-18;10710308,709750192;0,00867677988321558;
981;2011-11-21;10710308,709750192;0,00867677988321558;
982;2011-11-22;10710308,709750192;0,00867677988321558;
983;2011-11-23;10710308,709750192;0,00867677988321558;
984;2011-11-25;10710308,709750192;0,00867677988321558;
985;2011-11-28;10710308,709750192;0,00867677988321558;
986;2011-11-29;10710308,709750192;0,00867677988321558;
987;2011-11-30;10710308,709750192;0,00867677988321558;
988;2011-12-01;10710308,709750192;0,00867677988321558;
989;2011-12-02;10710308,709750192;0,00867677988321558;
990;2011-12-05;10710308,709750192;0,00867677988321558;
991;2011-12-06;10710308,709750192;0,00867677988321558;
992;2011-12-07;10710308,709750192;0,00867677988321558;
993;2011-12-08;10710308,709750192;0,00867677988321558;
994;2011-12-09;10710308,709750192;0,00867677988321558;
995;2011-12-12;10710308,709750192;0,00867677988321558;
996;2011-12-13;10710308,709750192;0,00867677988321558;
997;2011-12-14;10710308,709750192;0,00867677988321558;
998;2011-12-15;10710308,709750192;0,00867677988321558;
999;2011-12-16;10710308,709750192;0,00867677988321558;
1000;2011-12-19;10710308,709750192;0,00867677988321558;
1001;2011-12-20;10710308,709750192;0,00867677988321558;
1002;2011-12-21;10710308,709750192;0,00867677988321558;
1003;2011-12-22;10710308,709750192;0,00867677988321558;
1004;2011-12-23;10710308,709750192;0,00867677988321558;
1005;2011-12-27;10710308,709750192;0,00867677988321558;
1006;2011-12-28;10710308,709750192;0,00867677988321558;
1007;2011-12-29;10710308,709750192;0,00867677988321558;
1008;2011-12-30;10710308,709750192;0,00867677988321558;
1009;2012-01-03;10710308,709750192;0,00867677988321558;
1010;2012-01-04;10710308,709750192;0,00867677988321558;
1011;2012-01-05;10710308,709750192;0,00867677988321558;
1012;2012-01-06;10710308,709750192;0,00867677988321558;
1013;2012-01-09;10710308,709750192;0,00867677988321558;
1014;2012-01-10;10710308,709750192;0,00867677988321558;
1015;2012-01-11;10710308,709750192;0,00867677988321558;
1016;2012-01-12;10710308,709750192;0,00867677988321558;
1017;2012-01-13;10710308,709750192;0,00867677988321558;
1018;2012-01-17;10710308,709750192;0,00867677988321558;
1019;2012-01-18;10710308,709750192;0,00867677988321558;
1020;2012-01-19;10710308,709750192;0,00867677988321558;
1021;2012-01-20;10710308,709750192;0,00867677988321558;
1022;2012-01-23;10710308,709750192;0,00867677988321558;
1023;2012-01-24;10710308,709750192;0,00867677988321558;
1024;2012-01-25;10710308,709750192;0,00867677988321558;
1025;2012-01-26;10710308,709750192;0,00867677988321558;
1026;2012-01-27;10710308,709750192;0,00867677988321558;
1027;2012-01-30;10710308,709750192;0,00867677988321558;
1028;2012-01-31;10710308,709750192;0,00867677988321558;
1029;2012-02-01;10710308,709750192;0,00867677988321558;
1030;2012-02-02;10710308,709750192;0,00867677988321558;
1031;2012-02-03;10710308,709750192;0,00867677988321558;
1032;2012-02-06;10710308,709750192;0,00867677988321558;
1033;2012-02-07;10710308,709750192;0,00867677988321558;
1034;2012-02-08;10710308,709750192;0,00867677988321558;
1035;2012-02-09;10710308,709750192;0,00867677988321558;
1036;2012-02-10;10710308,709750192;0,00867677988321558;
1037;2012-02-13;10710308,709750192;0,00867677988321558;
1038;2012-02-14;10710308,709750192;0,00867677988321558;
1039;2012-02-15;10710308,709750192;0,00867677988321558;
1040;2012-02-16;10710308,709750192;0,00867677988321558;
1041;2012-02-17;10710308,709750192;0,00867677988321558;
1042;2012-02-21;10710308,709750192;0,00867677988321558;
1043;2012-02-22;10710308,709750192;0,00867677988321558;
1044;2012-02-23;10710308,709750192;0,00867677988321558;
1045;2012-02-24;10710308,709750192;0,00867677988321558;
1046;2012-02-27;10710308,709750192;0,00867677988321558;
1047;2012-02-28;10710308,709750192;0,00867677988321558;
1048;2012-02-29;10710308,709750192;0,00867677988321558;
1049;2012-03-01;10710308,709750192;0,00867677988321558;
1050;2012-03-02;10710308,709750192;0,00867677988321558;
1051;2012-03-05;10710308,709750192;0,00867677988321558;
1052;2012-03-06;10710308,709750192;0,00867677988321558;
1053;2012-03-07;10710308,709750192;0,00867677988321558;
1054;2012-03-08;10710308,709750192;0,00867677988321558;
1055;2012-03-09;10710308,709750192;0,00867677988321558;
1056;2012-03-12;10710308,709750192;0,00867677988321558;
1057;2012-03-13;10710308,709750192;0,00867677988321558;
1058;2012-03-14;10710308,709750192;0,00867677988321558;
1059;2012-03-15;10710308,709750192;0,00867677988321558;
1060;2012-03-16;10710308,709750192;0,00867677988321558;
1061;2012-03-19;10710308,709750192;0,00867677988321558;
1062;2012-03-20;10710308,709750192;0,00867677988321558;
1063;2012-03-21;10710308,709750192;0,00867677988321558;
1064;2012-03-22;10710308,709750192;0,00867677988321558;
1065;2012-03-23;10710308,709750192;0,00867677988321558;
1066;2012-03-26;10710308,709750192;0,00867677988321558;
1067;2012-03-27;10710308,709750192;0,00867677988321558;
1068;2012-03-28;10710308,709750192;0,00867677988321558;
1069;2012-03-29;10710308,709750192;0,00867677988321558;
1070;2012-03-30;10710308,709750192;0,00867677988321558;
1071;2012-04-02;10710308,709750192;0,00867677988321558;
1072;2012-04-03;10710308,709750192;0,00867677988321558;
1073;2012-04-04;10710308,709750192;0,00867677988321558;
1074;2012-04-05;10710308,709750192;0,00867677988321558;
1075;2012-04-09;10710308,709750192;0,00867677988321558;
1076;2012-04-10;10710308,709750192;0,00867677988321558;
1077;2012-04-11;10710308,709750192;0,00867677988321558;
1078;2012-04-12;10710308,709750192;0,00867677988321558;
1079;2012-04-13;10710308,709750192;0,00867677988321558;
1080;2012-04-16;10710308,709750192;0,00867677988321558;
1081;2012-04-17;10710308,709750192;0,00867677988321558;
1082;2012-04-18;10710308,709750192;0,00867677988321558;
1083;2012-04-19;10710308,709750192;0,00867677988321558;
1084;2012-04-20;10710308,709750192;0,00867677988321558;
1085;2012-04-23;10710308,709750192;0,00867677988321558;
1086;2012-04-24;10710308,709750192;0,00867677988321558;
1087;2012-04-25;10710308,709750192;0,00867677988321558;
1088;2012-04-26;10710308,709750192;0,00867677988321558;
1089;2012-04-27;10710308,709750192;0,00867677988321558;
1090;2012-04-30;10710308,709750192;0,00867677988321558;
1091;2012-05-01;10710308,709750192;0,00867677988321558;
1092;2012-05-02;10710308,709750192;0,00867677988321558;
1093;2012-05-03;10710308,709750192;0,00867677988321558;
1094;2012-05-04;10710308,709750192;0,00867677988321558;
1095;2012-05-07;10710308,709750192;0,00867677988321558;
1096;2012-05-08;10710308,709750192;0,00867677988321558;
1097;2012-05-09;10710308,709750192;0,00867677988321558;
1098;2012-05-10;10913856,360942857;0,0;196 days
1099;2012-05-11;10945107,384082811;0,0;
1100;2012-05-14;10945107,384082811;0,0;
1101;2012-05-15;10945107,384082811;0,0;
1102;2012-05-16;10945107,384082811;0,0;
1103;2012-05-17;10945107,384082811;0,0;
1104;2012-05-18;10945107,384082811;0,0;
1105;2012-05-21;10945107,384082811;0,0;
1106;2012-05-22;10945107,384082811;0,0;
1107;2012-05-23;10945107,384082811;0,0;
1108;2012-05-24;10945107,384082811;0,0;
1109;2012-05-25;10945107,384082811;0,0;
1110;2012-05-29;10945107,384082811;0,0;
1111;2012-05-30;10945107,384082811;0,0;
1112;2012-05-31;10945107,384082811;0,0;
1113;2012-06-01;10945107,384082811;0,0;
1114;2012-06-04;10945107,384082811;0,0;
1115;2012-06-05;10945107,384082811;0,0;
1116;2012-06-06;10945107,384082811;0,0;
1117;2012-06-07;10945107,384082811;0,0;
1118;2012-06-08;10945107,384082811;0,0;
1119;2012-06-11;10945107,384082811;0,0;
1120;2012-06-12;10945107,384082811;0,0;
1121;2012-06-13;10945107,384082811;0,0;
1122;2012-06-14;10945107,384082811;0,0;
1123;2012-06-15;10945107,384082811;0,0;
1124;2012-06-18;10945107,384082811;0,0;
1125;2012-06-19;10945107,384082811;0,0;
1126;2012-06-20;10945107,384082811;0,0;
1127;2012-06-21;10945107,384082811;0,0;
1128;2012-06-22;10945107,384082811;0,0;
1129;2012-06-25;10945107,384082811;0,0;
1130;2012-06-26;10945107,384082811;0,0;
1131;2012-06-27;10945107,384082811;0,0;
1132;2012-06-28;10945107,384082811;0,0;
1133;2012-06-29;10945107,384082811;0,0;
1134;2012-07-02;10945107,384082811;0,0;
1135;2012-07-03;10945107,384082811;0,0;
1136;2012-07-05;10945107,384082811;0,0;
1137;2012-07-06;10945107,384082811;0,0;
1138;2012-07-09;10945107,384082811;0,0;
1139;2012-07-10;10945107,384082811;0,0;
1140;2012-07-11;10945107,384082811;0,0;
1141;2012-07-12;10945107,384082811;0,0;
1142;2012-07-13;10945107,384082811;0,0;
1143;2012-07-16;10945107,384082811;0,0;
1144;2012-07-17;10945107,384082811;0,0;
1145;2012-07-18;10945107,384082811;0,0;
1146;2012-07-19;10945107,384082811;0,0;
1147;2012-07-20;10945107,384082811;0,0;
1148;2012-07-23;10945107,384082811;0,0;
1149;2012-07-24;10945107,384082811;0,0;
1150;2012-07-25;10945107,384082811;0,0;
1151;2012-07-26;10945107,384082811;0,0;
1152;2012-07-27;10945107,384082811;0,0;
1153;2012-07-30;10945107,384082811;0,0;
1154;2012-07-31;10945107,384082811;0,0;
1155;2012-08-01;10945107,384082811;0,0;
1156;2012-08-02;10945107,384082811;0,0;
1157;2012-08-03;10945107,384082811;0,0;
1158;2012-08-06;10945107,384082811;0,0;
1159;2012-08-07;10945107,384082811;0,0;
1160;2012-08-08;10945107,384082811;0,0;
1161;2012-08-09;10945107,384082811;0,0;
1162;2012-08-10;10945107,384082811;0,0;
1163;2012-08-13;10945107,384082811;0,0;
1164;2012-08-14;10945107,384082811;0,0;
1165;2012-08-15;10945107,384082811;0,0;
1166;2012-08-16;10945107,384082811;0,0;
1167;2012-08-17;10945107,384082811;0,0;
1168;2012-08-20;10945107,384082811;0,0;
1169;2012-08-21;10945107,384082811;0,0;
1170;2012-08-22;10945107,384082811;0,0;
1171;2012-08-23;10945107,384082811;0,0;
1172;2012-08-24;10945107,384082811;0,0;
1173;2012-08-27;10945107,384082811;0,0;
1174;2012-08-28;10945107,384082811;0,0;
1175;2012-08-29;10945107,384082811;0,0;
1176;2012-08-30;10945107,384082811;0,0;
1177;2012-08-31;10945107,384082811;0,0;
1178;2012-09-04;10945107,384082811;0,0;
1179;2012-09-05;10945107,384082811;0,0;
1180;2012-09-06;10945107,384082811;0,0;
1181;2012-09-07;10945107,384082811;0,0;
1182;2012-09-10;10945107,384082811;0,0;
1183;2012-09-11;10945107,384082811;0,0;
1184;2012-09-12;10945107,384082811;0,0;
1185;2012-09-13;10945107,384082811;0,0;
1186;2012-09-14;10945107,384082811;0,0;
1187;2012-09-17;10945107,384082811;0,0;
1188;2012-09-18;10945107,384082811;0,0;
1189;2012-09-19;10945107,384082811;0,0;
1190;2012-09-20;10945107,384082811;0,0;
1191;2012-09-21;10945107,384082811;0,0;
1192;2012-09-24;10945107,384082811;0,0;
1193;2012-09-25;10945107,384082811;0,0;
1194;2012-09-26;10945107,384082811;0,0;
1195;2012-09-27;10945107,384082811;0,0;
1196;2012-09-28;10945107,384082811;0,0;
1197;2012-10-01;10945107,384082811;0,0;
1198;2012-10-02;10945107,384082811;0,0;
1199;2012-10-03;10945107,384082811;0,0;
1200;2012-10-04;10945107,384082811;0,0;
1201;2012-10-05;10945107,384082811;0,0;
1202;2012-10-08;10945107,384082811;0,0;
1203;2012-10-09;10945107,384082811;0,0;
1204;2012-10-10;10945107,384082811;0,0;
1205;2012-10-11;10945107,384082811;0,0;
1206;2012-10-12;10945107,384082811;0,0;
1207;2012-10-15;10945107,384082811;0,0;
1208;2012-10-16;10945107,384082811;0,0;
1209;2012-10-17;10945107,384082811;0,0;
1210;2012-10-18;10945107,384082811;0,0;
1211;2012-10-19;10945107,384082811;0,0;
1212;2012-10-22;10945107,384082811;0,0;
1213;2012-10-23;10945107,384082811;0,0;
1214;2012-10-24;10945107,384082811;0,0;
1215;2012-10-25;10945107,384082811;0,0;
1216;2012-10-26;10945107,384082811;0,0;
1217;2012-10-31;10945107,384082811;0,0;
1218;2012-11-01;10945107,384082811;0,0;
1219;2012-11-02;10945107,384082811;0,0;
1220;2012-11-05;10945107,384082811;0,0;
1221;2012-11-06;10945107,384082811;0,0;
1222;2012-11-07;10945107,384082811;0,0;
1223;2012-11-08;10945107,384082811;0,0;
1224;2012-11-09;10945107,384082811;0,0;
1225;2012-11-12;10945107,384082811;0,0;
1226;2012-11-13;10945107,384082811;0,0;
1227;2012-11-14;10945107,384082811;0,0;
1228;2012-11-15;10945107,384082811;0,0;
1229;2012-11-16;10945107,384082811;0,0;
1230;2012-11-19;10945107,384082811;0,0;
1231;2012-11-20;10945107,384082811;0,0;
1232;2012-11-21;10945107,384082811;0,0;
1233;2012-11-23;10945107,384082811;0,0;
1234;2012-11-26;10945107,384082811;0,0;
1235;2012-11-27;10945107,384082811;0,0;
1236;2012-11-28;10945107,384082811;0,0;
1237;2012-11-29;10945107,384082811;0,0;
1238;2012-11-30;10945107,384082811;0,0;
1239;2012-12-03;10945107,384082811;0,0;
1240;2012-12-04;10945107,384082811;0,0;
1241;2012-12-05;10945107,384082811;0,0;
1242;2012-12-06;10945107,384082811;0,0;
1243;2012-12-07;10945107,384082811;0,0;
1244;2012-12-10;10945107,384082811;0,0;
1245;2012-12-11;10945107,384082811;0,0;
1246;2012-12-12;10945107,384082811;0,0;
1247;2012-12-13;10945107,384082811;0,0;
1248;2012-12-14;10945107,384082811;0,0;
1249;2012-12-17;10945107,384082811;0,0;
1250;2012-12-18;10945107,384082811;0,0;
1251;2012-12-19;10945107,384082811;0,0;
1252;2012-12-20;10945107,384082811;0,0;
1253;2012-12-21;10945107,384082811;0,0;
1254;2012-12-24;10945107,384082811;0,0;
1255;2012-12-26;10945107,384082811;0,0;
1256;2012-12-27;10945107,384082811;0,0;
1257;2012-12-28;10945107,384082811;0,0;
1258;2012-12-31;10945107,384082811;0,0;
1259;2013-01-02;10945107,384082811;0,0;
1260;2013-01-03;10945107,384082811;0,0;
1261;2013-01-04;10945107,384082811;0,0;
1262;2013-01-07;10945107,384082811;0,0;
1263;2013-01-08;10945107,384082811;0,0;
1264;2013-01-09;10945107,384082811;0,0;
1265;2013-01-10;10945107,384082811;0,0;
1266;2013-01-11;10945107,384082811;0,0;
1267;2013-01-14;10945107,384082811;0,0;
1268;2013-01-15;10945107,384082811;0,0;
1269;2013-01-16;10945107,384082811;0,0;
1270;2013-01-17;10945107,384082811;0,0;
1271;2013-01-18;10945107,384082811;0,0;
1272;2013-01-22;10945107,384082811;0,0;
1273;2013-01-23;10945107,384082811;0,0;
1274;2013-01-24;10945107,384082811;0,0;
1275;2013-01-25;10945107,384082811;0,0;
1276;2013-01-28;10945107,384082811;0,0;
1277;2013-01-29;10945107,384082811;0,0;
1278;2013-01-30;10945107,384082811;0,0;
1279;2013-01-31;10945107,384082811;0,0;
1280;2013-02-01;10945107,384082811;0,0;
1281;2013-02-04;10945107,384082811;0,0;
1282;2013-02-05;10945107,384082811;0,0;
1283;2013-02-06;10945107,384082811;0,0;
1284;2013-02-07;10945107,384082811;0,0;
1285;2013-02-08;10945107,384082811;0,0;
1286;2013-02-11;10945107,384082811;0,0;
1287;2013-02-12;10945107,384082811;0,0;
1288;2013-02-13;10945107,384082811;0,0;
1289;2013-02-14;10945107,384082811;0,0;
1290;2013-02-15;10945107,384082811;0,0;
1291;2013-02-19;10945107,384082811;0,0;
1292;2013-02-20;10945107,384082811;0,0;
1293;2013-02-21;10945107,384082811;0,0;
1294;2013-02-22;10945107,384082811;0,0;
1295;2013-02-25;10945107,384082811;0,0;
1296;2013-02-26;10945107,384082811;0,0;
1297;2013-02-27;10945107,384082811;0,0;
1298;2013-02-28;10945107,384082811;0,0;
1299;2013-03-01;10945107,384082811;0,0;
1300;2013-03-04;10945107,384082811;0,0;
1301;2013-03-05;10945107,384082811;0,0;
1302;2013-03-06;10945107,384082811;0,0;
1303;2013-03-07;10945107,384082811;0,0;
1304;2013-03-08;10945107,384082811;0,0;
1305;2013-03-11;10945107,384082811;0,0;
1306;2013-03-12;10945107,384082811;0,0;
1307;2013-03-13;10945107,384082811;0,0;
1308;2013-03-14;10945107,384082811;0,0;
1309;2013-03-15;10945107,384082811;0,0;
1310;2013-03-18;10945107,384082811;0,0;
1311;2013-03-19;10945107,384082811;0,0;
1312;2013-03-20;10945107,384082811;0,0;
1313;2013-03-21;10945107,384082811;0,0;
1314;2013-03-22;10945107,384082811;0,0;
1315;2013-03-25;10945107,384082811;0,0;
1316;2013-03-26;10970309,639759172;0,0;
1317;2013-03-27;10980784,599506486;0,0;
1318;2013-03-28;10944123,23933803;0,003338683118336072;
1319;2013-04-01;10980784,599506486;0,0;5 days
1320;2013-04-02;10776527,879169572;0,01860128650061077;
1321;2013-04-03;10787001,839969743;0,017647442018437598;
1322;2013-04-04;10870799,520053972;0,01001614032730025;
1323;2013-04-05;11096006,159885515;0,0;4 days
1324;2013-04-08;11116956,079380143;0,0;
1325;2013-04-09;10907461,879169572;0,018844564889407445;
1326;2013-04-10;10645593,879169572;0,04240029346565999;
1327;2013-04-11;10718916,599506486;0,035804718218860776;
1328;2013-04-12;10718916,599506486;0,035804718218860776;
1329;2013-04-15;10718916,599506486;0,035804718218860776;
1330;2013-04-16;10718916,599506486;0,035804718218860776;
1331;2013-04-17;10718916,599506486;0,035804718218860776;
1332;2013-04-18;10718916,599506486;0,035804718218860776;
1333;2013-04-19;10718916,599506486;0,035804718218860776;
1334;2013-04-22;10718916,599506486;0,035804718218860776;
1335;2013-04-23;10718916,599506486;0,035804718218860776;
1336;2013-04-24;10718916,599506486;0,035804718218860776;
1337;2013-04-25;10718916,599506486;0,035804718218860776;
1338;2013-04-26;10718916,599506486;0,035804718218860776;
1339;2013-04-29;10718916,599506486;0,035804718218860776;
1340;2013-04-30;10718916,599506486;0,035804718218860776;
1341;2013-05-01;10718916,599506486;0,035804718218860776;
1342;2013-05-02;10718916,599506486;0,035804718218860776;
1343;2013-05-03;10718916,599506486;0,035804718218860776;
1344;2013-05-06;10718916,599506486;0,035804718218860776;
1345;2013-05-07;10718916,599506486;0,035804718218860776;
1346;2013-05-08;10718916,599506486;0,035804718218860776;
1347;2013-05-09;10718916,599506486;0,035804718218860776;
1348;2013-05-10;10718916,599506486;0,035804718218860776;
1349;2013-05-13;10718916,599506486;0,035804718218860776;
1350;2013-05-14;10718916,599506486;0,035804718218860776;
1351;2013-05-15;10718916,599506486;0,035804718218860776;
1352;2013-05-16;10718916,599506486;0,035804718218860776;
1353;2013-05-17;10718916,599506486;0,035804718218860776;
1354;2013-05-20;10718916,599506486;0,035804718218860776;
1355;2013-05-21;10718916,599506486;0,035804718218860776;
1356;2013-05-22;10718916,599506486;0,035804718218860776;
1357;2013-05-23;10718916,599506486;0,035804718218860776;
1358;2013-05-24;10718916,599506486;0,035804718218860776;
1359;2013-05-28;10718916,599506486;0,035804718218860776;
1360;2013-05-29;10718916,599506486;0,035804718218860776;
1361;2013-05-30;10718916,599506486;0,035804718218860776;
1362;2013-05-31;10718916,599506486;0,035804718218860776;
1363;2013-06-03;10718916,599506486;0,035804718218860776;
1364;2013-06-04;10718916,599506486;0,035804718218860776;
1365;2013-06-05;10718916,599506486;0,035804718218860776;
1366;2013-06-06;10718916,599506486;0,035804718218860776;
1367;2013-06-07;10718916,599506486;0,035804718218860776;
1368;2013-06-10;10718916,599506486;0,035804718218860776;
1369;2013-06-11;10718916,599506486;0,035804718218860776;
1370;2013-06-12;10718916,599506486;0,035804718218860776;
1371;2013-06-13;10718916,599506486;0,035804718218860776;
1372;2013-06-14;10718916,599506486;0,035804718218860776;
1373;2013-06-17;10718916,599506486;0,035804718218860776;
1374;2013-06-18;10718916,599506486;0,035804718218860776;
1375;2013-06-19;10718916,599506486;0,035804718218860776;
1376;2013-06-20;10718916,599506486;0,035804718218860776;
1377;2013-06-21;10718916,599506486;0,035804718218860776;
1378;2013-06-24;10718916,599506486;0,035804718218860776;
1379;2013-06-25;10718916,599506486;0,035804718218860776;
1380;2013-06-26;10718916,599506486;0,035804718218860776;
1381;2013-06-27;10718916,599506486;0,035804718218860776;
1382;2013-06-28;10718916,599506486;0,035804718218860776;
1383;2013-07-01;10718916,599506486;0,035804718218860776;
1384;2013-07-02;10718916,599506486;0,035804718218860776;
1385;2013-07-03;10718916,599506486;0,035804718218860776;
1386;2013-07-05;10718916,599506486;0,035804718218860776;
1387;2013-07-08;10718916,599506486;0,035804718218860776;
1388;2013-07-09;10718916,599506486;0,035804718218860776;
1389;2013-07-10;10718916,599506486;0,035804718218860776;
1390;2013-07-11;10718916,599506486;0,035804718218860776;
1391;2013-07-12;10718916,599506486;0,035804718218860776;
1392;2013-07-15;10718916,599506486;0,035804718218860776;
1393;2013-07-16;10718916,599506486;0,035804718218860776;
1394;2013-07-17;10718916,599506486;0,035804718218860776;
1395;2013-07-18;10718916,599506486;0,035804718218860776;
1396;2013-07-19;10718916,599506486;0,035804718218860776;
1397;2013-07-22;10718916,599506486;0,035804718218860776;
1398;2013-07-23;10718916,599506486;0,035804718218860776;
1399;2013-07-24;10718916,599506486;0,035804718218860776;
1400;2013-07-25;10718916,599506486;0,035804718218860776;
1401;2013-07-26;10718916,599506486;0,035804718218860776;
1402;2013-07-29;10718916,599506486;0,035804718218860776;
1403;2013-07-30;10718916,599506486;0,035804718218860776;
1404;2013-07-31;10784857,188613161;0,029873185465125962;
1405;2013-08-01;10659969,306220278;0,041107185266971547;
1406;2013-08-02;10535080,629809603;0,052341256492846044;
1407;2013-08-05;10568384,118048891;0,04934551845075197;
1408;2013-08-06;10568384,118048891;0,04934551845075197;
1409;2013-08-07;10568384,118048891;0,04934551845075197;
1410;2013-08-08;10568384,118048891;0,04934551845075197;
1411;2013-08-09;10568384,118048891;0,04934551845075197;
1412;2013-08-12;10568384,118048891;0,04934551845075197;
1413;2013-08-13;10568384,118048891;0,04934551845075197;
1414;2013-08-14;10568384,118048891;0,04934551845075197;
1415;2013-08-15;10568384,118048891;0,04934551845075197;
1416;2013-08-16;10568384,118048891;0,04934551845075197;
1417;2013-08-19;10568384,118048891;0,04934551845075197;
1418;2013-08-20;10568384,118048891;0,04934551845075197;
1419;2013-08-21;10673271,585588045;0,03991060957909598;
1420;2013-08-22;10699354,013427325;0,03756442527711268;
1421;2013-08-23;10764560,497598238;0,03169892723022738;
1422;2013-08-26;10777602,126090594;0,030525797787308684;
1423;2013-08-27;10929751,14191968;0,016839585955340186;
1424;2013-08-28;10942791,941266604;0,015666531096275693;
1425;2013-08-29;10942791,941266604;0,015666531096275693;
1426;2013-08-30;11003652,045085497;0,010192001613175683;
1427;2013-09-03;10929751,14191968;0,016839585955340186;
1428;2013-09-04;10803684,553929873;0,028179613485325383;
1429;2013-09-05;10838461,400764056;0,02505134288806299;
1430;2013-09-06;10899321,504582949;0,01957681340496298;
1431;2013-09-09;10738478,06975896;0,03404511153221068;
1432;2013-09-10;10634147,52925641;0,043429923323997977;
1433;2013-09-11;10538511,407748766;0,05203264882050607;
1434;2013-09-12;10577634,63493497;0,04851340965945827;
1435;2013-09-13;10564593,835588045;0,049686464518522766;
1436;2013-09-16;10538511,407748766;0,05203264882050607;
1437;2013-09-17;10542857,788100787;0,05164168025672067;
1438;2013-09-18;10355932,754582949;0,06845608810209736;
1439;2013-09-19;10438527,247598238;0,06102649204850796;
1440;2013-09-20;10481998,513427325;0,057116135155966474;
1441;2013-09-23;10586329,053929873;0,04773132336417918;
1442;2013-09-24;10642841,948251314;0,04264783702871877;
1443;2013-09-25;10516775,360261507;0,05398786455870397;
1444;2013-09-26;10803684,553929873;0,028179613485325383;
1445;2013-09-27;10994957,626090594;0,010974087908454888;
1446;2013-09-30;10951486,360261507;0,014884444800996488;
1447;2013-10-01;11034081,682422228;0,007454774163552891;
1448;2013-10-02;10999304,835588045;0,010583044760815286;
1449;2013-10-03;11134065,013427325;0,0;178 days
1450;2013-10-04;11155801,060914584;0,0;
1451;2013-10-07;11155801,060914584;0,0;
1452;2013-10-08;11155801,060914584;0,0;
1453;2013-10-09;11155801,060914584;0,0;
1454;2013-10-10;11155801,060914584;0,0;
1455;2013-10-11;11155801,060914584;0,0;
1456;2013-10-14;11155801,060914584;0,0;
1457;2013-10-15;11155801,060914584;0,0;
1458;2013-10-16;11155801,060914584;0,0;
1459;2013-10-17;11155801,060914584;0,0;
1460;2013-10-18;11155801,060914584;0,0;
1461;2013-10-21;11155801,060914584;0,0;
1462;2013-10-22;11155801,060914584;0,0;
1463;2013-10-23;11155801,060914584;0,0;
1464;2013-10-24;11155801,060914584;0,0;
1465;2013-10-25;11155801,060914584;0,0;
1466;2013-10-28;11155801,060914584;0,0;
