;Date;Open;High;Low;Close;Volume;Evento
0;2016-01-04;65,93000030517578;66,19999694824219;64,97000122070312;65,37999725341797;3899500;0
1;2016-01-05;65,4800033569336;66,02999877929688;65,2300033569336;65,58999633789062;2699100;0
2;2016-01-06;64,47000122070312;64,68000030517578;62,529998779296875;63,619998931884766;4167100;0
3;2016-01-07;62,27000045776367;63,130001068115234;61,68000030517578;61,81999969482422;6444900;0
4;2016-01-08;62,36000061035156;63,810001373291016;62,0099983215332;62,650001525878906;4510300;0
5;2016-01-11;63,150001525878906;63,5;62,119998931884766;63,15999984741211;4568600;0
6;2016-01-12;63,220001220703125;64,5;63,16999816894531;64,31999969482422;4915300;0
7;2016-01-13;63,83000183105469;64,02999877929688;60,130001068115234;60,27000045776367;5475500;0
8;2016-01-14;60,209999084472656;62,119998931884766;58,91999816894531;60,7400016784668;7445800;0
9;2016-01-15;59,02000045776367;60,150001525878906;58,33000183105469;59,54999923706055;8374900;0
10;2016-01-19;60,439998626708984;60,5;57,619998931884766;58,380001068115234;5212800;0
11;2016-01-20;57,630001068115234;60,599998474121094;56,43000030517578;59,810001373291016;8220000;0
12;2016-01-21;59,75;62,560001373291016;59,150001525878906;61,650001525878906;6139900;0
13;2016-01-22;62,58000183105469;63,61000061035156;61,61000061035156;62,459999084472656;4769700;0
14;2016-01-25;62,400001525878906;62,400001525878906;60,0;60,119998931884766;3231000;0
15;2016-01-26;60,709999084472656;62,060001373291016;60,279998779296875;61,939998626708984;3255400;0
16;2016-01-27;61,810001373291016;62,45000076293945;60,0099983215332;60,63999938964844;4022700;0
17;2016-01-28;61,27000045776367;61,63999938964844;58,79999923706055;59,209999084472656;4650600;0
18;2016-01-29;59,88999938964844;61,310001373291016;59,369998931884766;61,279998779296875;3171000;0
19;2016-02-01;60,31999969482422;61,900001525878906;60,0099983215332;61,41999816894531;3495700;0
20;2016-02-02;60,400001525878906;60,7599983215332;58,9900016784668;59,06999969482422;3929000;0
21;2016-02-03;59,15999984741211;59,72999954223633;57,689998626708984;59,38999938964844;3559900;0
22;2016-02-04;59,279998779296875;60,900001525878906;58,88999938964844;60,709999084472656;4331500;0
23;2016-02-05;60,68000030517578;60,709999084472656;59,130001068115234;60,0099983215332;3703700;0
24;2016-02-08;59,59000015258789;59,79999923706055;57,88999938964844;59,439998626708984;5116000;0
25;2016-02-09;59,0;61,630001068115234;59,0;60,77000045776367;5311100;0
26;2016-02-10;61,630001068115234;62,84000015258789;61,18000030517578;61,380001068115234;3575500;0
27;2016-02-11;60,5;62,18000030517578;60,099998474121094;61,59000015258789;4797600;0
28;2016-02-12;62,060001373291016;63,88999938964844;61,630001068115234;63,79999923706055;3711600;0
29;2016-02-16;64,2699966430664;65,55000305175781;63,97999954223633;65,05999755859375;5517600;0
30;2016-02-17;65,73999786376953;67,87999725341797;65,6500015258789;66,68000030517578;4907300;0
31;2016-02-18;64,0999984741211;65,68000030517578;64,0;64,94000244140625;7969300;0
32;2016-02-19;64,5;65,80999755859375;64,25;65,70999908447266;3596800;0
33;2016-02-22;66,20999908447266;67,52999877929688;66,18000030517578;66,79000091552734;5341400;0
34;2016-02-23;66,51000213623047;66,86000061035156;66,05000305175781;66,2699966430664;3016300;0
35;2016-02-24;65,63999938964844;67,26000213623047;65,02999877929688;67,02999877929688;3740700;0
36;2016-02-25;67,55999755859375;68,33000183105469;66,77999877929688;68,30000305175781;4236200;0
37;2016-02-26;68,97000122070312;69,0;67,80000305175781;68,1500015258789;2961100;0
38;2016-02-29;68,33000183105469;68,8499984741211;67,68000030517578;68,1500015258789;4900600;0
39;2016-03-01;68,33000183105469;69,18000030517578;68,27999877929688;68,93000030517578;3416000;0
40;2016-03-02;68,56999969482422;69,0;68,13999938964844;68,83000183105469;2733000;0
41;2016-03-03;68,56999969482422;69,01000213623047;68,05999755859375;68,68000030517578;2341000;0
42;2016-03-04;68,80000305175781;69,27999877929688;68,4000015258789;68,9800033569336;1828900;0
43;2016-03-07;68,51000213623047;69,54000091552734;68,3499984741211;69,54000091552734;2741900;0
44;2016-03-08;68,9000015258789;69,44999694824219;68,18000030517578;68,41000366210938;4362100;0
45;2016-03-09;68,73999786376953;68,7699966430664;68,08999633789062;68,58999633789062;2283900;0
46;2016-03-10;68,73999786376953;69,1500015258789;66,72000122070312;67,95999908447266;2281300;0
47;2016-03-11;68,97000122070312;69,16999816894531;68,4000015258789;68,88999938964844;1878100;0
48;2016-03-14;71,05000305175781;71,30000305175781;69,94000244140625;70,93000030517578;8951400;0
49;2016-03-15;70,05999755859375;71,02999877929688;70,01000213623047;70,41000366210938;4007400;0
50;2016-03-16;69,9800033569336;71,69000244140625;69,8499984741211;71,23999786376953;3383000;0
51;2016-03-17;70,9800033569336;71,81999969482422;70,54000091552734;71,80000305175781;4546600;0
52;2016-03-18;72,61000061035156;73,88999938964844;72,25;73,16000366210938;13530700;0
53;2016-03-21;72,55999755859375;72,8499984741211;71,81999969482422;72,30000305175781;13663900;0
54;2016-03-22;70,88999938964844;71,27999877929688;69,98999786376953;70,91999816894531;7183000;0
55;2016-03-23;70,55000305175781;70,83000183105469;69,19000244140625;69,5999984741211;7108000;0
56;2016-03-24;69,0199966430664;69,72000122070312;68,37000274658203;68,63999938964844;5624400;0
57;2016-03-28;70,0999984741211;71,83999633789062;70,0;71,33999633789062;6831100;0
58;2016-03-29;70,9800033569336;71,44999694824219;70,66000366210938;70,69999694824219;4708900;0
59;2016-03-30;71,4000015258789;71,7699966430664;70,43000030517578;71,55000305175781;2362700;0
60;2016-03-31;71,58999633789062;71,81999969482422;71,0199966430664;71,18000030517578;4621000;0
61;2016-04-01;67,4800033569336;68,06999969482422;66,5;67,12999725341797;18178900;0
62;2016-04-04;67,12999725341797;67,36000061035156;66,16000366210938;66,36000061035156;5528200;0
63;2016-04-05;65,87999725341797;66,08999633789062;65,26000213623047;65,83999633789062;5785500;0
64;2016-04-06;66,06999969482422;66,30999755859375;65,44000244140625;66,13999938964844;3508900;0
65;2016-04-07;65,88999938964844;66,02999877929688;65,11000061035156;65,52999877929688;4227000;0
66;2016-04-08;66,0;66,62999725341797;65,73999786376953;66,56999969482422;9372000;0
67;2016-04-11;66,75;68,06999969482422;66,66000366210938;67,12000274658203;6513900;0
68;2016-04-12;67,12999725341797;67,58000183105469;66,9000015258789;67,33999633789062;3384500;0
69;2016-04-13;67,87999725341797;67,98999786376953;67,37999725341797;67,62999725341797;3471600;0
70;2016-04-14;67,6500015258789;68,1500015258789;67,26000213623047;67,83999633789062;4324200;0
71;2016-04-15;67,88999938964844;68,58000183105469;67,7699966430664;67,91999816894531;4420200;0
72;2016-04-18;67,79000091552734;67,80999755859375;66,68000030517578;67,54000091552734;4991900;0
73;2016-04-19;67,62000274658203;68,83000183105469;67,37999725341797;67,80999755859375;5440700;0
74;2016-04-20;67,19000244140625;68,4000015258789;66,87000274658203;67,86000061035156;5106300;0
75;2016-04-21;67,7300033569336;69,25;67,7300033569336;68,2300033569336;4476900;0
76;2016-04-22;68,2300033569336;68,31999969482422;65,55999755859375;66,54000091552734;5375700;0
77;2016-04-25;66,75;67,08000183105469;66,41000366210938;66,9800033569336;3443800;0
78;2016-04-26;67,4000015258789;67,51000213623047;66,5;67,0;4445600;0
79;2016-04-27;67,05000305175781;68,91000366210938;67,01000213623047;68,68000030517578;6220500;0
80;2016-04-28;67,62999725341797;70,75;67,55999755859375;69,23999786376953;7220900;1
81;2016-04-29;68,9800033569336;70,43000030517578;68,63999938964844;70,08999633789062;6485400;0
82;2016-05-02;70,33000183105469;70,47000122070312;69,54000091552734;70,04000091552734;4575600;0
83;2016-05-03;69,6500015258789;70,38999938964844;69,12999725341797;70,0999984741211;4670900;0
84;2016-05-04;69,45999908447266;69,81999969482422;68,7699966430664;69,2300033569336;4332500;0
85;2016-05-05;69,44999694824219;69,83000183105469;69,04000091552734;69,2699966430664;3058300;0
86;2016-05-06;69,01000213623047;69,4800033569336;68,3499984741211;69,22000122070312;1872200;0
87;2016-05-09;69,4000015258789;69,54000091552734;68,69000244140625;69,12999725341797;2320700;0
88;2016-05-10;69,19000244140625;70,45999908447266;68,6500015258789;70,45999908447266;6235900;0
89;2016-05-11;70,31999969482422;70,31999969482422;68,75;68,91999816894531;2660400;0
90;2016-05-12;69,33999633789062;69,48999786376953;67,44000244140625;67,97000122070312;2574500;0
91;2016-05-13;67,70999908447266;68,44999694824219;66,30999755859375;66,87999725341797;3812200;0
92;2016-05-16;66,87999725341797;68,16000366210938;66,63999938964844;67,70999908447266;2647800;0
93;2016-05-17;67,70999908447266;68,41000366210938;67,01000213623047;67,26000213623047;2726000;0
94;2016-05-18;67,0;67,2699966430664;65,12000274658203;65,70999908447266;4548700;0
95;2016-05-19;65,13999938964844;65,25;64,11000061035156;64,97000122070312;3533000;0
96;2016-05-20;64,77999877929688;65,37000274658203;64,69999694824219;64,9800033569336;3008200;0
97;2016-05-23;65,0199966430664;65,12000274658203;64,48999786376953;64,86000061035156;2001900;0
98;2016-05-24;65,16999816894531;65,61000061035156;64,87000274658203;65,37000274658203;2271600;0
99;2016-05-25;65,37000274658203;66,33999633789062;65,16000366210938;66,19999694824219;2750500;0
100;2016-05-26;66,18000030517578;66,19000244140625;65,37000274658203;65,55999755859375;2025500;0
101;2016-05-27;65,76000213623047;66,33999633789062;65,58000183105469;66,30999755859375;1619200;0
102;2016-05-31;66,33999633789062;66,69000244140625;65,91000366210938;66,04000091552734;2373600;0
103;2016-06-01;66,22000122070312;67,29000091552734;65,66999816894531;67,1500015258789;3899400;0
104;2016-06-02;66,79000091552734;68,80999755859375;66,62999725341797;68,5199966430664;3879500;0
105;2016-06-03;67,87999725341797;68,4000015258789;67,0;68,02999877929688;2901800;0
106;2016-06-06;68,04000091552734;68,25;67,54000091552734;67,8499984741211;1827900;0
107;2016-06-07;68,06999969482422;68,1500015258789;67,20999908447266;67,30999755859375;2302800;0
108;2016-06-08;67,4800033569336;67,87999725341797;66,31999969482422;67,55999755859375;3493400;0
109;2016-06-09;67,13999938964844;67,41999816894531;66,66999816894531;67,22000122070312;2551800;0
110;2016-06-10;66,41999816894531;66,69000244140625;66,06999969482422;66,48999786376953;2553100;1
111;2016-06-13;66,3499984741211;67,0;65,94000244140625;65,95999908447266;2872600;0
112;2016-06-14;65,61000061035156;65,98999786376953;64,97000122070312;65,37999725341797;3358800;0
113;2016-06-15;65,45999908447266;66,7300033569336;65,41000366210938;65,72000122070312;2933800;0
114;2016-06-16;65,4800033569336;65,73999786376953;64,33000183105469;65,58999633789062;2741000;0
115;2016-06-17;65,58000183105469;66,58999633789062;65,51000213623047;66,47000122070312;3229500;0
116;2016-06-20;67,16000366210938;68,45999908447266;67,05999755859375;67,83999633789062;3091000;0
117;2016-06-21;67,7300033569336;67,83000183105469;67,12999725341797;67,70999908447266;2429200;0
118;2016-06-22;67,88999938964844;68,41999816894531;67,41999816894531;67,75;3592200;1
119;2016-06-23;68,38999938964844;68,98999786376953;68,04000091552734;68,94999694824219;2472600;2
120;2016-06-24;66,36000061035156;67,33999633789062;63,84000015258789;63,90999984741211;6184400;0
121;2016-06-27;63,310001373291016;63,81999969482422;60,869998931884766;61,209999084472656;6495400;0
122;2016-06-28;62,16999816894531;62,72999954223633;61,650001525878906;62,59000015258789;4016500;0
123;2016-06-29;63,189998626708984;65,33999633789062;63,16999816894531;64,9000015258789;4199900;0
124;2016-06-30;65,68000030517578;66,75;64,87999725341797;66,45999908447266;4328900;0
125;2016-07-01;66,38999938964844;67,9000015258789;66,08999633789062;67,79000091552734;3341000;0
126;2016-07-05;67,83999633789062;67,94999694824219;66,76000213623047;67,08999633789062;3093800;0
127;2016-07-06;66,69999694824219;67,94999694824219;66,30999755859375;67,8499984741211;2899300;0
128;2016-07-07;67,9800033569336;68,70999908447266;67,4000015258789;68,36000061035156;2918500;0
129;2016-07-08;68,98999786376953;70,04000091552734;68,83999633789062;69,8499984741211;3686900;0
130;2016-07-11;69,8499984741211;70,2699966430664;69,62000274658203;70,12000274658203;3282900;0
131;2016-07-12;70,47000122070312;71,5;70,44999694824219;71,26000213623047;3908700;0
132;2016-07-13;71,52999877929688;71,55000305175781;69,58000183105469;70,12000274658203;3413800;0
133;2016-07-14;70,9000015258789;71,0;70,33999633789062;70,44999694824219;2274400;0
134;2016-07-15;70,41999816894531;70,55999755859375;69,27999877929688;70,19999694824219;1837900;0
135;2016-07-18;70,19000244140625;70,76000213623047;69,98999786376953;70,38999938964844;2061700;0
136;2016-07-19;69,9000015258789;70,16999816894531;69,38999938964844;70,1500015258789;3060100;2
137;2016-07-20;70,20999908447266;70,43000030517578;69,73999786376953;69,87000274658203;1916200;0
138;2016-07-21;69,62000274658203;70,47000122070312;69,45999908447266;70,37999725341797;2579300;0
139;2016-07-22;70,30000305175781;71,12000274658203;70,05000305175781;70,98999786376953;1838200;0
140;2016-07-25;70,91999816894531;71,3499984741211;70,66000366210938;71,20999908447266;2789700;1
141;2016-07-26;71,11000061035156;71,72000122070312;70,69999694824219;71,66999816894531;2531000;0
142;2016-07-27;71,05000305175781;71,18000030517578;69,72000122070312;70,54000091552734;4010600;0
143;2016-07-28;69,5199966430664;71,63999938964844;69,0;71,52999877929688;3653200;0
144;2016-07-29;71,31999969482422;71,8499984741211;70,88999938964844;71,69999694824219;2408300;0
145;2016-08-01;71,48999786376953;71,73999786376953;70,7300033569336;71,19000244140625;2235700;2
146;2016-08-02;71,19000244140625;71,20999908447266;69,68000030517578;70,58999633789062;2514800;0
147;2016-08-03;70,44000244140625;71,4000015258789;70,1500015258789;71,30999755859375;2888900;0
148;2016-08-04;71,29000091552734;72,23999786376953;70,61000061035156;72,20999908447266;1974400;0
149;2016-08-05;72,69000244140625;73,13999938964844;72,30999755859375;72,70999908447266;1846300;0
150;2016-08-08;72,98999786376953;73,2300033569336;72,30999755859375;72,54000091552734;3782600;2
151;2016-08-09;72,62999725341797;72,9800033569336;71,73999786376953;71,8499984741211;2639700;0
152;2016-08-10;72,02999877929688;72,52999877929688;71,5199966430664;71,86000061035156;2342200;0
153;2016-08-11;71,9800033569336;72,3499984741211;71,63999938964844;72,0999984741211;1350000;0
154;2016-08-12;71,4000015258789;72,55000305175781;71,30000305175781;71,94000244140625;1784700;1
155;2016-08-15;72,08999633789062;73,13999938964844;72,0199966430664;72,87999725341797;2030400;0
156;2016-08-16;72,94000244140625;73,11000061035156;72,41999816894531;72,77999877929688;2439400;0
157;2016-08-17;72,93000030517578;73,06999969482422;72,27999877929688;73,01000213623047;1712400;0
158;2016-08-18;72,94999694824219;73,26000213623047;72,30999755859375;72,95999908447266;1063100;0
159;2016-08-19;72,62999725341797;73,98999786376953;72,33999633789062;73,97000122070312;2353200;0
160;2016-08-22;73,66000366210938;73,91000366210938;72,62000274658203;73,01000213623047;4737900;0
161;2016-08-23;73,43000030517578;73,44000244140625;72,9800033569336;73,12999725341797;1735200;2
162;2016-08-24;72,97000122070312;73,2699966430664;72,33000183105469;72,4800033569336;1459900;0
163;2016-08-25;72,44999694824219;73,11000061035156;72,30000305175781;73,02999877929688;3013800;0
164;2016-08-26;73,30999755859375;73,58999633789062;72,55000305175781;72,80000305175781;2270300;0
165;2016-08-29;72,87999725341797;73,81999969482422;72,87999725341797;73,08000183105469;1957700;0
166;2016-08-30;73,23999786376953;73,25;72,19000244140625;72,33000183105469;2326700;0
167;2016-08-31;72,18000030517578;72,5;71,31999969482422;71,33000183105469;2337300;0
168;2016-09-01;71,4000015258789;71,94999694824219;70,87999725341797;71,12999725341797;3145100;2
169;2016-09-02;71,38999938964844;71,7699966430664;70,55000305175781;70,95999908447266;2568500;0
170;2016-09-06;70,91999816894531;71,0999984741211;69,95999908447266;70,08999633789062;2265400;0
171;2016-09-07;70,44999694824219;70,5999984741211;70,01000213623047;70,4000015258789;1781600;0
172;2016-09-08;70,51000213623047;70,51000213623047;69,87999725341797;70,02999877929688;1880000;2
173;2016-09-09;70,0199966430664;70,1500015258789;67,05000305175781;67,16000366210938;3883000;0
174;2016-09-12;66,69000244140625;68,95999908447266;66,54000091552734;68,81999969482422;3153100;0
175;2016-09-13;68,20999908447266;69,05000305175781;67,86000061035156;68,41000366210938;4196000;0
176;2016-09-14;68,20999908447266;69,16000366210938;67,44000244140625;68,48999786376953;4322800;0
177;2016-09-15;68,51000213623047;69,5;68,12999725341797;69,29000091552734;3281500;0
178;2016-09-16;69,06999969482422;69,12000274658203;68,12000274658203;68,69000244140625;3270900;0
179;2016-09-19;68,98999786376953;69,37999725341797;67,94999694824219;68,33999633789062;1794900;0
180;2016-09-20;68,91000366210938;70,98999786376953;68,66000366210938;69,94000244140625;11410300;0
181;2016-09-21;69,80000305175781;70,33999633789062;69,23999786376953;70,13999938964844;15921400;0
182;2016-09-22;70,54000091552734;70,7300033569336;69,51000213623047;69,75;17562100;2
183;2016-09-23;69,36000061035156;69,44000244140625;68,0999984741211;68,44000244140625;11920800;0
184;2016-09-26;69,19999694824219;69,2300033569336;67,01000213623047;67,1500015258789;5063800;0
185;2016-09-27;67,19999694824219;67,91999816894531;66,95999908447266;67,05000305175781;4869100;0
186;2016-09-28;67,04000091552734;67,44000244140625;66,69999694824219;67,37999725341797;4599000;0
187;2016-09-29;67,20999908447266;68,08999633789062;66,9800033569336;67,0999984741211;3181800;1
188;2016-09-30;67,4000015258789;67,73999786376953;66,94999694824219;67,33000183105469;6088200;0
189;2016-10-03;67,33999633789062;67,77999877929688;67,29000091552734;67,44999694824219;2599000;0
190;2016-10-04;67,33000183105469;67,44000244140625;66,87999725341797;67,11000061035156;2748400;0
191;2016-10-05;67,20999908447266;67,69000244140625;67,12000274658203;67,47000122070312;2556200;0
192;2016-10-06;67,3499984741211;67,63999938964844;66,83999633789062;67,51000213623047;2264900;0
193;2016-10-07;67,48999786376953;67,8499984741211;66,73999786376953;67,13999938964844;2879700;1
194;2016-10-10;67,55000305175781;68,05999755859375;67,37000274658203;67,38999938964844;1979200;0
195;2016-10-11;67,12000274658203;67,45999908447266;66,16000366210938;66,61000061035156;6718100;0
196;2016-10-12;66,5999984741211;67,06999969482422;66,43000030517578;66,91000366210938;2186100;0
197;2016-10-13;66,33999633789062;67,33999633789062;66,05999755859375;67,2699966430664;3456400;0
198;2016-10-14;67,43000030517578;67,87000274658203;67,01000213623047;67,44999694824219;2654800;0
199;2016-10-17;67,3499984741211;67,76000213623047;66,83999633789062;66,91999816894531;1631300;1
200;2016-10-18;67,72000122070312;68,06999969482422;67,2300033569336;67,83000183105469;3016800;0
201;2016-10-19;67,94999694824219;68,25;67,73999786376953;67,95999908447266;1631700;0
202;2016-10-20;67,75;67,8499984741211;66,79000091552734;67,4000015258789;2068000;0
203;2016-10-21;67,05999755859375;67,51000213623047;66,58999633789062;67,13999938964844;1855400;0
204;2016-10-24;67,75;68,47000122070312;67,36000061035156;67,37999725341797;2610300;1
205;2016-10-25;67,36000061035156;67,51000213623047;67,0;67,20999908447266;2038200;0
206;2016-10-26;66,4800033569336;66,98999786376953;65,91000366210938;66,69000244140625;3820800;0
207;2016-10-27;66,69999694824219;66,95999908447266;66,20999908447266;66,91999816894531;2306900;0
208;2016-10-28;66,9800033569336;67,87999725341797;66,69000244140625;67,44000244140625;1993000;0
209;2016-10-31;67,72000122070312;68,95999908447266;67,72000122070312;68,69999694824219;2697800;0
210;2016-11-01;68,68000030517578;69,0;67,73999786376953;68,31999969482422;3147200;0
211;2016-11-02;68,4000015258789;69,2699966430664;68,02999877929688;68,4000015258789;2920100;1
212;2016-11-03;68,58000183105469;69,4000015258789;68,4000015258789;69,23999786376953;3203700;0
213;2016-11-04;68,68000030517578;70,5999984741211;68,68000030517578;69,61000061035156;4147500;0
214;2016-11-07;70,66000366210938;71,18000030517578;70,27999877929688;71,0999984741211;3578100;0
215;2016-11-08;70,0;73,63999938964844;69,04000091552734;73,0199966430664;7883400;0
216;2016-11-09;71,16000366210938;74,27999877929688;71,0;74,08000183105469;5023400;0
217;2016-11-10;74,5199966430664;75,08999633789062;73,22000122070312;73,41999816894531;5273800;0
218;2016-11-11;73,1500015258789;73,86000061035156;72,75;73,38999938964844;2986500;0
219;2016-11-14;73,5;77,80999755859375;73,45999908447266;77,23999786376953;7313000;0
220;2016-11-15;77,0;77,8499984741211;76,73999786376953;77,70999908447266;3863400;0
221;2016-11-16;77,38999938964844;78,18000030517578;77,27999877929688;77,56999969482422;2746900;0
222;2016-11-17;77,51000213623047;78,02999877929688;77,2300033569336;77,47000122070312;2294400;0
223;2016-11-18;77,41999816894531;77,63999938964844;77,04000091552734;77,13999938964844;1647300;2
224;2016-11-21;77,04000091552734;77,81999969482422;76,87999725341797;77,29000091552734;2605600;0
225;2016-11-22;77,37999725341797;77,9800033569336;77,16000366210938;77,8499984741211;2706100;0
226;2016-11-23;77,5999984741211;78,12000274658203;77,33000183105469;78,08000183105469;1817800;0
227;2016-11-25;78,0999984741211;78,9000015258789;77,26000213623047;78,5199966430664;1059600;0
228;2016-11-28;77,55000305175781;78,5199966430664;77,02999877929688;78,06999969482422;3418700;0
229;2016-11-29;78,08999633789062;79,58000183105469;78,08999633789062;79,11000061035156;3428000;0
230;2016-11-30;79,06999969482422;79,38999938964844;78,02999877929688;78,77999877929688;3540300;0
231;2016-12-01;78,47000122070312;80,29000091552734;78,47000122070312;79,81999969482422;4127100;0
232;2016-12-02;79,18000030517578;80,2699966430664;78,79000091552734;79,19999694824219;2769300;0
233;2016-12-05;80,51000213623047;81,25;80,04000091552734;81,0;3508000;0
234;2016-12-06;81,0;82,0999984741211;80,66999816894531;82,08000183105469;2907300;2
235;2016-12-07;82,12000274658203;84,2699966430664;81,86000061035156;83,91999816894531;3964700;0
236;2016-12-08;84,08000183105469;84,58999633789062;83,1500015258789;83,48999786376953;4059400;0
237;2016-12-09;83,9800033569336;83,9800033569336;83,06999969482422;83,55000305175781;2386200;0
238;2016-12-12;83,43000030517578;83,9800033569336;82,76000213623047;83,91000366210938;2086100;0
239;2016-12-13;84,0;84,95999908447266;83,87000274658203;84,4000015258789;2501800;2
240;2016-12-14;84,55000305175781;85,05000305175781;83,76000213623047;83,94000244140625;2012000;0
241;2016-12-15;84,43000030517578;85,3499984741211;83,91999816894531;84,33000183105469;3305200;0
242;2016-12-16;84,88999938964844;86,1500015258789;84,30000305175781;86,05000305175781;9997200;0
243;2016-12-19;85,75;86,0;84,70999908447266;84,86000061035156;3139200;0
244;2016-12-20;85,2699966430664;85,7699966430664;84,80999755859375;85,0999984741211;2637600;0
245;2016-12-21;85,06999969482422;85,44999694824219;84,75;84,8499984741211;1818200;2
246;2016-12-22;84,97000122070312;85,0;83,33000183105469;83,7300033569336;2575100;0
247;2016-12-23;83,7300033569336;84,16999816894531;83,5999984741211;84,08999633789062;2316900;0
248;2016-12-27;84,5;84,69000244140625;83,94999694824219;84,13999938964844;1374200;0
249;2016-12-28;84,41000366210938;84,5;83,30999755859375;83,36000061035156;1557700;0
250;2016-12-29;83,56999969482422;83,73999786376953;83,11000061035156;83,31999969482422;1590400;0
251;2016-12-30;83,4800033569336;83,61000061035156;82,54000091552734;82,68000030517578;2403000;0
252;2017-01-03;83,3499984741211;83,8499984741211;81,70999908447266;82,5;3277100;0
253;2017-01-04;82,73999786376953;83,4000015258789;82,25;82,33999633789062;4016200;0
254;2017-01-05;82,06999969482422;83,06999969482422;81,66000366210938;81,77999877929688;2828200;0
255;2017-01-06;81,79000091552734;83,0199966430664;81,33000183105469;82,30000305175781;2306200;2
256;2017-01-09;82,05000305175781;82,69999694824219;81,5999984741211;82,25;2643000;0
257;2017-01-10;82,08999633789062;82,41999816894531;81,66000366210938;81,93000030517578;2168000;0
258;2017-01-11;82,27999877929688;83,41999816894531;81,80000305175781;82,83999633789062;2887300;0
259;2017-01-12;82,69000244140625;82,76000213623047;81,04000091552734;81,88999938964844;2281600;0
260;2017-01-13;81,93000030517578;82,6500015258789;81,93000030517578;82,63999938964844;1671400;0
261;2017-01-17;82,56999969482422;82,9000015258789;82,20999908447266;82,37999725341797;2113900;0
262;2017-01-18;82,41000366210938;83,0999984741211;82,06999969482422;83,0;1467300;0
263;2017-01-19;83,72000122070312;85,29000091552734;83,72000122070312;84,52999877929688;3465000;0
264;2017-01-20;84,87000274658203;85,76000213623047;84,16000366210938;84,37999725341797;2449800;0
265;2017-01-23;84,1500015258789;84,52999877929688;83,81999969482422;84,37000274658203;1452000;1
266;2017-01-24;84,3499984741211;84,97000122070312;84,0199966430664;84,51000213623047;1455600;0
267;2017-01-25;84,79000091552734;85,69999694824219;84,23999786376953;85,61000061035156;2094600;0
268;2017-01-26;85,79000091552734;86,23999786376953;85,54000091552734;85,83999633789062;2148200;0
269;2017-01-27;85,97000122070312;86,31999969482422;85,52999877929688;86,08000183105469;1693400;0
270;2017-01-30;85,83000183105469;85,83000183105469;84,58999633789062;85,26000213623047;2251100;0
271;2017-01-31;85,23999786376953;85,23999786376953;84,36000061035156;84,5999984741211;2462000;1
272;2017-02-01;84,48999786376953;85,20999908447266;84,2699966430664;84,63999938964844;2241700;0
273;2017-02-02;84,4000015258789;84,80999755859375;83,80999755859375;84,5;1803800;0
274;2017-02-03;84,7699966430664;85,5199966430664;84,7699966430664;85,44999694824219;1386600;0
275;2017-02-06;85,45999908447266;85,7300033569336;85,19999694824219;85,6500015258789;1224300;0
276;2017-02-07;85,55999755859375;86,33999633789062;85,55000305175781;85,80999755859375;1547700;0
277;2017-02-08;85,72000122070312;86,4800033569336;85,37000274658203;86,36000061035156;1869500;0
278;2017-02-09;86,86000061035156;86,97000122070312;86,26000213623047;86,79000091552734;2460800;0
279;2017-02-10;86,98999786376953;86,98999786376953;86,44000244140625;86,44999694824219;1866600;1
280;2017-02-13;86,83999633789062;87,41999816894531;86,58999633789062;87,37999725341797;1504200;0
281;2017-02-14;87,30999755859375;87,91000366210938;87,05999755859375;87,88999938964844;2366700;0
282;2017-02-15;87,56999969482422;89,45999908447266;87,2699966430664;89,45999908447266;3447100;0
283;2017-02-16;89,0999984741211;91,06999969482422;88,5;89,44000244140625;3415900;0
284;2017-02-17;89,27999877929688;89,66000366210938;87,23999786376953;89,36000061035156;5275200;2
285;2017-02-21;88,54000091552734;88,87999725341797;87,73999786376953;87,98999786376953;3637100;0
286;2017-02-22;87,69999694824219;88,02999877929688;87,61000061035156;87,68000030517578;1986600;0
287;2017-02-23;87,81999969482422;87,98999786376953;86,95999908447266;87,0;2013400;0
288;2017-02-24;87,02999877929688;87,58999633789062;86,80000305175781;87,08000183105469;2521700;0
289;2017-02-27;86,97000122070312;87,6500015258789;86,75;87,44999694824219;1885100;0
290;2017-02-28;87,30999755859375;87,75;86,88999938964844;86,98999786376953;2587200;0
291;2017-03-01;87,5;88,93000030517578;87,37999725341797;88,48999786376953;2589500;0
292;2017-03-02;88,19999694824219;88,22000122070312;87,22000122070312;87,5199966430664;2968500;0
293;2017-03-03;87,33999633789062;87,69000244140625;86,41999816894531;86,79000091552734;2061600;0
294;2017-03-06;86,58000183105469;87,02999877929688;86,05999755859375;86,72000122070312;2107000;2
295;2017-03-07;86,66000366210938;86,83999633789062;85,93000030517578;86,1500015258789;1909100;0
296;2017-03-08;85,94999694824219;86,70999908447266;85,62999725341797;86,38999938964844;2709200;0
297;2017-03-09;86,44000244140625;87,11000061035156;86,05000305175781;86,30999755859375;1906300;0
298;2017-03-10;86,9800033569336;87,0199966430664;86,02999877929688;86,62000274658203;2187400;0
299;2017-03-13;86,58999633789062;87,08000183105469;86,41999816894531;87,02999877929688;2236200;0
300;2017-03-14;86,86000061035156;86,86000061035156;86,25;86,2699966430664;2058900;0
301;2017-03-15;86,68000030517578;88,08999633789062;86,66999816894531;87,81999969482422;2012100;0
302;2017-03-16;87,81999969482422;88,5;87,3499984741211;88,05999755859375;1846400;0
303;2017-03-17;88,38999938964844;88,48999786376953;87,88999938964844;88,33000183105469;3015200;0
304;2017-03-20;88,33999633789062;89,2300033569336;88,30999755859375;88,68000030517578;2198100;0
305;2017-03-21;90,0199966430664;91,56999969482422;88,66999816894531;89,0999984741211;5486100;0
306;2017-03-22;89,2699966430664;92,26000213623047;89,05000305175781;92,13999938964844;4540100;0
307;2017-03-23;92,13999938964844;93,69000244140625;92,08000183105469;93,13999938964844;4658400;0
308;2017-03-24;93,5;93,86000061035156;93,25;93,5;2274900;0
309;2017-03-27;92,98999786376953;93,52999877929688;92,44999694824219;93,16999816894531;2151700;0
310;2017-03-28;93,16999816894531;94,98999786376953;93,0;94,48999786376953;2256900;0
311;2017-03-29;94,01000213623047;94,69999694824219;93,86000061035156;94,58999633789062;1663200;0
312;2017-03-30;94,4000015258789;95,41999816894531;94,4000015258789;94,63999938964844;2078600;0
313;2017-03-31;94,5999984741211;94,9800033569336;93,98999786376953;94,18000030517578;2269700;0
314;2017-04-03;94,27999877929688;94,52999877929688;92,08000183105469;92,75;3635600;0
315;2017-04-04;92,66999816894531;92,98999786376953;91,93000030517578;92,47000122070312;3097500;0
316;2017-04-05;92,80000305175781;93,22000122070312;91,55000305175781;91,95999908447266;2686500;0
317;2017-04-06;91,9000015258789;92,1500015258789;91,06999969482422;91,7699966430664;2516000;0
318;2017-04-07;91,7300033569336;91,7300033569336;90,25;91,20999908447266;2954500;0
319;2017-04-10;91,04000091552734;91,72000122070312;90,66000366210938;91,05999755859375;2152900;0
320;2017-04-11;91,16000366210938;91,58999633789062;90,79000091552734;91,4000015258789;2732300;0
321;2017-04-12;91,9800033569336;92,0;90,87999725341797;91,75;3416300;0
322;2017-04-13;91,69999694824219;92,12000274658203;91,31999969482422;91,55000305175781;2244900;0
323;2017-04-17;91,91000366210938;91,9800033569336;91,5999984741211;91,94999694824219;1284000;0
324;2017-04-18;91,58999633789062;92,25;90,0;92,0199966430664;3102400;0
325;2017-04-19;92,08999633789062;92,41999816894531;91,18000030517578;91,48999786376953;2025800;0
326;2017-04-20;91,95999908447266;92,9800033569336;90,66999816894531;92,7699966430664;2792900;2
327;2017-04-21;92,7699966430664;92,94999694824219;92,23999786376953;92,47000122070312;2521400;0
328;2017-04-24;93,6500015258789;93,9000015258789;93,1500015258789;93,5199966430664;2085000;0
329;2017-04-25;93,98999786376953;94,7699966430664;93,75;94,56999969482422;1637800;0
330;2017-04-26;94,55999755859375;96,81999969482422;94,36000061035156;96,30000305175781;3614500;0
331;2017-04-27;96,31999969482422;96,43000030517578;95,41999816894531;95,73999786376953;3655300;2
332;2017-04-28;95,91000366210938;96,0199966430664;93,69999694824219;94,41999816894531;2859800;0
333;2017-05-01;94,72000122070312;96,05999755859375;94,45999908447266;95,58000183105469;1676100;0
334;2017-05-02;95,91999816894531;97,16999816894531;95,73999786376953;97,0999984741211;2483000;0
335;2017-05-03;97,19999694824219;97,30999755859375;96,55999755859375;96,98999786376953;2387200;0
336;2017-05-04;97,19000244140625;97,37999725341797;96,66999816894531;96,87999725341797;2571100;0
337;2017-05-05;97,22000122070312;97,22000122070312;96,73999786376953;97,05000305175781;3038500;0
338;2017-05-08;97,08999633789062;97,55000305175781;95,88999938964844;96,37000274658203;3955100;1
339;2017-05-09;101,19999694824219;103,22000122070312;99,3499984741211;102,5;6721600;0
340;2017-05-10;102,33999633789062;103,43000030517578;101,70999908447266;103,23999786376953;2610900;0
341;2017-05-11;103,08000183105469;103,62000274658203;102,56999969482422;102,81999969482422;1622600;0
342;2017-05-12;102,7699966430664;103,0999984741211;102,05000305175781;102,44999694824219;1958000;0
343;2017-05-15;102,4000015258789;104,33999633789062;102,25;104,05999755859375;2416700;0
344;2017-05-16;104,51000213623047;104,5199966430664;103,43000030517578;103,98999786376953;2406100;0
345;2017-05-17;103,06999969482422;103,0999984741211;102,05999755859375;102,11000061035156;1943900;0
346;2017-05-18;102,12999725341797;103,70999908447266;101,73999786376953;102,52999877929688;3512100;0
347;2017-05-19;102,56999969482422;103,25;102,37000274658203;102,81999969482422;1976500;0
348;2017-05-22;102,93000030517578;104,33000183105469;102,69000244140625;104,22000122070312;2016300;0
349;2017-05-23;104,12000274658203;105,52999877929688;103,87999725341797;105,48999786376953;2867500;0
350;2017-05-24;105,94999694824219;106,0999984741211;105,51000213623047;105,87999725341797;1655600;0
351;2017-05-25;106,0;107,44999694824219;106,0;106,52999877929688;5163000;0
352;2017-05-26;106,69000244140625;107,5;106,55000305175781;106,9000015258789;1794700;0
353;2017-05-30;106,6500015258789;107,23999786376953;106,41000366210938;106,73999786376953;2129100;0
354;2017-05-31;107,01000213623047;107,68000030517578;106,38999938964844;107,6500015258789;3013600;0
355;2017-06-01;108,0;108,98999786376953;107,6500015258789;108,68000030517578;1778300;0
356;2017-06-02;108,88999938964844;110,51000213623047;108,76000213623047;110,05999755859375;2886800;2
357;2017-06-05;110,0999984741211;110,3499984741211;107,80000305175781;108,19000244140625;2194100;0
358;2017-06-06;107,31999969482422;107,51000213623047;104,91999816894531;104,98999786376953;4531600;0
359;2017-06-07;105,5;105,61000061035156;103,12000274658203;105,12000274658203;4503600;0
360;2017-06-08;104,55999755859375;105,16999816894531;102,4000015258789;105,08000183105469;3320800;2
361;2017-06-09;104,9800033569336;105,45999908447266;101,86000061035156;102,41999816894531;3629500;0
362;2017-06-12;101,79000091552734;102,48999786376953;100,7699966430664;102,06999969482422;5035400;0
363;2017-06-13;102,55000305175781;103,88999938964844;102,25;103,87999725341797;2978400;0
364;2017-06-14;104,37999725341797;104,91000366210938;102,86000061035156;103,91000366210938;2316100;0
365;2017-06-15;103,3499984741211;104,81999969482422;102,54000091552734;104,73999786376953;1559900;0
366;2017-06-16;104,41000366210938;105,30999755859375;103,97000122070312;104,5;3960300;0
367;2017-06-19;105,01000213623047;106,30999755859375;104,63999938964844;105,93000030517578;1636900;0
368;2017-06-20;105,43000030517578;105,87999725341797;104,16000366210938;104,19000244140625;1641500;0
369;2017-06-21;104,31999969482422;104,75;103,66999816894531;104,12999725341797;1441300;2
370;2017-06-22;104,08999633789062;104,4000015258789;103,38999938964844;103,88999938964844;1516800;0
371;2017-06-23;103,80999755859375;104,44999694824219;103,31999969482422;104,05999755859375;6252400;2
372;2017-06-26;104,06999969482422;105,1500015258789;103,51000213623047;103,93000030517578;2114500;0
373;2017-06-27;103,52999877929688;103,55999755859375;100,88999938964844;101,02999877929688;2719000;0
374;2017-06-28;101,0;102,51000213623047;100,47000122070312;101,9800033569336;2059200;0
375;2017-06-29;102,16000366210938;102,33999633789062;99,08000183105469;100,20999908447266;3052400;0
376;2017-06-30;101,18000030517578;101,22000122070312;100,27999877929688;100,30999755859375;2837400;2
377;2017-07-03;100,61000061035156;101,0;99,91999816894531;100,11000061035156;1230600;0
378;2017-07-05;100,30000305175781;101,55999755859375;100,05000305175781;101,16999816894531;2290900;1
379;2017-07-06;100,44999694824219;100,75;99,37999725341797;99,6500015258789;1984400;0
380;2017-07-07;99,69999694824219;100,73999786376953;99,43000030517578;100,3499984741211;2469800;0
381;2017-07-10;100,2300033569336;100,88999938964844;99,55999755859375;100,70999908447266;1523900;0
382;2017-07-11;100,33000183105469;100,94999694824219;99,83000183105469;100,7300033569336;1793200;0
383;2017-07-12;101,6500015258789;102,05000305175781;100,68000030517578;100,80000305175781;1776900;0
384;2017-07-13;101,0;101,23999786376953;100,45999908447266;100,69999694824219;1396400;0
385;2017-07-14;100,80999755859375;101,37000274658203;100,16999816894531;100,98999786376953;1323900;0
386;2017-07-17;100,88999938964844;101,94999694824219;100,61000061035156;101,3499984741211;1232300;0
387;2017-07-18;100,9800033569336;102,30999755859375;100,63999938964844;102,0;1367400;0
388;2017-07-19;101,87999725341797;102,61000061035156;101,44999694824219;102,23999786376953;1056900;1
389;2017-07-20;102,19000244140625;102,93000030517578;101,91000366210938;102,4000015258789;1622400;0
390;2017-07-21;102,05000305175781;103,05999755859375;102,0199966430664;102,8499984741211;1363600;0
391;2017-07-24;103,02999877929688;103,12000274658203;102,61000061035156;102,70999908447266;1506800;0
392;2017-07-25;103,1500015258789;103,31999969482422;102,63999938964844;103,05999755859375;1526800;0
393;2017-07-26;103,38999938964844;104,83999633789062;102,47000122070312;103,04000091552734;2606200;0
394;2017-07-27;103,4800033569336;104,41000366210938;102,9800033569336;104,05999755859375;2066400;0
395;2017-07-28;103,63999938964844;104,61000061035156;103,2699966430664;103,33999633789062;2005200;0
396;2017-07-31;103,75;104,97000122070312;103,56999969482422;104,19000244140625;1262800;0
397;2017-08-01;104,80000305175781;105,55000305175781;104,61000061035156;105,12999725341797;1299600;0
398;2017-08-02;104,37999725341797;104,73999786376953;102,05000305175781;103,48999786376953;2182000;0
399;2017-08-03;103,62000274658203;105,19000244140625;103,44999694824219;103,66000366210938;2250600;1
400;2017-08-04;104,06999969482422;105,05000305175781;103,6500015258789;105,0199966430664;3068900;0
401;2017-08-07;107,0;107,62999725341797;105,69999694824219;106,16999816894531;4861600;0
402;2017-08-08;100,94999694824219;104,76000213623047;100,52999877929688;103,94999694824219;4618000;0
403;2017-08-09;103,0999984741211;103,19999694824219;101,20999908447266;101,3499984741211;2779100;2
404;2017-08-10;100,95999908447266;101,0;99,19999694824219;99,5199966430664;3912800;0
405;2017-08-11;99,5;100,16000366210938;98,86000061035156;99,4000015258789;2154700;0
406;2017-08-14;100,19000244140625;100,44999694824219;99,66999816894531;100,06999969482422;2578200;0
407;2017-08-15;100,31999969482422;101,04000091552734;99,93000030517578;100,4000015258789;1603400;2
408;2017-08-16;100,5999984741211;100,8499984741211;99,69000244140625;100,30000305175781;1906900;2
409;2017-08-17;100,18000030517578;100,18000030517578;97,80000305175781;97,83999633789062;2579500;0
410;2017-08-18;97,80000305175781;98,73999786376953;96,9000015258789;98,02999877929688;1581300;0
411;2017-08-21;98,16000366210938;99,20999908447266;97,98999786376953;99,08000183105469;1494600;0
412;2017-08-22;99,20999908447266;102,41000366210938;98,86000061035156;102,0;2592700;0
413;2017-08-23;101,1500015258789;101,69999694824219;100,2699966430664;100,43000030517578;2749800;0
414;2017-08-24;100,55999755859375;101,02999877929688;99,58000183105469;99,94999694824219;1365000;1
415;2017-08-25;100,79000091552734;100,97000122070312;100,1500015258789;100,66000366210938;1346400;0
416;2017-08-28;100,98999786376953;100,98999786376953;100,23999786376953;100,70999908447266;1389300;0
417;2017-08-29;99,91000366210938;100,54000091552734;99,58000183105469;100,2300033569336;1286200;0
418;2017-08-30;100,76000213623047;103,75;100,55999755859375;103,63999938964844;1954400;0
419;2017-08-31;103,70999908447266;104,3499984741211;102,80999755859375;103,58000183105469;1837300;0
420;2017-09-01;104,0199966430664;104,25;103,41999816894531;103,80000305175781;1258000;0
421;2017-09-05;103,66999816894531;103,81999969482422;101,11000061035156;102,27999877929688;1856800;2
422;2017-09-06;102,68000030517578;102,86000061035156;101,22000122070312;101,80000305175781;1263400;0
423;2017-09-07;102,12999725341797;102,23999786376953;101,20999908447266;101,76000213623047;1661400;0
424;2017-09-08;101,7300033569336;104,44000244140625;101,61000061035156;103,43000030517578;1876100;0
425;2017-09-11;103,81999969482422;106,19999694824219;103,81999969482422;104,62999725341797;2974900;0
426;2017-09-12;104,66000366210938;105,4800033569336;104,29000091552734;105,08000183105469;1269200;0
427;2017-09-13;105,0;106,91999816894531;104,70999908447266;106,7699966430664;1821700;0
428;2017-09-14;106,33999633789062;106,95999908447266;105,6500015258789;106,38999938964844;3517500;0
429;2017-09-15;105,97000122070312;105,97000122070312;104,38999938964844;105,38999938964844;2790600;0
430;2017-09-18;105,7699966430664;106,4800033569336;105,44999694824219;105,54000091552734;2297000;0
431;2017-09-19;105,58000183105469;107,43000030517578;105,06999969482422;107,3499984741211;2148300;0
432;2017-09-20;107,30000305175781;108,23999786376953;106,83999633789062;107,69000244140625;3489400;2
433;2017-09-21;107,83999633789062;108,5;107,33000183105469;107,56999969482422;1911900;0
434;2017-09-22;107,18000030517578;108,06999969482422;107,0;107,87999725341797;1179100;1
435;2017-09-25;107,8499984741211;109,97000122070312;107,43000030517578;108,87000274658203;3713200;0
436;2017-09-26;109,06999969482422;109,6500015258789;107,95999908447266;108,06999969482422;2825700;2
437;2017-09-27;108,36000061035156;108,95999908447266;107,43000030517578;108,36000061035156;3563700;0
438;2017-09-28;108,1500015258789;110,05999755859375;107,95999908447266;110,0;1821600;2
439;2017-09-29;109,66999816894531;111,31999969482422;109,19999694824219;110,26000213623047;3558700;0
440;2017-10-02;110,3499984741211;111,45999908447266;109,69999694824219;110,52999877929688;1545500;0
441;2017-10-03;110,38999938964844;110,83999633789062;108,98999786376953;109,4000015258789;2224900;0
442;2017-10-04;109,25;109,54000091552734;108,30999755859375;108,81999969482422;2720400;0
443;2017-10-05;109,22000122070312;111,5;108,87000274658203;111,2699966430664;3459100;0
444;2017-10-06;111,23999786376953;111,7699966430664;110,73999786376953;111,76000213623047;1872500;0
445;2017-10-09;111,95999908447266;112,79000091552734;111,69999694824219;112,76000213623047;1310000;0
446;2017-10-10;112,87999725341797;114,11000061035156;112,45999908447266;114,08000183105469;1921400;0
447;2017-10-11;113,88999938964844;114,41000366210938;113,69000244140625;114,12999725341797;1338600;2
448;2017-10-12;114,06999969482422;114,87000274658203;113,6500015258789;114,45999908447266;1739100;0
449;2017-10-13;115,0;115,30999755859375;114,4000015258789;115,11000061035156;1690300;1
450;2017-10-16;115,0;115,4000015258789;113,81999969482422;114,75;4016200;0
451;2017-10-17;114,55000305175781;115,08000183105469;114,16999816894531;115,04000091552734;744000;0
452;2017-10-18;115,31999969482422;116,66999816894531;115,05000305175781;115,7699966430664;2472800;0
453;2017-10-19;115,3499984741211;115,41000366210938;114,54000091552734;115,19999694824219;1695200;0
454;2017-10-20;115,48999786376953;115,61000061035156;114,4000015258789;115,0199966430664;2545200;0
455;2017-10-23;115,05999755859375;115,5199966430664;114,70999908447266;115,30999755859375;1409300;0
456;2017-10-24;115,7699966430664;117,08999633789062;115,44000244140625;116,80999755859375;1703100;0
457;2017-10-25;116,11000061035156;117,04000091552734;115,56999969482422;116,33000183105469;2885600;1
458;2017-10-26;117,52999877929688;119,36000061035156;116,4000015258789;118,80999755859375;2637800;0
459;2017-10-27;117,41000366210938;119,43000030517578;117,2699966430664;118,87000274658203;2067400;0
460;2017-10-30;118,66999816894531;118,97000122070312;117,5199966430664;118,5199966430664;1841300;0
461;2017-10-31;118,62000274658203;119,91000366210938;118,31999969482422;119,4800033569336;1712400;0
462;2017-11-01;120,51000213623047;120,91999816894531;119,5999984741211;120,16000366210938;1381000;0
463;2017-11-02;120,44000244140625;121,25;119,0199966430664;119,63999938964844;3713500;0
464;2017-11-03;119,69000244140625;121,58000183105469;119,61000061035156;121,55000305175781;4043300;2
465;2017-11-06;121,33999633789062;123,02999877929688;120,8499984741211;121,9800033569336;2838700;2
466;2017-11-07;122,20999908447266;123,30999755859375;120,66000366210938;120,88999938964844;5253700;0
467;2017-11-08;121,0;124,33999633789062;119,19000244140625;119,9800033569336;6163000;0
468;2017-11-09;119,26000213623047;120,12000274658203;118,12999725341797;118,80999755859375;3317700;0
469;2017-11-10;119,04000091552734;120,87000274658203;118,01000213623047;120,11000061035156;3377000;0
470;2017-11-13;119,66999816894531;120,87999725341797;119,5999984741211;120,38999938964844;2387300;0
471;2017-11-14;120,08000183105469;123,0999984741211;119,94999694824219;123,05999755859375;2141400;0
472;2017-11-15;122,91000366210938;122,95999908447266;121,37999725341797;122,26000213623047;3043300;0
473;2017-11-16;121,94000244140625;124,41999816894531;121,5;124,37999725341797;3493500;0
474;2017-11-17;123,9800033569336;125,63999938964844;123,7699966430664;125,4800033569336;4660700;0
475;2017-11-20;125,33000183105469;126,23999786376953;125,05999755859375;125,91000366210938;1937800;0
476;2017-11-21;126,33000183105469;128,3699951171875;126,33000183105469;127,62000274658203;3478000;0
477;2017-11-22;127,95999908447266;128,0;126,06999969482422;126,38999938964844;2323900;0
478;2017-11-24;126,51000213623047;127,0999984741211;126,37999725341797;126,5;729200;0
479;2017-11-27;126,33000183105469;127,37000274658203;126,33000183105469;126,93000030517578;2560200;0
480;2017-11-28;127,25;127,55000305175781;126,55999755859375;126,9000015258789;3065700;0
481;2017-11-29;127,25;127,43000030517578;125,61000061035156;126,48999786376953;2721700;2
482;2017-11-30;126,13999938964844;127,97000122070312;125,6500015258789;127,0;3102700;0
483;2017-12-01;126,02999877929688;127,33999633789062;124,44999694824219;126,86000061035156;2371100;0
484;2017-12-04;127,70999908447266;129,55999755859375;127,66999816894531;127,7300033569336;2128000;0
485;2017-12-05;127,91999816894531;129,47000122070312;127,37999725341797;127,52999877929688;2065900;2
486;2017-12-06;127,73999786376953;128,0500030517578;127,1500015258789;127,30000305175781;1698400;0
487;2017-12-07;127,20999908447266;127,9800033569336;126,9000015258789;127,8499984741211;1465000;1
488;2017-12-08;128,41000366210938;129,99000549316406;128,38999938964844;129,32000732421875;4325100;0
489;2017-12-11;128,83999633789062;129,25;128,0;128,57000732421875;1432700;0
490;2017-12-12;128,60000610351562;129,02000427246094;127,93000030517578;128,75999450683594;1529200;0
491;2017-12-13;128,8800048828125;129,63999938964844;128,35000610351562;128,47000122070312;2119600;0
492;2017-12-14;128,5800018310547;128,7899932861328;127,69000244140625;127,72000122070312;2564200;0
493;2017-12-15;128,6999969482422;129,89999389648438;128,0800018310547;129,82000732421875;4111500;0
494;2017-12-18;130,4499969482422;134,30999755859375;130,3300018310547;133,33999633789062;3720600;0
495;2017-12-19;133,8800048828125;134,0399932861328;132,64999389648438;133,13999938964844;2915100;0
496;2017-12-20;133,67999267578125;134,25999450683594;133,25999450683594;133,83999633789062;1455100;0
497;2017-12-21;134,4499969482422;135,17999267578125;133,47000122070312;133,9499969482422;2042100;0
498;2017-12-22;133,6999969482422;134,74000549316406;133,5;133,97000122070312;2780900;0
499;2017-12-26;133,9600067138672;134,22999572753906;133,14999389648438;133,3000030517578;1150900;1
500;2017-12-27;133,6999969482422;136,3300018310547;133,60000610351562;136,25;2284500;0
501;2017-12-28;136,4600067138672;136,63999938964844;135,5;136,57000732421875;1704200;0
502;2017-12-29;136,50999450683594;137,60000610351562;135,35000610351562;135,72999572753906;1685500;0
503;2018-01-02;135,88999938964844;135,97999572753906;132,1999969482422;133,75;2949200;0
504;2018-01-03;134,00999450683594;136,8000030517578;133,6999969482422;136,4499969482422;1507900;0
505;2018-01-04;136,85000610351562;137,14999389648438;134,9499969482422;135,6999969482422;3187000;2
506;2018-01-05;136,4499969482422;136,4499969482422;134,1999969482422;134,39999389648438;3404400;0
507;2018-01-08;134,11000061035156;136,5800018310547;134,11000061035156;136,33999633789062;3275500;0
508;2018-01-09;136,52000427246094;138,3000030517578;136,0;137,7100067138672;3071500;0
509;2018-01-10;136,91000366210938;137,7899932861328;136,50999450683594;137,6999969482422;1143500;0
510;2018-01-11;136,64999389648438;139,5399932861328;136,64999389648438;139,42999267578125;1408700;0
511;2018-01-12;140,11000061035156;140,25999450683594;138,52999877929688;139,77999877929688;1806800;0
512;2018-01-16;141,36000061035156;141,38999938964844;138,35000610351562;139,1199951171875;2531800;0
513;2018-01-17;140,2100067138672;142,63999938964844;139,83999633789062;142,0;2436100;0
514;2018-01-18;141,64999389648438;142,69000244140625;140,8699951171875;141,1300048828125;1691100;0
515;2018-01-19;141,6199951171875;144,07000732421875;141,44000244140625;144,07000732421875;3267100;0
516;2018-01-22;144,25;144,2899932861328;142,07000732421875;143,80999755859375;2153900;0
517;2018-01-23;143,5399932861328;146,42999267578125;143,0399932861328;145,8000030517578;1540300;0
518;2018-01-24;146,1199951171875;146,69000244140625;143,8300018310547;144,38999938964844;3736600;0
519;2018-01-25;144,52000427246094;146,05999755859375;143,99000549316406;145,5;1197800;0
520;2018-01-26;145,7100067138672;147,14999389648438;144,9199981689453;147,13999938964844;1113300;0
521;2018-01-29;146,66000366210938;148,91000366210938;145,77000427246094;147,99000549316406;2200800;0
522;2018-01-30;148,22000122070312;149,2100067138672;147,05999755859375;147,27000427246094;1664500;0
523;2018-01-31;147,4199981689453;148,66000366210938;146,92999267578125;147,33999633789062;2329800;1
524;2018-02-01;146,60000610351562;148,25999450683594;145,82000732421875;147,52000427246094;1676600;2
525;2018-02-02;146,69000244140625;147,00999450683594;140,97000122070312;141,1699981689453;2672300;2
526;2018-02-05;140,82000732421875;142,60000610351562;136,27999877929688;136,33999633789062;2921200;0
527;2018-02-06;134,07000732421875;140,22999572753906;131,0;140,02999877929688;2881900;0
528;2018-02-07;139,25;142,77000427246094;138,66000366210938;139,63999938964844;1806400;0
529;2018-02-08;139,61000061035156;139,94000244140625;133,80999755859375;133,8800048828125;2964400;0
530;2018-02-09;134,5399932861328;137,47000122070312;131,10000610351562;136,2899932861328;2885100;0
531;2018-02-12;137,4199981689453;139,92999267578125;137,27000427246094;139,10000610351562;2835100;0
532;2018-02-13;138,4499969482422;141,02000427246094;137,7100067138672;140,61000061035156;1977800;0
533;2018-02-14;141,0;145,39999389648438;140,32000732421875;145,24000549316406;3561700;0
534;2018-02-15;142,1199951171875;144,9499969482422;140,85000610351562;141,2899932861328;4295600;0
535;2018-02-16;140,75999450683594;141,44000244140625;138,47999572753906;138,5;2855600;0
536;2018-02-20;138,13999938964844;140,9499969482422;138,1300048828125;140,44000244140625;2162100;0
537;2018-02-21;140,80999755859375;144,86000061035156;140,6199951171875;141,9600067138672;3809800;0
538;2018-02-22;142,19000244140625;142,7100067138672;139,82000732421875;140,60000610351562;2029400;1
539;2018-02-23;141,82000732421875;142,24000549316406;140,64999389648438;142,1699981689453;1329800;0
540;2018-02-26;142,5800018310547;143,1699981689453;141,22999572753906;141,35000610351562;1873200;2
541;2018-02-27;141,7899932861328;142,35000610351562;138,0800018310547;138,1199951171875;2210600;0
542;2018-02-28;138,5;143,33999633789062;138,5;141,2100067138672;2426500;0
543;2018-03-01;141,2100067138672;142,07000732421875;137,1699981689453;137,5399932861328;3060900;0
544;2018-03-02;136,52000427246094;139,9499969482422;135,1300048828125;139,5800018310547;2386100;0
545;2018-03-05;138,4499969482422;138,9600067138672;134,2899932861328;135,72999572753906;3635800;0
546;2018-03-06;136,5800018310547;138,47000122070312;136,0;137,61000061035156;2380300;0
547;2018-03-07;137,0;139,44000244140625;136,52000427246094;138,97999572753906;1629500;0
548;2018-03-08;139,19000244140625;140,2100067138672;138,85000610351562;139,35000610351562;1584000;0
549;2018-03-09;141,86000061035156;144,61000061035156;140,19000244140625;143,2899932861328;2496200;0
550;2018-03-12;143,22000122070312;143,6699981689453;141,30999755859375;141,80999755859375;2190400;0
551;2018-03-13;142,47999572753906;143,36000061035156;141,57000732421875;141,75;2013000;0
552;2018-03-14;142,4199981689453;142,99000549316406;140,6699981689453;141,42999267578125;1310100;0
553;2018-03-15;141,5800018310547;143,0399932861328;140,94000244140625;141,72999572753906;1310200;0
554;2018-03-16;142,00999450683594;142,4499969482422;141,0500030517578;141,05999755859375;2596300;0
555;2018-03-19;139,92999267578125;140,5500030517578;138,5;139,82000732421875;1662000;0
556;2018-03-20;140,52000427246094;141,3000030517578;140,14999389648438;140,5500030517578;1340800;0
557;2018-03-21;140,27000427246094;141,32000732421875;139,5399932861328;140,4199981689453;1231900;0
558;2018-03-22;139,08999633789062;140,9600067138672;137,14999389648438;137,25;1626600;0
559;2018-03-23;137,05999755859375;137,94000244140625;133,75;133,75999450683594;2039300;0
560;2018-03-26;135,49000549316406;139,1199951171875;134,99000549316406;138,9199981689453;1987200;0
561;2018-03-27;139,41000366210938;139,6699981689453;134,97000122070312;135,58999633789062;1798600;0
562;2018-03-28;135,60000610351562;136,5;132,55999755859375;133,89999389648438;2212000;0
563;2018-03-29;134,88999938964844;137,49000549316406;134,50999450683594;135,97999572753906;2524700;0
564;2018-04-02;134,9600067138672;136,41000366210938;130,38999938964844;132,07000732421875;3154000;0
565;2018-04-03;133,19000244140625;134,1699981689453;131,3699951171875;132,5;3643500;1
566;2018-04-04;130,8699951171875;136,14999389648438;130,4199981689453;135,80999755859375;3194600;0
567;2018-04-05;136,91000366210938;138,41000366210938;133,22999572753906;134,44000244140625;2917400;0
568;2018-04-06;133,14999389648438;134,22999572753906;129,52999877929688;130,92999267578125;2625500;0
569;2018-04-09;131,89999389648438;133,27000427246094;130,57000732421875;130,72000122070312;2449600;0
570;2018-04-10;132,4600067138672;132,8300018310547;128,97000122070312;129,83999633789062;3656100;0
571;2018-04-11;130,75;133,63999938964844;130,75;132,02999877929688;3893100;0
572;2018-04-12;132,50999450683594;133,6999969482422;131,86000061035156;133,00999450683594;2901500;0
573;2018-04-13;133,5399932861328;133,92999267578125;130,50999450683594;131,05999755859375;1352700;0
574;2018-04-16;132,0500030517578;134,27999877929688;131,9199981689453;133,47000122070312;1501400;0
575;2018-04-17;134,6699981689453;137,5500030517578;134,4600067138672;136,80999755859375;2928200;1
576;2018-04-18;136,8800048828125;139,19000244140625;136,69000244140625;138,30999755859375;1612200;0
577;2018-04-19;137,92999267578125;138,64999389648438;136,99000549316406;137,6199951171875;1156300;0
578;2018-04-20;137,14999389648438;138,25;136,72999572753906;137,47999572753906;1380500;1
579;2018-04-23;137,89999389648438;138,7899932861328;136,82000732421875;137,6300048828125;843600;0
580;2018-04-24;138,83999633789062;139,5;135,36000061035156;136,89999389648438;1561700;2
581;2018-04-25;136,38999938964844;137,7899932861328;135,27999877929688;137,24000549316406;1123200;0
582;2018-04-26;138,16000366210938;138,8000030517578;136,22000122070312;137,75999450683594;1240900;1
583;2018-04-27;137,27999877929688;139,0;136,55999755859375;137,4199981689453;1112700;0
584;2018-04-30;138,1199951171875;139,47999572753906;136,47000122070312;136,67999267578125;1115100;1
585;2018-05-01;136,19000244140625;137,75999450683594;135,49000549316406;137,60000610351562;1046600;0
586;2018-05-02;137,1199951171875;137,72000122070312;134,00999450683594;134,16000366210938;2324300;2
587;2018-05-03;133,39999389648438;135,19000244140625;130,72000122070312;134,63999938964844;2474500;0
588;2018-05-04;133,9199981689453;137,05999755859375;133,17999267578125;135,85000610351562;2832800;0
589;2018-05-07;136,5800018310547;137,25;135,85000610351562;136,63999938964844;2331100;1
590;2018-05-08;136,52999877929688;139,4499969482422;136,0;139,30999755859375;3771100;0
591;2018-05-09;138,42999267578125;139,1699981689453;134,25;137,89999389648438;3999700;0
592;2018-05-10;138,1199951171875;138,99000549316406;137,39999389648438;138,57000732421875;2114800;0
593;2018-05-11;138,8800048828125;140,11000061035156;138,17999267578125;139,82000732421875;1509100;1
594;2018-05-14;139,91000366210938;140,27999877929688;138,9600067138672;139,35000610351562;1845400;2
595;2018-05-15;139,0;139,13999938964844;137,83999633789062;138,86000061035156;1492600;0
596;2018-05-16;139,2100067138672;141,61000061035156;138,61000061035156;140,44000244140625;1620000;2
597;2018-05-17;139,88999938964844;140,00999450683594;138,0500030517578;138,2899932861328;1894600;0
598;2018-05-18;139,47000122070312;139,47000122070312;137,72000122070312;138,52000427246094;1444600;0
599;2018-05-21;138,8800048828125;139,83999633789062;137,97999572753906;138,8000030517578;1124300;0
600;2018-05-22;139,38999938964844;139,38999938964844;137,5;137,77999877929688;1099400;0
601;2018-05-23;136,75999450683594;137,83999633789062;136,75999450683594;137,58999633789062;1061300;0
602;2018-05-24;137,42999267578125;138,3699951171875;137,25;137,8699951171875;1504300;2
603;2018-05-25;137,80999755859375;139,17999267578125;137,27000427246094;137,97000122070312;1396700;0
604;2018-05-29;136,32000732421875;136,86000061035156;134,07000732421875;134,5500030517578;2011700;0
605;2018-05-30;135,02000427246094;136,94000244140625;134,60000610351562;136,27000427246094;1271700;0
606;2018-05-31;136,32000732421875;136,75;134,66000366210938;135,36000061035156;2316300;0
607;2018-06-01;136,5800018310547;138,99000549316406;135,7100067138672;138,33999633789062;1558500;0
608;2018-06-04;138,82000732421875;138,99000549316406;137,41000366210938;138,69000244140625;1277500;0
609;2018-06-05;138,5;139,83999633789062;137,83999633789062;138,22000122070312;1334000;0
610;2018-06-06;137,97000122070312;141,72000122070312;137,6999969482422;141,57000732421875;2113500;2
611;2018-06-07;141,66000366210938;142,19000244140625;139,00999450683594;139,44000244140625;1622700;0
612;2018-06-08;139,47999572753906;139,6199951171875;137,94000244140625;138,3800048828125;1609200;0
613;2018-06-11;138,0399932861328;139,83999633789062;137,75;139,13999938964844;1809800;0
614;2018-06-12;139,55999755859375;140,4199981689453;139,24000549316406;139,86000061035156;1354200;0
615;2018-06-13;140,0;140,47999572753906;137,75999450683594;138,35000610351562;1662700;0
616;2018-06-14;138,6999969482422;139,38999938964844;138,14999389648438;138,75;1216100;0
617;2018-06-15;139,0;139,19000244140625;137,22000122070312;138,8300018310547;2321200;0
618;2018-06-18;137,82000732421875;138,86000061035156;137,5;138,6699981689453;826500;2
619;2018-06-19;137,13999938964844;137,52000427246094;135,5;136,5800018310547;1364100;0
620;2018-06-20;136,75;138,22000122070312;135,8300018310547;135,99000549316406;1794900;0
621;2018-06-21;135,7899932861328;135,99000549316406;133,4199981689453;133,72999572753906;1684000;0
622;2018-06-22;133,9499969482422;134,30999755859375;132,47999572753906;132,61000061035156;1813800;2
623;2018-06-25;131,47000122070312;131,99000549316406;128,66000366210938;129,10000610351562;2432100;0
624;2018-06-26;129,4499969482422;130,13999938964844;128,9600067138672;129,42999267578125;1748800;0
625;2018-06-27;129,55999755859375;130,77000427246094;126,69999694824219;126,94000244140625;2284800;2
626;2018-06-28;127,04000091552734;127,29000091552734;124,22000122070312;125,26000213623047;2073600;0
627;2018-06-29;125,37999725341797;127,55000305175781;125,25;126,5999984741211;2022600;0
628;2018-07-02;125,56999969482422;126,91999816894531;125,0;126,48999786376953;1681300;0
629;2018-07-03;127,05999755859375;127,54000091552734;124,33999633789062;124,5199966430664;1345800;0
630;2018-07-05;125,05999755859375;126,70999908447266;125,05999755859375;126,48999786376953;1982600;0
631;2018-07-06;126,70999908447266;127,95999908447266;125,83999633789062;127,66000366210938;1435500;0
632;2018-07-09;129,0800018310547;130,25999450683594;127,91000366210938;130,16000366210938;2635100;0
633;2018-07-10;130,08999633789062;131,42999267578125;130,08999633789062;130,72999572753906;2269300;0
634;2018-07-11;130,07000732421875;130,6300048828125;129,25999450683594;129,85000610351562;1831300;0
635;2018-07-12;130,67999267578125;131,08999633789062;129,3699951171875;130,77000427246094;1335000;1
636;2018-07-13;130,5399932861328;131,16000366210938;130,41000366210938;131,00999450683594;843600;0
637;2018-07-16;131,24000549316406;131,44000244140625;130,25999450683594;130,7899932861328;1444100;0
638;2018-07-17;130,1300048828125;130,94000244140625;129,89999389648438;130,4499969482422;1224000;1
639;2018-07-18;130,36000061035156;133,67999267578125;130,16000366210938;133,1300048828125;2127600;0
640;2018-07-19;131,02000427246094;133,47000122070312;131,02000427246094;133,1999969482422;1964400;0
641;2018-07-20;132,91000366210938;134,1199951171875;132,07000732421875;133,0500030517578;1529500;1
642;2018-07-23;133,0500030517578;133,0500030517578;131,8699951171875;132,02999877929688;1497800;0
643;2018-07-24;132,00999450683594;132,30999755859375;128,77000427246094;130,02000427246094;3871100;0
644;2018-07-25;129,0;131,72999572753906;127,20999908447266;131,5;2718500;0
645;2018-07-26;132,1699981689453;133,66000366210938;130,77000427246094;130,97000122070312;1960200;0
646;2018-07-27;131,1300048828125;131,8699951171875;128,33999633789062;128,5500030517578;2028400;0
647;2018-07-30;128,2899932861328;128,47000122070312;125,69000244140625;125,91000366210938;2040100;0
648;2018-07-31;126,20999908447266;128,05999755859375;125,69999694824219;127,83999633789062;1614300;0
649;2018-08-01;127,77999877929688;129,17999267578125;126,97000122070312;127,87000274658203;2321700;1
650;2018-08-02;126,72000122070312;129,32000732421875;125,91999816894531;129,1300048828125;1513100;0
651;2018-08-03;129,11000061035156;129,27999877929688;127,58000183105469;128,19000244140625;1326500;0
652;2018-08-06;128,50999450683594;129,50999450683594;127,4000015258789;129,27999877929688;2014700;2
653;2018-08-07;125,30999755859375;126,83000183105469;123,95999908447266;124,43000030517578;3859000;0
654;2018-08-08;124,61000061035156;125,66999816894531;121,5;121,62999725341797;2864500;0
655;2018-08-09;122,02999877929688;122,9000015258789;120,61000061035156;120,79000091552734;3202700;0
656;2018-08-10;120,56999969482422;121,63999938964844;119,7699966430664;120,16000366210938;2314200;0
657;2018-08-13;120,6500015258789;121,44999694824219;119,9000015258789;120,45999908447266;1713000;0
658;2018-08-14;121,51000213623047;122,0;120,83999633789062;121,61000061035156;2162500;1
659;2018-08-15;120,55999755859375;121,0199966430664;119,31999969482422;120,43000030517578;2115700;0
660;2018-08-16;121,18000030517578;122,83000183105469;121,11000061035156;122,1500015258789;2475600;0
661;2018-08-17;122,0999984741211;123,87999725341797;121,41999816894531;123,8499984741211;2652800;0
662;2018-08-20;123,83999633789062;124,5199966430664;123,62999725341797;124,4000015258789;2439600;0
663;2018-08-21;124,43000030517578;125,63999938964844;124,37000274658203;125,16000366210938;2488400;0
664;2018-08-22;124,33999633789062;124,70999908447266;123,55000305175781;123,70999908447266;1582600;0
665;2018-08-23;123,6500015258789;123,83000183105469;122,0199966430664;122,18000030517578;1667200;0
666;2018-08-24;122,58000183105469;123,58999633789062;122,30000305175781;123,11000061035156;1408300;1
667;2018-08-27;123,68000030517578;124,69999694824219;123,58000183105469;124,29000091552734;1269900;0
668;2018-08-28;124,58000183105469;125,2699966430664;123,56999969482422;124,68000030517578;1698200;0
669;2018-08-29;124,30999755859375;127,76000213623047;124,16000366210938;126,94999694824219;3105300;0
670;2018-08-30;126,86000061035156;127,05000305175781;125,73999786376953;126,20999908447266;1814900;0
671;2018-08-31;126,33999633789062;127,2699966430664;126,20999908447266;126,47000122070312;2249700;0
672;2018-09-04;126,11000061035156;126,72000122070312;125,05999755859375;126,55000305175781;2069200;0
673;2018-09-05;125,69999694824219;126,19000244140625;124,86000061035156;125,01000213623047;3074400;1
674;2018-09-06;125,12000274658203;125,6500015258789;123,55999755859375;124,9800033569336;2464700;1
675;2018-09-07;125,01000213623047;126,69999694824219;124,37999725341797;126,61000061035156;2916800;0
676;2018-09-10;127,08000183105469;128,0399932861328;126,69999694824219;127,68000030517578;4017400;1
677;2018-09-11;126,9000015258789;128,2100067138672;126,66999816894531;127,3499984741211;2683300;0
678;2018-09-12;127,18000030517578;127,70999908447266;126,5;127,56999969482422;1456600;0
679;2018-09-13;128,0500030517578;129,86000061035156;128,00999450683594;129,5399932861328;1928300;1
680;2018-09-14;129,82000732421875;130,86000061035156;129,4199981689453;130,42999267578125;1693800;0
681;2018-09-17;130,2899932861328;130,50999450683594;129,36000061035156;129,77000427246094;1935400;0
682;2018-09-18;129,85000610351562;130,27000427246094;129,25;129,80999755859375;1755900;0
683;2018-09-19;130,3000030517578;131,58999633789062;129,77999877929688;131,22999572753906;1625400;0
684;2018-09-20;131,72000122070312;132,25;130,24000549316406;132,17999267578125;1811400;0
685;2018-09-21;132,66000366210938;133,36000061035156;130,41000366210938;130,89999389648438;5530900;0
686;2018-09-24;130,3800048828125;130,75999450683594;128,38999938964844;130,24000549316406;1566800;0
687;2018-09-25;130,7100067138672;130,74000549316406;129,14999389648438;129,27000427246094;1362800;0
688;2018-09-26;129,52000427246094;132,0399932861328;129,33999633789062;130,97999572753906;2358600;0
689;2018-09-27;130,47999572753906;133,5;130,33999633789062;133,4199981689453;1935000;0
690;2018-09-28;132,8000030517578;133,1300048828125;131,8699951171875;132,02999877929688;2439000;0
691;2018-10-01;132,6699981689453;132,86000061035156;128,3000030517578;128,35000610351562;2299500;2
692;2018-10-02;128,16000366210938;128,49000549316406;125,94999694824219;125,97000122070312;2168900;0
693;2018-10-03;126,30000305175781;126,88999938964844;124,33999633789062;124,58999633789062;2451700;0
694;2018-10-04;124,29000091552734;124,55999755859375;121,08000183105469;122,19999694824219;2714300;0
695;2018-10-05;122,91999816894531;123,5199966430664;120,29000091552734;121,44999694824219;2303000;2
696;2018-10-08;121,44999694824219;121,69000244140625;119,5;120,56999969482422;1676800;2
697;2018-10-09;120,4800033569336;121,26000213623047;119,68000030517578;119,7699966430664;1718200;0
698;2018-10-10;119,2699966430664;119,66000366210938;116,41000366210938;116,4800033569336;2233200;0
699;2018-10-11;116,33999633789062;117,41999816894531;114,05000305175781;114,62999725341797;2606800;0
700;2018-10-12;117,20999908447266;117,88999938964844;115,73999786376953;117,48999786376953;2303400;2
701;2018-10-15;117,05000305175781;117,4000015258789;115,47000122070312;115,51000213623047;1509700;0
702;2018-10-16;116,2300033569336;118,33000183105469;115,95999908447266;117,94999694824219;1560600;0
703;2018-10-17;118,16999816894531;118,7300033569336;116,37000274658203;117,95999908447266;1067700;0
704;2018-10-18;117,48999786376953;117,93000030517578;115,12000274658203;115,29000091552734;2185100;2
705;2018-10-19;114,70999908447266;115,29000091552734;112,01000213623047;112,04000091552734;2664200;0
706;2018-10-22;112,55000305175781;113,12000274658203;111,27999877929688;111,48999786376953;1559600;0
707;2018-10-23;111,0;112,4000015258789;107,9000015258789;112,3499984741211;4007800;0
708;2018-10-24;112,02999877929688;113,77999877929688;106,95999908447266;107,12999725341797;5159500;0
709;2018-10-25;108,16000366210938;112,37999725341797;108,16000366210938;111,54000091552734;3274400;0
710;2018-10-26;108,62999725341797;114,18000030517578;108,44000244140625;112,7300033569336;3121000;0
711;2018-10-29;113,91999816894531;114,52999877929688;111,19999694824219;112,77999877929688;2868600;0
712;2018-10-30;112,8499984741211;115,37000274658203;112,44999694824219;115,2699966430664;2419800;0
713;2018-10-31;116,33000183105469;118,72000122070312;116,20999908447266;116,88999938964844;2437900;0
714;2018-11-01;118,48999786376953;121,2300033569336;116,0199966430664;121,08999633789062;2471200;0
715;2018-11-02;122,23999786376953;122,97000122070312;119,94000244140625;120,93000030517578;2814100;0
716;2018-11-05;121,30000305175781;121,52999877929688;119,70999908447266;120,68000030517578;2425000;0
717;2018-11-06;115,0;117,4000015258789;112,11000061035156;114,55000305175781;6924600;0
718;2018-11-07;114,81999969482422;117,1500015258789;114,63999938964844;116,13999938964844;2503100;1
719;2018-11-08;115,61000061035156;117,20999908447266;115,26000213623047;116,91000366210938;1810500;0
720;2018-11-09;116,6500015258789;117,62000274658203;116,18000030517578;117,04000091552734;1687500;0
721;2018-11-12;116,55999755859375;117,30999755859375;114,7300033569336;115,06999969482422;1997200;0
722;2018-11-13;115,72000122070312;117,91999816894531;115,69999694824219;116,55000305175781;2381800;0
723;2018-11-14;117,3499984741211;118,0;115,5999984741211;116,30000305175781;1383000;0
724;2018-11-15;115,23999786376953;118,62000274658203;115,02999877929688;118,30999755859375;1596200;1
725;2018-11-16;117,22000122070312;119,31999969482422;117,04000091552734;118,6500015258789;1369300;0
726;2018-11-19;118,44999694824219;118,86000061035156;115,38999938964844;116,5;1696700;0
727;2018-11-20;114,26000213623047;116,29000091552734;113,13999938964844;115,55999755859375;2237700;0
728;2018-11-21;116,0999984741211;118,73999786376953;116,08999633789062;117,16999816894531;1317500;1
729;2018-11-23;116,51000213623047;118,0;115,80000305175781;117,26000213623047;445200;0
730;2018-11-26;118,98999786376953;120,51000213623047;118,27999877929688;119,9000015258789;1284600;0
731;2018-11-27;120,0;120,4000015258789;119,06999969482422;119,97000122070312;1539400;0
732;2018-11-28;119,98999786376953;122,2699966430664;118,5199966430664;122,19000244140625;1497700;0
733;2018-11-29;121,37000274658203;122,83000183105469;120,55000305175781;121,83999633789062;1180700;0
734;2018-11-30;113,5999984741211;116,72000122070312;113,37999725341797;115,02999877929688;9553400;0
735;2018-12-03;116,0;120,08999633789062;115,69000244140625;119,52999877929688;3621000;0
736;2018-12-04;119,0;119,2300033569336;112,91999816894531;113,5;3097500;0
737;2018-12-06;111,68000030517578;115,5;111,11000061035156;115,31999969482422;2921400;0
738;2018-12-07;114,8499984741211;116,25;110,69000244140625;111,25;2637000;0
739;2018-12-10;111,44000244140625;112,3499984741211;109,19999694824219;110,80999755859375;1787200;0
740;2018-12-11;112,33000183105469;112,94000244140625;109,79000091552734;110,02999877929688;2613800;0
741;2018-12-12;110,19000244140625;111,9000015258789;109,97000122070312;110,06999969482422;2615800;0
742;2018-12-13;110,56999969482422;110,9800033569336;108,23999786376953;108,8499984741211;2066600;0
743;2018-12-14;108,0;109,9800033569336;107,37000274658203;107,66000366210938;2241600;0
744;2018-12-17;107,91999816894531;109,33999633789062;106,58000183105469;107,66000366210938;2353400;0
745;2018-12-18;108,70999908447266;109,38999938964844;107,5199966430664;108,23999786376953;1882400;0
746;2018-12-19;108,76000213623047;109,75;105,76000213623047;106,38999938964844;2234000;0
747;2018-12-20;106,23999786376953;106,23999786376953;102,95999908447266;104,19000244140625;4183600;0
748;2018-12-21;104,38999938964844;106,52999877929688;102,30000305175781;102,87999725341797;4319200;0
749;2018-12-24;102,5199966430664;102,98999786376953;100,62000274658203;100,98999786376953;1450100;0
750;2018-12-26;101,69999694824219;105,68000030517578;101,41999816894531;105,58000183105469;2505400;0
751;2018-12-27;104,2699966430664;106,66000366210938;102,80000305175781;106,62999725341797;1630200;0
752;2018-12-28;107,19000244140625;108,5199966430664;106,4000015258789;107,23999786376953;1282000;0
753;2018-12-31;107,61000061035156;108,55999755859375;107,38999938964844;108,55999755859375;1771200;0
754;2019-01-02;106,72000122070312;108,58999633789062;105,29000091552734;107,45999908447266;1802100;0
755;2019-01-03;106,3499984741211;107,0;101,56999969482422;101,73999786376953;3344300;0
756;2019-01-04;103,13999938964844;107,91999816894531;103,13999938964844;107,80999755859375;3045300;0
757;2019-01-07;107,41000366210938;108,87999725341797;105,94999694824219;108,01000213623047;1529000;0
758;2019-01-08;108,86000061035156;110,06999969482422;107,81999969482422;109,76000213623047;1631100;0
759;2019-01-09;109,93000030517578;110,52999877929688;108,58999633789062;109,19999694824219;2750100;0
760;2019-01-10;108,31999969482422;111,16999816894531;108,0;110,05000305175781;1682900;0
761;2019-01-11;109,2699966430664;109,44999694824219;107,33000183105469;109,41999816894531;1819700;0
762;2019-01-14;108,62999725341797;109,0999984741211;107,83000183105469;108,12999725341797;1411400;0
763;2019-01-15;108,27999877929688;110,23999786376953;107,54000091552734;110,18000030517578;1788100;0
764;2019-01-16;109,87000274658203;111,37000274658203;109,08999633789062;109,27999877929688;2817100;0
765;2019-01-17;108,80000305175781;109,88999938964844;108,18000030517578;108,47000122070312;2143900;0
766;2019-01-18;109,80000305175781;109,80000305175781;108,26000213623047;109,05000305175781;2361200;0
767;2019-01-22;108,70999908447266;108,8499984741211;106,0199966430664;107,26000213623047;2799300;1
768;2019-01-23;107,44999694824219;108,37000274658203;106,58000183105469;108,08999633789062;1660300;1
769;2019-01-24;108,05999755859375;108,94999694824219;107,4000015258789;108,23999786376953;769200;1
770;2019-01-25;109,18000030517578;109,93000030517578;107,80999755859375;109,8499984741211;1587700;0
771;2019-01-28;109,11000061035156;110,83999633789062;108,73999786376953;110,52999877929688;1355500;0
772;2019-01-29;110,47000122070312;111,33999633789062;109,9800033569336;111,12000274658203;1186700;0
773;2019-01-30;111,75;113,77999877929688;111,0199966430664;113,63999938964844;2514400;0
774;2019-01-31;113,5999984741211;115,02999877929688;112,68000030517578;114,52999877929688;2281100;0
775;2019-02-01;114,79000091552734;115,19999694824219;114,01000213623047;114,56999969482422;1540800;1
776;2019-02-04;114,68000030517578;115,69000244140625;114,43000030517578;115,6500015258789;1070200;0
777;2019-02-05;115,97000122070312;117,0;115,7699966430664;116,91000366210938;1448900;0
778;2019-02-06;116,7699966430664;117,75;116,66999816894531;117,2699966430664;1555800;2
779;2019-02-07;116,41999816894531;116,83000183105469;114,76000213623047;115,5199966430664;1360000;0
780;2019-02-08;114,58000183105469;115,51000213623047;114,58000183105469;115,4800033569336;1381300;0
781;2019-02-11;115,86000061035156;116,69000244140625;115,45999908447266;115,6500015258789;1022200;0
782;2019-02-12;116,41000366210938;116,7699966430664;114,48999786376953;114,73999786376953;2374500;0
783;2019-02-13;116,0;119,61000061035156;115,93000030517578;118,86000061035156;2296100;0
784;2019-02-14;118,13999938964844;118,80999755859375;116,63999938964844;118,62000274658203;1785400;0
785;2019-02-15;119,80000305175781;121,5999984741211;118,80999755859375;121,05000305175781;2012900;0
786;2019-02-19;120,29000091552734;122,4000015258789;120,1500015258789;122,02999877929688;2625600;1
787;2019-02-20;122,54000091552734;127,2699966430664;121,94999694824219;126,97000122070312;3337600;1
788;2019-02-21;127,04000091552734;128,25;125,44999694824219;127,37000274658203;2893000;0
789;2019-02-22;127,93000030517578;129,72000122070312;127,56999969482422;128,83999633789062;2085700;0
790;2019-02-25;129,69000244140625;130,16000366210938;128,4199981689453;128,47999572753906;2325100;0
791;2019-02-26;128,19000244140625;129,89999389648438;128,1699981689453;128,57000732421875;1979200;0
792;2019-02-27;127,6500015258789;128,63999938964844;126,63999938964844;126,93000030517578;2168600;0
793;2019-02-28;126,76000213623047;127,0;125,01000213623047;125,2699966430664;3312900;2
794;2019-03-01;125,48999786376953;126,55000305175781;122,2300033569336;124,44999694824219;4407900;0
795;2019-03-04;126,48999786376953;126,48999786376953;122,33999633789062;123,94000244140625;2095100;0
796;2019-03-05;124,0;125,56999969482422;124,0;125,22000122070312;1797400;0
797;2019-03-06;125,18000030517578;125,83999633789062;124,81999969482422;125,12000274658203;1644400;2
798;2019-03-07;125,12999725341797;125,16000366210938;122,06999969482422;122,22000122070312;2043300;0
799;2019-03-08;121,19000244140625;121,54000091552734;119,98999786376953;120,69999694824219;2261300;0
800;2019-03-11;120,86000061035156;121,16999816894531;120,11000061035156;120,25;2193300;0
801;2019-03-12;120,5;121,58999633789062;119,0999984741211;120,69000244140625;2185300;0
802;2019-03-13;121,13999938964844;122,66000366210938;120,01000213623047;120,19000244140625;3071900;0
803;2019-03-14;120,0;120,52999877929688;118,98999786376953;119,62000274658203;2363600;0
804;2019-03-15;120,0199966430664;124,83000183105469;119,88999938964844;122,31999969482422;3601300;0
805;2019-03-18;124,98999786376953;125,97000122070312;123,83000183105469;124,95999908447266;2436700;0
806;2019-03-19;124,97000122070312;126,72000122070312;124,66000366210938;125,75;2352400;2
807;2019-03-20;125,38999938964844;125,7300033569336;123,54000091552734;123,66999816894531;1927600;0
808;2019-03-21;123,37000274658203;125,18000030517578;122,9800033569336;125,05999755859375;1710600;0
809;2019-03-22;124,37000274658203;124,91000366210938;123,41999816894531;124,5;3400700;0
810;2019-03-25;124,01000213623047;124,44999694824219;123,12999725341797;123,66000366210938;1493700;0
811;2019-03-26;122,88999938964844;124,5999984741211;122,7300033569336;123,55999755859375;1722600;0
812;2019-03-27;123,72000122070312;123,72000122070312;121,33000183105469;122,16999816894531;1924900;0
813;2019-03-28;122,27999877929688;124,36000061035156;122,27999877929688;124,08000183105469;1496300;1
814;2019-03-29;124,01000213623047;125,45999908447266;123,87000274658203;125,08999633789062;2175100;0
815;2019-04-01;126,23999786376953;127,58999633789062;125,8499984741211;127,44999694824219;1383400;0
816;2019-04-02;127,2300033569336;128,60000610351562;126,51000213623047;128,5;1783100;0
817;2019-04-03;129,4499969482422;131,85000610351562;128,72000122070312;131,58999633789062;2218400;0
818;2019-04-04;131,5500030517578;132,5;131,1300048828125;132,1999969482422;2269000;0
819;2019-04-05;132,57000732421875;134,80999755859375;132,32000732421875;134,05999755859375;2210300;0
820;2019-04-08;133,8800048828125;134,9600067138672;133,47000122070312;134,91000366210938;1866700;0
821;2019-04-09;134,1300048828125;134,9499969482422;132,27000427246094;132,64999389648438;1689000;0
822;2019-04-10;132,99000549316406;133,17999267578125;132,3000030517578;132,75;1476700;0
823;2019-04-11;133,4199981689453;133,82000732421875;132,72000122070312;133,25;1245200;0
824;2019-04-12;133,49000549316406;134,74000549316406;133,25999450683594;134,64999389648438;1163900;0
825;2019-04-15;134,5;134,97000122070312;133,10000610351562;134,3699951171875;657400;0
826;2019-04-16;134,39999389648438;135,91000366210938;134,3699951171875;135,8000030517578;979900;0
827;2019-04-17;136,27000427246094;136,94000244140625;135,64999389648438;135,92999267578125;1111300;0
828;2019-04-18;136,74000549316406;136,74000549316406;133,49000549316406;134,41000366210938;1378300;2
829;2019-04-22;133,64999389648438;136,16000366210938;133,3300018310547;135,86000061035156;1182300;0
830;2019-04-23;136,27999877929688;136,7899932861328;135,44000244140625;136,27999877929688;1036900;0
831;2019-04-24;134,66000366210938;136,0399932861328;134,66000366210938;135,47999572753906;1232500;1
832;2019-04-25;134,9199981689453;136,1999969482422;134,11000061035156;135,67999267578125;926100;0
833;2019-04-26;136,25;137,02999877929688;135,57000732421875;136,4499969482422;837500;0
834;2019-04-29;136,4499969482422;137,10000610351562;135,82000732421875;135,97000122070312;1144500;0
835;2019-04-30;136,35000610351562;136,8300018310547;135,27999877929688;136,4199981689453;1259700;0
836;2019-05-01;137,8000030517578;140,3699951171875;137,55999755859375;138,86000061035156;1632100;0
837;2019-05-02;138,5500030517578;139,05999755859375;135,72000122070312;136,88999938964844;1155500;0
838;2019-05-03;137,7899932861328;140,27999877929688;137,27999877929688;140,13999938964844;1076700;2
839;2019-05-06;137,4600067138672;138,1699981689453;136,5800018310547;137,75;1415300;0
840;2019-05-07;136,16000366210938;137,10000610351562;134,07000732421875;135,14999389648438;1547000;0
841;2019-05-08;134,4199981689453;135,3800048828125;133,60000610351562;134,77000427246094;1244700;0
842;2019-05-09;133,92999267578125;136,1699981689453;132,7899932861328;135,47000122070312;1913700;0
843;2019-05-10;130,8800048828125;132,11000061035156;127,69999694824219;131,7100067138672;4463200;2
844;2019-05-13;129,47000122070312;129,77999877929688;125,72000122070312;126,01000213623047;2392100;0
845;2019-05-14;126,68000030517578;130,97000122070312;126,30999755859375;129,8699951171875;2273400;0
846;2019-05-15;128,7899932861328;132,3300018310547;127,2699966430664;131,8300018310547;1907900;0
847;2019-05-16;132,07000732421875;133,2899932861328;130,9600067138672;132,50999450683594;1818400;0
848;2019-05-17;132,14999389648438;133,1699981689453;130,8699951171875;130,91000366210938;1653500;1
849;2019-05-20;128,75;129,58999633789062;127,48999786376953;127,86000061035156;1591800;0
850;2019-05-21;128,7100067138672;129,64999389648438;128,07000732421875;129,42999267578125;1780100;0
851;2019-05-22;128,8300018310547;129,1999969482422;127,62999725341797;127,7699966430664;1620100;2
852;2019-05-23;125,9800033569336;126,0999984741211;123,52999877929688;123,91000366210938;2227100;0
853;2019-05-24;124,62999725341797;125,73999786376953;124,37999725341797;125,0;1357100;0
854;2019-05-28;125,1500015258789;125,5;123,62999725341797;123,69999694824219;3209100;0
855;2019-05-29;123,29000091552734;124,62999725341797;122,5199966430664;124,41999816894531;1321900;0
856;2019-05-30;124,70999908447266;125,5999984741211;123,81999969482422;124,6500015258789;1116200;0
857;2019-05-31;123,44999694824219;125,56999969482422;122,45999908447266;124,83999633789062;2000000;0
858;2019-06-03;124,76000213623047;125,2699966430664;123,45999908447266;124,36000061035156;2263500;0
859;2019-06-04;126,30000305175781;128,24000549316406;125,51000213623047;128,17999267578125;1796000;0
860;2019-06-05;128,5500030517578;128,6300048828125;126,44000244140625;127,55000305175781;1422600;0
861;2019-06-06;127,62000274658203;129,00999450683594;126,95999908447266;128,60000610351562;1355300;0
862;2019-06-07;129,5;133,02999877929688;129,0;132,52000427246094;1458500;0
863;2019-06-10;133,1300048828125;134,75999450683594;132,47000122070312;132,75;1315500;0
864;2019-06-11;134,13999938964844;135,47000122070312;133,2100067138672;134,52000427246094;1387500;0
865;2019-06-12;134,8699951171875;135,4199981689453;132,67999267578125;132,6999969482422;1184300;0
866;2019-06-13;133,25999450683594;134,3300018310547;132,02999877929688;133,6199951171875;1115900;0
867;2019-06-14;133,6300048828125;134,02999877929688;132,1699981689453;133,67999267578125;872500;0
868;2019-06-17;134,0399932861328;134,11000061035156;132,5800018310547;132,85000610351562;1263600;0
869;2019-06-18;135,0;136,3000030517578;133,85000610351562;134,9600067138672;1531600;1
870;2019-06-19;135,0;135,83999633789062;134,08999633789062;135,67999267578125;1222300;0
871;2019-06-20;136,89999389648438;138,4199981689453;136,4600067138672;137,19000244140625;1582700;0
872;2019-06-21;136,5399932861328;138,0500030517578;136,0399932861328;137,07000732421875;2353500;1
873;2019-06-24;137,39999389648438;137,97999572753906;136,38999938964844;136,75999450683594;1095200;0
874;2019-06-25;136,7100067138672;136,72999572753906;132,74000549316406;133,27999877929688;1729600;0
875;2019-06-26;134,14999389648438;136,25999450683594;133,6999969482422;135,64999389648438;1546300;0
876;2019-06-27;135,9199981689453;138,8300018310547;135,91000366210938;138,2899932861328;1865200;0
877;2019-06-28;138,4499969482422;140,4600067138672;138,14999389648438;140,2899932861328;3030300;0
878;2019-07-01;142,41000366210938;142,89999389648438;140,77999877929688;141,22999572753906;1824200;0
879;2019-07-02;140,80999755859375;141,27000427246094;139,25;141,25999450683594;986400;0
880;2019-07-03;141,7899932861328;142,08999633789062;141,08999633789062;141,75;650500;0
881;2019-07-05;140,88999938964844;142,17999267578125;139,6300048828125;142,00999450683594;1274100;0
882;2019-07-08;141,74000549316406;141,74000549316406;140,02000427246094;141,3000030517578;1166400;2
883;2019-07-09;138,6300048828125;139,61000061035156;137,85000610351562;139,52000427246094;1808000;0
884;2019-07-10;139,42999267578125;141,6199951171875;139,0;141,57000732421875;1956800;0
885;2019-07-11;142,25;142,25;140,6999969482422;141,89999389648438;1290500;0
886;2019-07-12;142,22999572753906;142,75;141,63999938964844;142,5500030517578;1057900;0
887;2019-07-15;142,0800018310547;142,8800048828125;140,8800048828125;142,77999877929688;1656100;0
888;2019-07-16;142,99000549316406;144,24000549316406;142,60000610351562;143,9600067138672;1023500;0
889;2019-07-17;143,94000244140625;143,94000244140625;141,14999389648438;141,24000549316406;1229400;0
890;2019-07-18;140,67999267578125;140,85000610351562;138,67999267578125;139,8000030517578;1597400;0
891;2019-07-19;140,22999572753906;140,22999572753906;137,6300048828125;137,72999572753906;1549800;0
892;2019-07-22;137,5;137,7899932861328;135,38999938964844;136,05999755859375;1998100;0
893;2019-07-23;137,32000732421875;140,8800048828125;136,11000061035156;140,69000244140625;2288100;0
894;2019-07-24;140,0800018310547;140,52999877929688;137,75;139,7899932861328;1730000;0
895;2019-07-25;139,66000366210938;141,74000549316406;139,30999755859375;140,72000122070312;1395500;0
896;2019-07-26;141,2899932861328;141,33999633789062;139,9199981689453;140,27000427246094;1235200;0
897;2019-07-29;139,94000244140625;141,58999633789062;139,4600067138672;141,22999572753906;1113900;0
898;2019-07-30;140,3300018310547;141,4600067138672;139,8800048828125;140,80999755859375;947500;2
899;2019-07-31;140,97999572753906;141,22999572753906;137,8000030517578;139,05999755859375;1551600;0
900;2019-08-01;138,99000549316406;140,49000549316406;136,5;136,8699951171875;1268700;0
901;2019-08-02;136,75999450683594;137,24000549316406;135,4499969482422;135,97999572753906;1098700;0
902;2019-08-05;134,08999633789062;134,52999877929688;129,86000061035156;130,33999633789062;3161900;2
903;2019-08-06;126,58000183105469;132,4499969482422;126,30000305175781;128,49000549316406;3932500;0
904;2019-08-07;126,2699966430664;128,91000366210938;124,7699966430664;127,81999969482422;2447900;0
905;2019-08-08;129,11000061035156;131,05999755859375;128,22000122070312;130,33999633789062;1651000;0
906;2019-08-09;131,33999633789062;132,97999572753906;129,72999572753906;132,4600067138672;2304400;0
907;2019-08-12;131,1999969482422;131,75;129,83999633789062;130,00999450683594;2305300;0
908;2019-08-13;130,19000244140625;133,22999572753906;130,00999450683594;132,41000366210938;1610200;0
909;2019-08-14;130,36000061035156;131,92999267578125;126,2300033569336;126,8499984741211;2103300;0
910;2019-08-15;128,88999938964844;129,27999877929688;126,0199966430664;126,69999694824219;1945200;0
911;2019-08-16;127,94000244140625;129,25999450683594;127,33000183105469;128,82000732421875;1269600;0
912;2019-08-19;130,88999938964844;131,24000549316406;129,9600067138672;130,57000732421875;1289300;0
913;2019-08-20;130,02999877929688;131,60000610351562;129,72999572753906;130,67999267578125;979800;0
914;2019-08-21;131,5800018310547;131,64999389648438;128,0;128,35000610351562;1646600;0
915;2019-08-22;128,8300018310547;129,42999267578125;126,97000122070312;128,1199951171875;963900;0
916;2019-08-23;127,26000213623047;127,91999816894531;124,66999816894531;125,0999984741211;1736100;0
917;2019-08-26;126,43000030517578;126,86000061035156;125,37000274658203;126,2300033569336;1263400;0
918;2019-08-27;127,0199966430664;127,19999694824219;125,26000213623047;125,3499984741211;1214800;0
919;2019-08-28;125,16999816894531;125,94000244140625;124,66000366210938;125,33999633789062;1892200;0
920;2019-08-29;127,19999694824219;127,45999908447266;125,37999725341797;125,7300033569336;1701900;0
921;2019-08-30;126,30000305175781;127,61000061035156;125,79000091552734;126,05999755859375;1871600;0
922;2019-09-03;124,94000244140625;124,94000244140625;123,62999725341797;124,2699966430664;1895000;1
923;2019-09-04;125,61000061035156;126,02999877929688;124,91999816894531;125,69000244140625;2471500;1
924;2019-09-05;126,88999938964844;128,8699951171875;125,91999816894531;128,4600067138672;2941800;0
925;2019-09-06;128,5;129,77999877929688;128,0500030517578;129,42999267578125;1120200;0
926;2019-09-09;129,7899932861328;129,9499969482422;128,36000061035156;129,91000366210938;1291100;0
927;2019-09-10;130,0;131,7100067138672;128,6699981689453;131,69000244140625;1259000;1
928;2019-09-11;131,38999938964844;133,58999633789062;130,8300018310547;133,08999633789062;1613900;0
929;2019-09-12;133,5;134,3699951171875;132,38999938964844;132,50999450683594;1080100;0
930;2019-09-13;132,97999572753906;135,4600067138672;132,55999755859375;133,99000549316406;1168300;0
931;2019-09-16;132,8000030517578;132,8000030517578;130,17999267578125;130,47999572753906;1310600;0
932;2019-09-17;130,67999267578125;131,42999267578125;129,77999877929688;130,55999755859375;877400;0
